﻿{
  "1": "NgânhàngÁChâu/ACB",
  "2": "NgânhàngTiênPhong/TPBank",
  "3": "NgânhàngĐôngÁ/DAF",
  "4": "NgânhàngĐôngNamÁ/SeABank",
  "5": "NgânhàngAnBình/ABBANK",
  "6": "NgânhàngBắcÁ/BacABank",
  "7": "NgânhàngBảnViệt/VietCapitalBank",
  "8": "HàngHảiViệtNam/MaritimeBank/MSB",
  "9": "KỹThươngViệtNam/Techcombank",
  "10": "KiênLong/KienLongBank",
  "11": "NamÁ/NamABank",
  "12": "QuốcDân/NationalCitizenBank/NCB",
  "13": "ViệtNamThịnhVượng/VPBank",
  "14": "PháttriểnnhàThànhphốHồChíMinh/HDBank",
  "15": "PhươngĐông/OrientCommercialBank/OCB",
  "16": "Quânđội/MilitaryBank/MBB",
  "17": "Đạichúng/PVcomBank",
  "18": "Quốctế/VIBBank/VIB",
  "19": "SàiGòn/SàiGòn/SCB",
  "20": "SàiGònCôngThương/Saigonbank/SGB",
  "21": "SàiGòn-HàNội/SHBank/SHB",
  "22": "SàiGònThươngTín/Sacombank/STB",
  "23": "ViệtÁ/VietABank/VAB",
  "24": "BảoViệt/BaoVietBank/BVB",
  "25": "ViệtNamThươngTín/VietBank",
  "26": "XăngdầuPetrolimex/PetrolimexGroupBank/PGBank",
  "27": "XuấtNhậpkhẩuViệtNam/Eximbank/EIB",
  "28": "BưuđiệnLiênViệt/LienVietPostBank/LPB",
  "29": "NgoạithươngViệtNam/NgoạiThươngViệtNam/VCB",
  "30": "CôngThươngViệtNam/VietinBank/CTG",
  "31": "ĐầutưvàPháttriểnViệtNam/BIDV/BID"
}