﻿{
  "1": "Kinh",
  "2": "Tày",
  "3": "Thái",
  "4": "Mường",
  "5": "Khơ-Me",
  "6": "H'Mông",
  "7": "Nùng",
  "8": "Hoa",
  "9": "Dao",
  "10": "Gia-Rai",
  "11": "Ê-Đê",
  "12": "Ba-Na",
  "13": "Xơ-Đăng",
  "14": "Sán-Chay",
  "15": "Cơ-Ho",
  "16": "Chăm",
  "17": "Sán-Dìu",
  "18": "Hrê",
  "19": "Ra-Glai",
  "20": "M'Nông",
  "21": "X’Tiêng",
  "22": "Bru-Vân-Kiều",
  "23": "Thổ",
  "24": "Khơ-Mú",
  "25": "Cơ-Tu",
  "26": "Giáy",
  "27": "Giẻ-Triêng",
  "28": "Tà-Ôi",
  "29": "Mạ",
  "30": "Co",
  "31": "Chơ-Ro",
  "32": "Xinh-Mun",
  "33": "Hà-Nhì",
  "34": "Chu-Ru",
  "35": "Lào",
  "36": "Kháng",
  "37": "La-Chí",
  "38": "Phù-Lá",
  "39": "La-Hủ",
  "40": "La-Ha",
  "41": "Pà-Thẻn",
  "42": "Chứt",
  "43": "Lự",
  "44": "Lô-Lô",
  "45": "Mảng",
  "46": "Cờ-Lao",
  "47": "Bố-Y",
  "48": "Cống",
  "49": "Ngái",
  "50": "Si-La",
  "51": "Pu-Péo",
  "52": "Rơ-măm",
  "53": "Brâu",
  "54": "Ơ-Đu"
}