{
    "00037": {
        "name": "Phúc Tân",
        "type": "phuong",
        "slug": "phuc-tan",
        "name_with_type": "Phường Phúc Tân",
        "path": "Phúc Tân, Hoàn Kiếm, Hà Nội",
        "path_with_type": "Phường Phúc Tân, Quận Hoàn Kiếm, Thành phố Hà Nội",
        "code": "00037",
        "parent_code": "002"
    },
    "00040": {
        "name": "Đồng Xuân",
        "type": "phuong",
        "slug": "dong-xuan",
        "name_with_type": "Phường Đồng Xuân",
        "path": "Đồng Xuân, Hoàn Kiếm, Hà Nội",
        "path_with_type": "Phường Đồng Xuân, Quận Hoàn Kiếm, Thành phố Hà Nội",
        "code": "00040",
        "parent_code": "002"
    },
    "00043": {
        "name": "Hàng Mã",
        "type": "phuong",
        "slug": "hang-ma",
        "name_with_type": "Phường Hàng Mã",
        "path": "Hàng Mã, Hoàn Kiếm, Hà Nội",
        "path_with_type": "Phường Hàng Mã, Quận Hoàn Kiếm, Thành phố Hà Nội",
        "code": "00043",
        "parent_code": "002"
    },
    "00046": {
        "name": "Hàng Buồm",
        "type": "phuong",
        "slug": "hang-buom",
        "name_with_type": "Phường Hàng Buồm",
        "path": "Hàng Buồm, Hoàn Kiếm, Hà Nội",
        "path_with_type": "Phường Hàng Buồm, Quận Hoàn Kiếm, Thành phố Hà Nội",
        "code": "00046",
        "parent_code": "002"
    },
    "00049": {
        "name": "Hàng Đào",
        "type": "phuong",
        "slug": "hang-dao",
        "name_with_type": "Phường Hàng Đào",
        "path": "Hàng Đào, Hoàn Kiếm, Hà Nội",
        "path_with_type": "Phường Hàng Đào, Quận Hoàn Kiếm, Thành phố Hà Nội",
        "code": "00049",
        "parent_code": "002"
    },
    "00052": {
        "name": "Hàng Bồ",
        "type": "phuong",
        "slug": "hang-bo",
        "name_with_type": "Phường Hàng Bồ",
        "path": "Hàng Bồ, Hoàn Kiếm, Hà Nội",
        "path_with_type": "Phường Hàng Bồ, Quận Hoàn Kiếm, Thành phố Hà Nội",
        "code": "00052",
        "parent_code": "002"
    },
    "00055": {
        "name": "Cửa Đông",
        "type": "phuong",
        "slug": "cua-dong",
        "name_with_type": "Phường Cửa Đông",
        "path": "Cửa Đông, Hoàn Kiếm, Hà Nội",
        "path_with_type": "Phường Cửa Đông, Quận Hoàn Kiếm, Thành phố Hà Nội",
        "code": "00055",
        "parent_code": "002"
    },
    "00058": {
        "name": "Lý Thái Tổ",
        "type": "phuong",
        "slug": "ly-thai-to",
        "name_with_type": "Phường Lý Thái Tổ",
        "path": "Lý Thái Tổ, Hoàn Kiếm, Hà Nội",
        "path_with_type": "Phường Lý Thái Tổ, Quận Hoàn Kiếm, Thành phố Hà Nội",
        "code": "00058",
        "parent_code": "002"
    },
    "00061": {
        "name": "Hàng Bạc",
        "type": "phuong",
        "slug": "hang-bac",
        "name_with_type": "Phường Hàng Bạc",
        "path": "Hàng Bạc, Hoàn Kiếm, Hà Nội",
        "path_with_type": "Phường Hàng Bạc, Quận Hoàn Kiếm, Thành phố Hà Nội",
        "code": "00061",
        "parent_code": "002"
    },
    "00064": {
        "name": "Hàng Gai",
        "type": "phuong",
        "slug": "hang-gai",
        "name_with_type": "Phường Hàng Gai",
        "path": "Hàng Gai, Hoàn Kiếm, Hà Nội",
        "path_with_type": "Phường Hàng Gai, Quận Hoàn Kiếm, Thành phố Hà Nội",
        "code": "00064",
        "parent_code": "002"
    },
    "00067": {
        "name": "Chương Dương Độ",
        "type": "phuong",
        "slug": "chuong-duong-do",
        "name_with_type": "Phường Chương Dương Độ",
        "path": "Chương Dương Độ, Hoàn Kiếm, Hà Nội",
        "path_with_type": "Phường Chương Dương Độ, Quận Hoàn Kiếm, Thành phố Hà Nội",
        "code": "00067",
        "parent_code": "002"
    },
    "00070": {
        "name": "Hàng Trống",
        "type": "phuong",
        "slug": "hang-trong",
        "name_with_type": "Phường Hàng Trống",
        "path": "Hàng Trống, Hoàn Kiếm, Hà Nội",
        "path_with_type": "Phường Hàng Trống, Quận Hoàn Kiếm, Thành phố Hà Nội",
        "code": "00070",
        "parent_code": "002"
    },
    "00073": {
        "name": "Cửa Nam",
        "type": "phuong",
        "slug": "cua-nam",
        "name_with_type": "Phường Cửa Nam",
        "path": "Cửa Nam, Hoàn Kiếm, Hà Nội",
        "path_with_type": "Phường Cửa Nam, Quận Hoàn Kiếm, Thành phố Hà Nội",
        "code": "00073",
        "parent_code": "002"
    },
    "00076": {
        "name": "Hàng Bông",
        "type": "phuong",
        "slug": "hang-bong",
        "name_with_type": "Phường Hàng Bông",
        "path": "Hàng Bông, Hoàn Kiếm, Hà Nội",
        "path_with_type": "Phường Hàng Bông, Quận Hoàn Kiếm, Thành phố Hà Nội",
        "code": "00076",
        "parent_code": "002"
    },
    "00079": {
        "name": "Tràng Tiền",
        "type": "phuong",
        "slug": "trang-tien",
        "name_with_type": "Phường Tràng Tiền",
        "path": "Tràng Tiền, Hoàn Kiếm, Hà Nội",
        "path_with_type": "Phường Tràng Tiền, Quận Hoàn Kiếm, Thành phố Hà Nội",
        "code": "00079",
        "parent_code": "002"
    },
    "00082": {
        "name": "Trần Hưng Đạo",
        "type": "phuong",
        "slug": "tran-hung-dao",
        "name_with_type": "Phường Trần Hưng Đạo",
        "path": "Trần Hưng Đạo, Hoàn Kiếm, Hà Nội",
        "path_with_type": "Phường Trần Hưng Đạo, Quận Hoàn Kiếm, Thành phố Hà Nội",
        "code": "00082",
        "parent_code": "002"
    },
    "00085": {
        "name": "Phan Chu Trinh",
        "type": "phuong",
        "slug": "phan-chu-trinh",
        "name_with_type": "Phường Phan Chu Trinh",
        "path": "Phan Chu Trinh, Hoàn Kiếm, Hà Nội",
        "path_with_type": "Phường Phan Chu Trinh, Quận Hoàn Kiếm, Thành phố Hà Nội",
        "code": "00085",
        "parent_code": "002"
    },
    "00088": {
        "name": "Hàng Bài",
        "type": "phuong",
        "slug": "hang-bai",
        "name_with_type": "Phường Hàng Bài",
        "path": "Hàng Bài, Hoàn Kiếm, Hà Nội",
        "path_with_type": "Phường Hàng Bài, Quận Hoàn Kiếm, Thành phố Hà Nội",
        "code": "00088",
        "parent_code": "002"
    }
}