{
    "00178": {
        "name": "Cát Linh",
        "type": "phuong",
        "slug": "cat-linh",
        "name_with_type": "Phường Cát Linh",
        "path": "Cát Linh, Đống Đa, Hà Nội",
        "path_with_type": "Phường Cát Linh, Quận Đống Đa, Thành phố Hà Nội",
        "code": "00178",
        "parent_code": "006"
    },
    "00181": {
        "name": "Văn Miếu",
        "type": "phuong",
        "slug": "van-mieu",
        "name_with_type": "Phường Văn Miếu",
        "path": "Văn Miếu, Đống Đa, Hà Nội",
        "path_with_type": "Phường Văn Miếu, Quận Đống Đa, Thành phố Hà Nội",
        "code": "00181",
        "parent_code": "006"
    },
    "00184": {
        "name": "Quốc Tử Giám",
        "type": "phuong",
        "slug": "quoc-tu-giam",
        "name_with_type": "Phường Quốc Tử Giám",
        "path": "Quốc Tử Giám, Đống Đa, Hà Nội",
        "path_with_type": "Phường Quốc Tử Giám, Quận Đống Đa, Thành phố Hà Nội",
        "code": "00184",
        "parent_code": "006"
    },
    "00187": {
        "name": "Láng Thượng",
        "type": "phuong",
        "slug": "lang-thuong",
        "name_with_type": "Phường Láng Thượng",
        "path": "Láng Thượng, Đống Đa, Hà Nội",
        "path_with_type": "Phường Láng Thượng, Quận Đống Đa, Thành phố Hà Nội",
        "code": "00187",
        "parent_code": "006"
    },
    "00190": {
        "name": "Ô Chợ Dừa",
        "type": "phuong",
        "slug": "o-cho-dua",
        "name_with_type": "Phường Ô Chợ Dừa",
        "path": "Ô Chợ Dừa, Đống Đa, Hà Nội",
        "path_with_type": "Phường Ô Chợ Dừa, Quận Đống Đa, Thành phố Hà Nội",
        "code": "00190",
        "parent_code": "006"
    },
    "00193": {
        "name": "Văn Chương",
        "type": "phuong",
        "slug": "van-chuong",
        "name_with_type": "Phường Văn Chương",
        "path": "Văn Chương, Đống Đa, Hà Nội",
        "path_with_type": "Phường Văn Chương, Quận Đống Đa, Thành phố Hà Nội",
        "code": "00193",
        "parent_code": "006"
    },
    "00196": {
        "name": "Hàng Bột",
        "type": "phuong",
        "slug": "hang-bot",
        "name_with_type": "Phường Hàng Bột",
        "path": "Hàng Bột, Đống Đa, Hà Nội",
        "path_with_type": "Phường Hàng Bột, Quận Đống Đa, Thành phố Hà Nội",
        "code": "00196",
        "parent_code": "006"
    },
    "00199": {
        "name": "Láng Hạ",
        "type": "phuong",
        "slug": "lang-ha",
        "name_with_type": "Phường Láng Hạ",
        "path": "Láng Hạ, Đống Đa, Hà Nội",
        "path_with_type": "Phường Láng Hạ, Quận Đống Đa, Thành phố Hà Nội",
        "code": "00199",
        "parent_code": "006"
    },
    "00202": {
        "name": "Khâm Thiên",
        "type": "phuong",
        "slug": "kham-thien",
        "name_with_type": "Phường Khâm Thiên",
        "path": "Khâm Thiên, Đống Đa, Hà Nội",
        "path_with_type": "Phường Khâm Thiên, Quận Đống Đa, Thành phố Hà Nội",
        "code": "00202",
        "parent_code": "006"
    },
    "00205": {
        "name": "Thổ Quan",
        "type": "phuong",
        "slug": "tho-quan",
        "name_with_type": "Phường Thổ Quan",
        "path": "Thổ Quan, Đống Đa, Hà Nội",
        "path_with_type": "Phường Thổ Quan, Quận Đống Đa, Thành phố Hà Nội",
        "code": "00205",
        "parent_code": "006"
    },
    "00208": {
        "name": "Nam Đồng",
        "type": "phuong",
        "slug": "nam-dong",
        "name_with_type": "Phường Nam Đồng",
        "path": "Nam Đồng, Đống Đa, Hà Nội",
        "path_with_type": "Phường Nam Đồng, Quận Đống Đa, Thành phố Hà Nội",
        "code": "00208",
        "parent_code": "006"
    },
    "00211": {
        "name": "Trung Phụng",
        "type": "phuong",
        "slug": "trung-phung",
        "name_with_type": "Phường Trung Phụng",
        "path": "Trung Phụng, Đống Đa, Hà Nội",
        "path_with_type": "Phường Trung Phụng, Quận Đống Đa, Thành phố Hà Nội",
        "code": "00211",
        "parent_code": "006"
    },
    "00214": {
        "name": "Quang Trung",
        "type": "phuong",
        "slug": "quang-trung",
        "name_with_type": "Phường Quang Trung",
        "path": "Quang Trung, Đống Đa, Hà Nội",
        "path_with_type": "Phường Quang Trung, Quận Đống Đa, Thành phố Hà Nội",
        "code": "00214",
        "parent_code": "006"
    },
    "00217": {
        "name": "Trung Liệt",
        "type": "phuong",
        "slug": "trung-liet",
        "name_with_type": "Phường Trung Liệt",
        "path": "Trung Liệt, Đống Đa, Hà Nội",
        "path_with_type": "Phường Trung Liệt, Quận Đống Đa, Thành phố Hà Nội",
        "code": "00217",
        "parent_code": "006"
    },
    "00220": {
        "name": "Phương Liên",
        "type": "phuong",
        "slug": "phuong-lien",
        "name_with_type": "Phường Phương Liên",
        "path": "Phương Liên, Đống Đa, Hà Nội",
        "path_with_type": "Phường Phương Liên, Quận Đống Đa, Thành phố Hà Nội",
        "code": "00220",
        "parent_code": "006"
    },
    "00223": {
        "name": "Thịnh Quang",
        "type": "phuong",
        "slug": "thinh-quang",
        "name_with_type": "Phường Thịnh Quang",
        "path": "Thịnh Quang, Đống Đa, Hà Nội",
        "path_with_type": "Phường Thịnh Quang, Quận Đống Đa, Thành phố Hà Nội",
        "code": "00223",
        "parent_code": "006"
    },
    "00226": {
        "name": "Trung Tự",
        "type": "phuong",
        "slug": "trung-tu",
        "name_with_type": "Phường Trung Tự",
        "path": "Trung Tự, Đống Đa, Hà Nội",
        "path_with_type": "Phường Trung Tự, Quận Đống Đa, Thành phố Hà Nội",
        "code": "00226",
        "parent_code": "006"
    },
    "00229": {
        "name": "Kim Liên",
        "type": "phuong",
        "slug": "kim-lien",
        "name_with_type": "Phường Kim Liên",
        "path": "Kim Liên, Đống Đa, Hà Nội",
        "path_with_type": "Phường Kim Liên, Quận Đống Đa, Thành phố Hà Nội",
        "code": "00229",
        "parent_code": "006"
    },
    "00232": {
        "name": "Phương Mai",
        "type": "phuong",
        "slug": "phuong-mai",
        "name_with_type": "Phường Phương Mai",
        "path": "Phương Mai, Đống Đa, Hà Nội",
        "path_with_type": "Phường Phương Mai, Quận Đống Đa, Thành phố Hà Nội",
        "code": "00232",
        "parent_code": "006"
    },
    "00235": {
        "name": "Ngã Tư Sở",
        "type": "phuong",
        "slug": "nga-tu-so",
        "name_with_type": "Phường Ngã Tư Sở",
        "path": "Ngã Tư Sở, Đống Đa, Hà Nội",
        "path_with_type": "Phường Ngã Tư Sở, Quận Đống Đa, Thành phố Hà Nội",
        "code": "00235",
        "parent_code": "006"
    },
    "00238": {
        "name": "Khương Thượng",
        "type": "phuong",
        "slug": "khuong-thuong",
        "name_with_type": "Phường Khương Thượng",
        "path": "Khương Thượng, Đống Đa, Hà Nội",
        "path_with_type": "Phường Khương Thượng, Quận Đống Đa, Thành phố Hà Nội",
        "code": "00238",
        "parent_code": "006"
    }
}