{
    "00526": {
        "name": "Yên Viên",
        "type": "thi-tran",
        "slug": "yen-vien",
        "name_with_type": "Thị trấn Yên Viên",
        "path": "Yên Viên, Gia Lâm, Hà Nội",
        "path_with_type": "Thị trấn Yên Viên, Huyện Gia Lâm, Thành phố Hà Nội",
        "code": "00526",
        "parent_code": "018"
    },
    "00529": {
        "name": "Yên Thường",
        "type": "xa",
        "slug": "yen-thuong",
        "name_with_type": "Xã Yên Thường",
        "path": "Yên Thường, Gia Lâm, Hà Nội",
        "path_with_type": "Xã Yên Thường, Huyện Gia Lâm, Thành phố Hà Nội",
        "code": "00529",
        "parent_code": "018"
    },
    "00532": {
        "name": "Yên Viên",
        "type": "xa",
        "slug": "yen-vien",
        "name_with_type": "Xã Yên Viên",
        "path": "Yên Viên, Gia Lâm, Hà Nội",
        "path_with_type": "Xã Yên Viên, Huyện Gia Lâm, Thành phố Hà Nội",
        "code": "00532",
        "parent_code": "018"
    },
    "00535": {
        "name": "Ninh Hiệp",
        "type": "xa",
        "slug": "ninh-hiep",
        "name_with_type": "Xã Ninh Hiệp",
        "path": "Ninh Hiệp, Gia Lâm, Hà Nội",
        "path_with_type": "Xã Ninh Hiệp, Huyện Gia Lâm, Thành phố Hà Nội",
        "code": "00535",
        "parent_code": "018"
    },
    "00538": {
        "name": "Đình Xuyên",
        "type": "xa",
        "slug": "dinh-xuyen",
        "name_with_type": "Xã Đình Xuyên",
        "path": "Đình Xuyên, Gia Lâm, Hà Nội",
        "path_with_type": "Xã Đình Xuyên, Huyện Gia Lâm, Thành phố Hà Nội",
        "code": "00538",
        "parent_code": "018"
    },
    "00541": {
        "name": "Dương Hà",
        "type": "xa",
        "slug": "duong-ha",
        "name_with_type": "Xã Dương Hà",
        "path": "Dương Hà, Gia Lâm, Hà Nội",
        "path_with_type": "Xã Dương Hà, Huyện Gia Lâm, Thành phố Hà Nội",
        "code": "00541",
        "parent_code": "018"
    },
    "00544": {
        "name": "Phù Đổng",
        "type": "xa",
        "slug": "phu-dong",
        "name_with_type": "Xã Phù Đổng",
        "path": "Phù Đổng, Gia Lâm, Hà Nội",
        "path_with_type": "Xã Phù Đổng, Huyện Gia Lâm, Thành phố Hà Nội",
        "code": "00544",
        "parent_code": "018"
    },
    "00547": {
        "name": "Trung Mầu",
        "type": "xa",
        "slug": "trung-mau",
        "name_with_type": "Xã Trung Mầu",
        "path": "Trung Mầu, Gia Lâm, Hà Nội",
        "path_with_type": "Xã Trung Mầu, Huyện Gia Lâm, Thành phố Hà Nội",
        "code": "00547",
        "parent_code": "018"
    },
    "00550": {
        "name": "Lệ Chi",
        "type": "xa",
        "slug": "le-chi",
        "name_with_type": "Xã Lệ Chi",
        "path": "Lệ Chi, Gia Lâm, Hà Nội",
        "path_with_type": "Xã Lệ Chi, Huyện Gia Lâm, Thành phố Hà Nội",
        "code": "00550",
        "parent_code": "018"
    },
    "00553": {
        "name": "Cổ Bi",
        "type": "xa",
        "slug": "co-bi",
        "name_with_type": "Xã Cổ Bi",
        "path": "Cổ Bi, Gia Lâm, Hà Nội",
        "path_with_type": "Xã Cổ Bi, Huyện Gia Lâm, Thành phố Hà Nội",
        "code": "00553",
        "parent_code": "018"
    },
    "00556": {
        "name": "Đặng Xá",
        "type": "xa",
        "slug": "dang-xa",
        "name_with_type": "Xã Đặng Xá",
        "path": "Đặng Xá, Gia Lâm, Hà Nội",
        "path_with_type": "Xã Đặng Xá, Huyện Gia Lâm, Thành phố Hà Nội",
        "code": "00556",
        "parent_code": "018"
    },
    "00559": {
        "name": "Phú Thị",
        "type": "xa",
        "slug": "phu-thi",
        "name_with_type": "Xã Phú Thị",
        "path": "Phú Thị, Gia Lâm, Hà Nội",
        "path_with_type": "Xã Phú Thị, Huyện Gia Lâm, Thành phố Hà Nội",
        "code": "00559",
        "parent_code": "018"
    },
    "00562": {
        "name": "Kim Sơn",
        "type": "xa",
        "slug": "kim-son",
        "name_with_type": "Xã Kim Sơn",
        "path": "Kim Sơn, Gia Lâm, Hà Nội",
        "path_with_type": "Xã Kim Sơn, Huyện Gia Lâm, Thành phố Hà Nội",
        "code": "00562",
        "parent_code": "018"
    },
    "00565": {
        "name": "Trâu Quỳ",
        "type": "thi-tran",
        "slug": "trau-quy",
        "name_with_type": "Thị trấn Trâu Quỳ",
        "path": "Trâu Quỳ, Gia Lâm, Hà Nội",
        "path_with_type": "Thị trấn Trâu Quỳ, Huyện Gia Lâm, Thành phố Hà Nội",
        "code": "00565",
        "parent_code": "018"
    },
    "00568": {
        "name": "Dương Quang",
        "type": "xa",
        "slug": "duong-quang",
        "name_with_type": "Xã Dương Quang",
        "path": "Dương Quang, Gia Lâm, Hà Nội",
        "path_with_type": "Xã Dương Quang, Huyện Gia Lâm, Thành phố Hà Nội",
        "code": "00568",
        "parent_code": "018"
    },
    "00571": {
        "name": "Dương Xá",
        "type": "xa",
        "slug": "duong-xa",
        "name_with_type": "Xã Dương Xá",
        "path": "Dương Xá, Gia Lâm, Hà Nội",
        "path_with_type": "Xã Dương Xá, Huyện Gia Lâm, Thành phố Hà Nội",
        "code": "00571",
        "parent_code": "018"
    },
    "00574": {
        "name": "Đông Dư",
        "type": "xa",
        "slug": "dong-du",
        "name_with_type": "Xã Đông Dư",
        "path": "Đông Dư, Gia Lâm, Hà Nội",
        "path_with_type": "Xã Đông Dư, Huyện Gia Lâm, Thành phố Hà Nội",
        "code": "00574",
        "parent_code": "018"
    },
    "00577": {
        "name": "Đa Tốn",
        "type": "xa",
        "slug": "da-ton",
        "name_with_type": "Xã Đa Tốn",
        "path": "Đa Tốn, Gia Lâm, Hà Nội",
        "path_with_type": "Xã Đa Tốn, Huyện Gia Lâm, Thành phố Hà Nội",
        "code": "00577",
        "parent_code": "018"
    },
    "00580": {
        "name": "Kiêu Kỵ",
        "type": "xa",
        "slug": "kieu-ky",
        "name_with_type": "Xã Kiêu Kỵ",
        "path": "Kiêu Kỵ, Gia Lâm, Hà Nội",
        "path_with_type": "Xã Kiêu Kỵ, Huyện Gia Lâm, Thành phố Hà Nội",
        "code": "00580",
        "parent_code": "018"
    },
    "00583": {
        "name": "Bát Tràng",
        "type": "xa",
        "slug": "bat-trang",
        "name_with_type": "Xã Bát Tràng",
        "path": "Bát Tràng, Gia Lâm, Hà Nội",
        "path_with_type": "Xã Bát Tràng, Huyện Gia Lâm, Thành phố Hà Nội",
        "code": "00583",
        "parent_code": "018"
    },
    "00586": {
        "name": "Kim Lan",
        "type": "xa",
        "slug": "kim-lan",
        "name_with_type": "Xã Kim Lan",
        "path": "Kim Lan, Gia Lâm, Hà Nội",
        "path_with_type": "Xã Kim Lan, Huyện Gia Lâm, Thành phố Hà Nội",
        "code": "00586",
        "parent_code": "018"
    },
    "00589": {
        "name": "Văn Đức",
        "type": "xa",
        "slug": "van-duc",
        "name_with_type": "Xã Văn Đức",
        "path": "Văn Đức, Gia Lâm, Hà Nội",
        "path_with_type": "Xã Văn Đức, Huyện Gia Lâm, Thành phố Hà Nội",
        "code": "00589",
        "parent_code": "018"
    }
}