{
    "00712": {
        "name": "Phó Bảng",
        "type": "thi-tran",
        "slug": "pho-bang",
        "name_with_type": "Thị trấn Phó Bảng",
        "path": "Phó Bảng, Đồng Văn, Hà Giang",
        "path_with_type": "Thị trấn Phó Bảng, Huyện Đồng Văn, Tỉnh Hà Giang",
        "code": "00712",
        "parent_code": "026"
    },
    "00715": {
        "name": "Lũng Cú",
        "type": "xa",
        "slug": "lung-cu",
        "name_with_type": "Xã Lũng Cú",
        "path": "Lũng Cú, Đồng Văn, Hà Giang",
        "path_with_type": "Xã Lũng Cú, Huyện Đồng Văn, Tỉnh Hà Giang",
        "code": "00715",
        "parent_code": "026"
    },
    "00718": {
        "name": "Má Lé",
        "type": "xa",
        "slug": "ma-le",
        "name_with_type": "Xã Má Lé",
        "path": "Má Lé, Đồng Văn, Hà Giang",
        "path_with_type": "Xã Má Lé, Huyện Đồng Văn, Tỉnh Hà Giang",
        "code": "00718",
        "parent_code": "026"
    },
    "00721": {
        "name": "Đồng Văn",
        "type": "thi-tran",
        "slug": "dong-van",
        "name_with_type": "Thị trấn Đồng Văn",
        "path": "Đồng Văn, Đồng Văn, Hà Giang",
        "path_with_type": "Thị trấn Đồng Văn, Huyện Đồng Văn, Tỉnh Hà Giang",
        "code": "00721",
        "parent_code": "026"
    },
    "00724": {
        "name": "Lũng Táo",
        "type": "xa",
        "slug": "lung-tao",
        "name_with_type": "Xã Lũng Táo",
        "path": "Lũng Táo, Đồng Văn, Hà Giang",
        "path_with_type": "Xã Lũng Táo, Huyện Đồng Văn, Tỉnh Hà Giang",
        "code": "00724",
        "parent_code": "026"
    },
    "00727": {
        "name": "Phố Là",
        "type": "xa",
        "slug": "pho-la",
        "name_with_type": "Xã Phố Là",
        "path": "Phố Là, Đồng Văn, Hà Giang",
        "path_with_type": "Xã Phố Là, Huyện Đồng Văn, Tỉnh Hà Giang",
        "code": "00727",
        "parent_code": "026"
    },
    "00730": {
        "name": "Thài Phìn Tủng",
        "type": "xa",
        "slug": "thai-phin-tung",
        "name_with_type": "Xã Thài Phìn Tủng",
        "path": "Thài Phìn Tủng, Đồng Văn, Hà Giang",
        "path_with_type": "Xã Thài Phìn Tủng, Huyện Đồng Văn, Tỉnh Hà Giang",
        "code": "00730",
        "parent_code": "026"
    },
    "00733": {
        "name": "Sủng Là",
        "type": "xa",
        "slug": "sung-la",
        "name_with_type": "Xã Sủng Là",
        "path": "Sủng Là, Đồng Văn, Hà Giang",
        "path_with_type": "Xã Sủng Là, Huyện Đồng Văn, Tỉnh Hà Giang",
        "code": "00733",
        "parent_code": "026"
    },
    "00736": {
        "name": "Xà Phìn",
        "type": "xa",
        "slug": "xa-phin",
        "name_with_type": "Xã Xà Phìn",
        "path": "Xà Phìn, Đồng Văn, Hà Giang",
        "path_with_type": "Xã Xà Phìn, Huyện Đồng Văn, Tỉnh Hà Giang",
        "code": "00736",
        "parent_code": "026"
    },
    "00739": {
        "name": "Tả Phìn",
        "type": "xa",
        "slug": "ta-phin",
        "name_with_type": "Xã Tả Phìn",
        "path": "Tả Phìn, Đồng Văn, Hà Giang",
        "path_with_type": "Xã Tả Phìn, Huyện Đồng Văn, Tỉnh Hà Giang",
        "code": "00739",
        "parent_code": "026"
    },
    "00742": {
        "name": "Tả Lủng",
        "type": "xa",
        "slug": "ta-lung",
        "name_with_type": "Xã Tả Lủng",
        "path": "Tả Lủng, Đồng Văn, Hà Giang",
        "path_with_type": "Xã Tả Lủng, Huyện Đồng Văn, Tỉnh Hà Giang",
        "code": "00742",
        "parent_code": "026"
    },
    "00745": {
        "name": "Phố Cáo",
        "type": "xa",
        "slug": "pho-cao",
        "name_with_type": "Xã Phố Cáo",
        "path": "Phố Cáo, Đồng Văn, Hà Giang",
        "path_with_type": "Xã Phố Cáo, Huyện Đồng Văn, Tỉnh Hà Giang",
        "code": "00745",
        "parent_code": "026"
    },
    "00748": {
        "name": "Sính Lủng",
        "type": "xa",
        "slug": "sinh-lung",
        "name_with_type": "Xã Sính Lủng",
        "path": "Sính Lủng, Đồng Văn, Hà Giang",
        "path_with_type": "Xã Sính Lủng, Huyện Đồng Văn, Tỉnh Hà Giang",
        "code": "00748",
        "parent_code": "026"
    },
    "00751": {
        "name": "Sảng Tủng",
        "type": "xa",
        "slug": "sang-tung",
        "name_with_type": "Xã Sảng Tủng",
        "path": "Sảng Tủng, Đồng Văn, Hà Giang",
        "path_with_type": "Xã Sảng Tủng, Huyện Đồng Văn, Tỉnh Hà Giang",
        "code": "00751",
        "parent_code": "026"
    },
    "00754": {
        "name": "Lũng Thầu",
        "type": "xa",
        "slug": "lung-thau",
        "name_with_type": "Xã Lũng Thầu",
        "path": "Lũng Thầu, Đồng Văn, Hà Giang",
        "path_with_type": "Xã Lũng Thầu, Huyện Đồng Văn, Tỉnh Hà Giang",
        "code": "00754",
        "parent_code": "026"
    },
    "00757": {
        "name": "Hố Quáng Phìn",
        "type": "xa",
        "slug": "ho-quang-phin",
        "name_with_type": "Xã Hố Quáng Phìn",
        "path": "Hố Quáng Phìn, Đồng Văn, Hà Giang",
        "path_with_type": "Xã Hố Quáng Phìn, Huyện Đồng Văn, Tỉnh Hà Giang",
        "code": "00757",
        "parent_code": "026"
    },
    "00760": {
        "name": "Vần Chải",
        "type": "xa",
        "slug": "van-chai",
        "name_with_type": "Xã Vần Chải",
        "path": "Vần Chải, Đồng Văn, Hà Giang",
        "path_with_type": "Xã Vần Chải, Huyện Đồng Văn, Tỉnh Hà Giang",
        "code": "00760",
        "parent_code": "026"
    },
    "00763": {
        "name": "Lũng Phìn",
        "type": "xa",
        "slug": "lung-phin",
        "name_with_type": "Xã Lũng Phìn",
        "path": "Lũng Phìn, Đồng Văn, Hà Giang",
        "path_with_type": "Xã Lũng Phìn, Huyện Đồng Văn, Tỉnh Hà Giang",
        "code": "00763",
        "parent_code": "026"
    },
    "00766": {
        "name": "Sủng Trái",
        "type": "xa",
        "slug": "sung-trai",
        "name_with_type": "Xã Sủng Trái",
        "path": "Sủng Trái, Đồng Văn, Hà Giang",
        "path_with_type": "Xã Sủng Trái, Huyện Đồng Văn, Tỉnh Hà Giang",
        "code": "00766",
        "parent_code": "026"
    }
}