{
    "00874": {
        "name": "Tam Sơn",
        "type": "thi-tran",
        "slug": "tam-son",
        "name_with_type": "Thị trấn Tam Sơn",
        "path": "Tam Sơn, Quản Bạ, Hà Giang",
        "path_with_type": "Thị trấn Tam Sơn, Huyện Quản Bạ, Tỉnh Hà Giang",
        "code": "00874",
        "parent_code": "029"
    },
    "00877": {
        "name": "Bát Đại Sơn",
        "type": "xa",
        "slug": "bat-dai-son",
        "name_with_type": "Xã Bát Đại Sơn",
        "path": "Bát Đại Sơn, Quản Bạ, Hà Giang",
        "path_with_type": "Xã Bát Đại Sơn, Huyện Quản Bạ, Tỉnh Hà Giang",
        "code": "00877",
        "parent_code": "029"
    },
    "00880": {
        "name": "Nghĩa Thuận",
        "type": "xa",
        "slug": "nghia-thuan",
        "name_with_type": "Xã Nghĩa Thuận",
        "path": "Nghĩa Thuận, Quản Bạ, Hà Giang",
        "path_with_type": "Xã Nghĩa Thuận, Huyện Quản Bạ, Tỉnh Hà Giang",
        "code": "00880",
        "parent_code": "029"
    },
    "00883": {
        "name": "Cán Tỷ",
        "type": "xa",
        "slug": "can-ty",
        "name_with_type": "Xã Cán Tỷ",
        "path": "Cán Tỷ, Quản Bạ, Hà Giang",
        "path_with_type": "Xã Cán Tỷ, Huyện Quản Bạ, Tỉnh Hà Giang",
        "code": "00883",
        "parent_code": "029"
    },
    "00886": {
        "name": "Cao Mã Pờ",
        "type": "xa",
        "slug": "cao-ma-po",
        "name_with_type": "Xã Cao Mã Pờ",
        "path": "Cao Mã Pờ, Quản Bạ, Hà Giang",
        "path_with_type": "Xã Cao Mã Pờ, Huyện Quản Bạ, Tỉnh Hà Giang",
        "code": "00886",
        "parent_code": "029"
    },
    "00889": {
        "name": "Thanh Vân",
        "type": "xa",
        "slug": "thanh-van",
        "name_with_type": "Xã Thanh Vân",
        "path": "Thanh Vân, Quản Bạ, Hà Giang",
        "path_with_type": "Xã Thanh Vân, Huyện Quản Bạ, Tỉnh Hà Giang",
        "code": "00889",
        "parent_code": "029"
    },
    "00892": {
        "name": "Tùng Vài",
        "type": "xa",
        "slug": "tung-vai",
        "name_with_type": "Xã Tùng Vài",
        "path": "Tùng Vài, Quản Bạ, Hà Giang",
        "path_with_type": "Xã Tùng Vài, Huyện Quản Bạ, Tỉnh Hà Giang",
        "code": "00892",
        "parent_code": "029"
    },
    "00895": {
        "name": "Đông Hà",
        "type": "xa",
        "slug": "dong-ha",
        "name_with_type": "Xã Đông Hà",
        "path": "Đông Hà, Quản Bạ, Hà Giang",
        "path_with_type": "Xã Đông Hà, Huyện Quản Bạ, Tỉnh Hà Giang",
        "code": "00895",
        "parent_code": "029"
    },
    "00898": {
        "name": "Quản Bạ",
        "type": "xa",
        "slug": "quan-ba",
        "name_with_type": "Xã Quản Bạ",
        "path": "Quản Bạ, Quản Bạ, Hà Giang",
        "path_with_type": "Xã Quản Bạ, Huyện Quản Bạ, Tỉnh Hà Giang",
        "code": "00898",
        "parent_code": "029"
    },
    "00901": {
        "name": "Lùng Tám",
        "type": "xa",
        "slug": "lung-tam",
        "name_with_type": "Xã Lùng Tám",
        "path": "Lùng Tám, Quản Bạ, Hà Giang",
        "path_with_type": "Xã Lùng Tám, Huyện Quản Bạ, Tỉnh Hà Giang",
        "code": "00901",
        "parent_code": "029"
    },
    "00904": {
        "name": "Quyết Tiến",
        "type": "xa",
        "slug": "quyet-tien",
        "name_with_type": "Xã Quyết Tiến",
        "path": "Quyết Tiến, Quản Bạ, Hà Giang",
        "path_with_type": "Xã Quyết Tiến, Huyện Quản Bạ, Tỉnh Hà Giang",
        "code": "00904",
        "parent_code": "029"
    },
    "00907": {
        "name": "Tả Ván",
        "type": "xa",
        "slug": "ta-van",
        "name_with_type": "Xã Tả Ván",
        "path": "Tả Ván, Quản Bạ, Hà Giang",
        "path_with_type": "Xã Tả Ván, Huyện Quản Bạ, Tỉnh Hà Giang",
        "code": "00907",
        "parent_code": "029"
    },
    "00910": {
        "name": "Thái An",
        "type": "xa",
        "slug": "thai-an",
        "name_with_type": "Xã Thái An",
        "path": "Thái An, Quản Bạ, Hà Giang",
        "path_with_type": "Xã Thái An, Huyện Quản Bạ, Tỉnh Hà Giang",
        "code": "00910",
        "parent_code": "029"
    }
}