{
    "00703": {
        "name": "Kim Thạch",
        "type": "xa",
        "slug": "kim-thach",
        "name_with_type": "Xã Kim Thạch",
        "path": "Kim Thạch, Vị Xuyên, Hà Giang",
        "path_with_type": "Xã Kim Thạch, Huyện Vị Xuyên, Tỉnh Hà Giang",
        "code": "00703",
        "parent_code": "030"
    },
    "00706": {
        "name": "Phú Linh",
        "type": "xa",
        "slug": "phu-linh",
        "name_with_type": "Xã Phú Linh",
        "path": "Phú Linh, Vị Xuyên, Hà Giang",
        "path_with_type": "Xã Phú Linh, Huyện Vị Xuyên, Tỉnh Hà Giang",
        "code": "00706",
        "parent_code": "030"
    },
    "00709": {
        "name": "Kim Linh",
        "type": "xa",
        "slug": "kim-linh",
        "name_with_type": "Xã Kim Linh",
        "path": "Kim Linh, Vị Xuyên, Hà Giang",
        "path_with_type": "Xã Kim Linh, Huyện Vị Xuyên, Tỉnh Hà Giang",
        "code": "00709",
        "parent_code": "030"
    },
    "00913": {
        "name": "Vị Xuyên",
        "type": "thi-tran",
        "slug": "vi-xuyen",
        "name_with_type": "Thị trấn Vị Xuyên",
        "path": "Vị Xuyên, Vị Xuyên, Hà Giang",
        "path_with_type": "Thị trấn Vị Xuyên, Huyện Vị Xuyên, Tỉnh Hà Giang",
        "code": "00913",
        "parent_code": "030"
    },
    "00916": {
        "name": "Nông Trường Việt Lâm",
        "type": "thi-tran",
        "slug": "nong-truong-viet-lam",
        "name_with_type": "Thị trấn Nông Trường Việt Lâm",
        "path": "Nông Trường Việt Lâm, Vị Xuyên, Hà Giang",
        "path_with_type": "Thị trấn Nông Trường Việt Lâm, Huyện Vị Xuyên, Tỉnh Hà Giang",
        "code": "00916",
        "parent_code": "030"
    },
    "00919": {
        "name": "Minh Tân",
        "type": "xa",
        "slug": "minh-tan",
        "name_with_type": "Xã Minh Tân",
        "path": "Minh Tân, Vị Xuyên, Hà Giang",
        "path_with_type": "Xã Minh Tân, Huyện Vị Xuyên, Tỉnh Hà Giang",
        "code": "00919",
        "parent_code": "030"
    },
    "00922": {
        "name": "Thuận Hoà",
        "type": "xa",
        "slug": "thuan-hoa",
        "name_with_type": "Xã Thuận Hoà",
        "path": "Thuận Hoà, Vị Xuyên, Hà Giang",
        "path_with_type": "Xã Thuận Hoà, Huyện Vị Xuyên, Tỉnh Hà Giang",
        "code": "00922",
        "parent_code": "030"
    },
    "00925": {
        "name": "Tùng Bá",
        "type": "xa",
        "slug": "tung-ba",
        "name_with_type": "Xã Tùng Bá",
        "path": "Tùng Bá, Vị Xuyên, Hà Giang",
        "path_with_type": "Xã Tùng Bá, Huyện Vị Xuyên, Tỉnh Hà Giang",
        "code": "00925",
        "parent_code": "030"
    },
    "00928": {
        "name": "Thanh Thủy",
        "type": "xa",
        "slug": "thanh-thuy",
        "name_with_type": "Xã Thanh Thủy",
        "path": "Thanh Thủy, Vị Xuyên, Hà Giang",
        "path_with_type": "Xã Thanh Thủy, Huyện Vị Xuyên, Tỉnh Hà Giang",
        "code": "00928",
        "parent_code": "030"
    },
    "00931": {
        "name": "Thanh Đức",
        "type": "xa",
        "slug": "thanh-duc",
        "name_with_type": "Xã Thanh Đức",
        "path": "Thanh Đức, Vị Xuyên, Hà Giang",
        "path_with_type": "Xã Thanh Đức, Huyện Vị Xuyên, Tỉnh Hà Giang",
        "code": "00931",
        "parent_code": "030"
    },
    "00934": {
        "name": "Phong Quang",
        "type": "xa",
        "slug": "phong-quang",
        "name_with_type": "Xã Phong Quang",
        "path": "Phong Quang, Vị Xuyên, Hà Giang",
        "path_with_type": "Xã Phong Quang, Huyện Vị Xuyên, Tỉnh Hà Giang",
        "code": "00934",
        "parent_code": "030"
    },
    "00937": {
        "name": "Xín Chải",
        "type": "xa",
        "slug": "xin-chai",
        "name_with_type": "Xã Xín Chải",
        "path": "Xín Chải, Vị Xuyên, Hà Giang",
        "path_with_type": "Xã Xín Chải, Huyện Vị Xuyên, Tỉnh Hà Giang",
        "code": "00937",
        "parent_code": "030"
    },
    "00940": {
        "name": "Phương Tiến",
        "type": "xa",
        "slug": "phuong-tien",
        "name_with_type": "Xã Phương Tiến",
        "path": "Phương Tiến, Vị Xuyên, Hà Giang",
        "path_with_type": "Xã Phương Tiến, Huyện Vị Xuyên, Tỉnh Hà Giang",
        "code": "00940",
        "parent_code": "030"
    },
    "00943": {
        "name": "Lao Chải",
        "type": "xa",
        "slug": "lao-chai",
        "name_with_type": "Xã Lao Chải",
        "path": "Lao Chải, Vị Xuyên, Hà Giang",
        "path_with_type": "Xã Lao Chải, Huyện Vị Xuyên, Tỉnh Hà Giang",
        "code": "00943",
        "parent_code": "030"
    },
    "00952": {
        "name": "Cao Bồ",
        "type": "xa",
        "slug": "cao-bo",
        "name_with_type": "Xã Cao Bồ",
        "path": "Cao Bồ, Vị Xuyên, Hà Giang",
        "path_with_type": "Xã Cao Bồ, Huyện Vị Xuyên, Tỉnh Hà Giang",
        "code": "00952",
        "parent_code": "030"
    },
    "00955": {
        "name": "Đạo Đức",
        "type": "xa",
        "slug": "dao-duc",
        "name_with_type": "Xã Đạo Đức",
        "path": "Đạo Đức, Vị Xuyên, Hà Giang",
        "path_with_type": "Xã Đạo Đức, Huyện Vị Xuyên, Tỉnh Hà Giang",
        "code": "00955",
        "parent_code": "030"
    },
    "00958": {
        "name": "Thượng Sơn",
        "type": "xa",
        "slug": "thuong-son",
        "name_with_type": "Xã Thượng Sơn",
        "path": "Thượng Sơn, Vị Xuyên, Hà Giang",
        "path_with_type": "Xã Thượng Sơn, Huyện Vị Xuyên, Tỉnh Hà Giang",
        "code": "00958",
        "parent_code": "030"
    },
    "00961": {
        "name": "Linh Hồ",
        "type": "xa",
        "slug": "linh-ho",
        "name_with_type": "Xã Linh Hồ",
        "path": "Linh Hồ, Vị Xuyên, Hà Giang",
        "path_with_type": "Xã Linh Hồ, Huyện Vị Xuyên, Tỉnh Hà Giang",
        "code": "00961",
        "parent_code": "030"
    },
    "00964": {
        "name": "Quảng Ngần",
        "type": "xa",
        "slug": "quang-ngan",
        "name_with_type": "Xã Quảng Ngần",
        "path": "Quảng Ngần, Vị Xuyên, Hà Giang",
        "path_with_type": "Xã Quảng Ngần, Huyện Vị Xuyên, Tỉnh Hà Giang",
        "code": "00964",
        "parent_code": "030"
    },
    "00967": {
        "name": "Việt Lâm",
        "type": "xa",
        "slug": "viet-lam",
        "name_with_type": "Xã Việt Lâm",
        "path": "Việt Lâm, Vị Xuyên, Hà Giang",
        "path_with_type": "Xã Việt Lâm, Huyện Vị Xuyên, Tỉnh Hà Giang",
        "code": "00967",
        "parent_code": "030"
    },
    "00970": {
        "name": "Ngọc Linh",
        "type": "xa",
        "slug": "ngoc-linh",
        "name_with_type": "Xã Ngọc Linh",
        "path": "Ngọc Linh, Vị Xuyên, Hà Giang",
        "path_with_type": "Xã Ngọc Linh, Huyện Vị Xuyên, Tỉnh Hà Giang",
        "code": "00970",
        "parent_code": "030"
    },
    "00973": {
        "name": "Ngọc Minh",
        "type": "xa",
        "slug": "ngoc-minh",
        "name_with_type": "Xã Ngọc Minh",
        "path": "Ngọc Minh, Vị Xuyên, Hà Giang",
        "path_with_type": "Xã Ngọc Minh, Huyện Vị Xuyên, Tỉnh Hà Giang",
        "code": "00973",
        "parent_code": "030"
    },
    "00976": {
        "name": "Bạch Ngọc",
        "type": "xa",
        "slug": "bach-ngoc",
        "name_with_type": "Xã Bạch Ngọc",
        "path": "Bạch Ngọc, Vị Xuyên, Hà Giang",
        "path_with_type": "Xã Bạch Ngọc, Huyện Vị Xuyên, Tỉnh Hà Giang",
        "code": "00976",
        "parent_code": "030"
    },
    "00979": {
        "name": "Trung Thành",
        "type": "xa",
        "slug": "trung-thanh",
        "name_with_type": "Xã Trung Thành",
        "path": "Trung Thành, Vị Xuyên, Hà Giang",
        "path_with_type": "Xã Trung Thành, Huyện Vị Xuyên, Tỉnh Hà Giang",
        "code": "00979",
        "parent_code": "030"
    }
}