{
    "01021": {
        "name": "Vinh Quang",
        "type": "thi-tran",
        "slug": "vinh-quang",
        "name_with_type": "Thị trấn Vinh Quang",
        "path": "Vinh Quang, Hoàng Su Phì, Hà Giang",
        "path_with_type": "Thị trấn Vinh Quang, Huyện Hoàng Su Phì, Tỉnh Hà Giang",
        "code": "01021",
        "parent_code": "032"
    },
    "01024": {
        "name": "Bản Máy",
        "type": "xa",
        "slug": "ban-may",
        "name_with_type": "Xã Bản Máy",
        "path": "Bản Máy, Hoàng Su Phì, Hà Giang",
        "path_with_type": "Xã Bản Máy, Huyện Hoàng Su Phì, Tỉnh Hà Giang",
        "code": "01024",
        "parent_code": "032"
    },
    "01027": {
        "name": "Thàng Tín",
        "type": "xa",
        "slug": "thang-tin",
        "name_with_type": "Xã Thàng Tín",
        "path": "Thàng Tín, Hoàng Su Phì, Hà Giang",
        "path_with_type": "Xã Thàng Tín, Huyện Hoàng Su Phì, Tỉnh Hà Giang",
        "code": "01027",
        "parent_code": "032"
    },
    "01030": {
        "name": "Thèn Chu Phìn",
        "type": "xa",
        "slug": "then-chu-phin",
        "name_with_type": "Xã Thèn Chu Phìn",
        "path": "Thèn Chu Phìn, Hoàng Su Phì, Hà Giang",
        "path_with_type": "Xã Thèn Chu Phìn, Huyện Hoàng Su Phì, Tỉnh Hà Giang",
        "code": "01030",
        "parent_code": "032"
    },
    "01033": {
        "name": "Pố Lồ",
        "type": "xa",
        "slug": "po-lo",
        "name_with_type": "Xã Pố Lồ",
        "path": "Pố Lồ, Hoàng Su Phì, Hà Giang",
        "path_with_type": "Xã Pố Lồ, Huyện Hoàng Su Phì, Tỉnh Hà Giang",
        "code": "01033",
        "parent_code": "032"
    },
    "01036": {
        "name": "Bản Phùng",
        "type": "xa",
        "slug": "ban-phung",
        "name_with_type": "Xã Bản Phùng",
        "path": "Bản Phùng, Hoàng Su Phì, Hà Giang",
        "path_with_type": "Xã Bản Phùng, Huyện Hoàng Su Phì, Tỉnh Hà Giang",
        "code": "01036",
        "parent_code": "032"
    },
    "01039": {
        "name": "Túng Sán",
        "type": "xa",
        "slug": "tung-san",
        "name_with_type": "Xã Túng Sán",
        "path": "Túng Sán, Hoàng Su Phì, Hà Giang",
        "path_with_type": "Xã Túng Sán, Huyện Hoàng Su Phì, Tỉnh Hà Giang",
        "code": "01039",
        "parent_code": "032"
    },
    "01042": {
        "name": "Chiến Phố",
        "type": "xa",
        "slug": "chien-pho",
        "name_with_type": "Xã Chiến Phố",
        "path": "Chiến Phố, Hoàng Su Phì, Hà Giang",
        "path_with_type": "Xã Chiến Phố, Huyện Hoàng Su Phì, Tỉnh Hà Giang",
        "code": "01042",
        "parent_code": "032"
    },
    "01045": {
        "name": "Đản Ván",
        "type": "xa",
        "slug": "dan-van",
        "name_with_type": "Xã Đản Ván",
        "path": "Đản Ván, Hoàng Su Phì, Hà Giang",
        "path_with_type": "Xã Đản Ván, Huyện Hoàng Su Phì, Tỉnh Hà Giang",
        "code": "01045",
        "parent_code": "032"
    },
    "01048": {
        "name": "Tụ Nhân",
        "type": "xa",
        "slug": "tu-nhan",
        "name_with_type": "Xã Tụ Nhân",
        "path": "Tụ Nhân, Hoàng Su Phì, Hà Giang",
        "path_with_type": "Xã Tụ Nhân, Huyện Hoàng Su Phì, Tỉnh Hà Giang",
        "code": "01048",
        "parent_code": "032"
    },
    "01051": {
        "name": "Tân Tiến",
        "type": "xa",
        "slug": "tan-tien",
        "name_with_type": "Xã Tân Tiến",
        "path": "Tân Tiến, Hoàng Su Phì, Hà Giang",
        "path_with_type": "Xã Tân Tiến, Huyện Hoàng Su Phì, Tỉnh Hà Giang",
        "code": "01051",
        "parent_code": "032"
    },
    "01054": {
        "name": "Nàng Đôn",
        "type": "xa",
        "slug": "nang-don",
        "name_with_type": "Xã Nàng Đôn",
        "path": "Nàng Đôn, Hoàng Su Phì, Hà Giang",
        "path_with_type": "Xã Nàng Đôn, Huyện Hoàng Su Phì, Tỉnh Hà Giang",
        "code": "01054",
        "parent_code": "032"
    },
    "01057": {
        "name": "Pờ Ly Ngài",
        "type": "xa",
        "slug": "po-ly-ngai",
        "name_with_type": "Xã Pờ Ly Ngài",
        "path": "Pờ Ly Ngài, Hoàng Su Phì, Hà Giang",
        "path_with_type": "Xã Pờ Ly Ngài, Huyện Hoàng Su Phì, Tỉnh Hà Giang",
        "code": "01057",
        "parent_code": "032"
    },
    "01060": {
        "name": "Sán Xả Hồ",
        "type": "xa",
        "slug": "san-xa-ho",
        "name_with_type": "Xã Sán Xả Hồ",
        "path": "Sán Xả Hồ, Hoàng Su Phì, Hà Giang",
        "path_with_type": "Xã Sán Xả Hồ, Huyện Hoàng Su Phì, Tỉnh Hà Giang",
        "code": "01060",
        "parent_code": "032"
    },
    "01063": {
        "name": "Bản Luốc",
        "type": "xa",
        "slug": "ban-luoc",
        "name_with_type": "Xã Bản Luốc",
        "path": "Bản Luốc, Hoàng Su Phì, Hà Giang",
        "path_with_type": "Xã Bản Luốc, Huyện Hoàng Su Phì, Tỉnh Hà Giang",
        "code": "01063",
        "parent_code": "032"
    },
    "01066": {
        "name": "Ngàm Đăng Vài",
        "type": "xa",
        "slug": "ngam-dang-vai",
        "name_with_type": "Xã Ngàm Đăng Vài",
        "path": "Ngàm Đăng Vài, Hoàng Su Phì, Hà Giang",
        "path_with_type": "Xã Ngàm Đăng Vài, Huyện Hoàng Su Phì, Tỉnh Hà Giang",
        "code": "01066",
        "parent_code": "032"
    },
    "01069": {
        "name": "Bản Nhùng",
        "type": "xa",
        "slug": "ban-nhung",
        "name_with_type": "Xã Bản Nhùng",
        "path": "Bản Nhùng, Hoàng Su Phì, Hà Giang",
        "path_with_type": "Xã Bản Nhùng, Huyện Hoàng Su Phì, Tỉnh Hà Giang",
        "code": "01069",
        "parent_code": "032"
    },
    "01072": {
        "name": "Tả Sử Choóng",
        "type": "xa",
        "slug": "ta-su-choong",
        "name_with_type": "Xã Tả Sử Choóng",
        "path": "Tả Sử Choóng, Hoàng Su Phì, Hà Giang",
        "path_with_type": "Xã Tả Sử Choóng, Huyện Hoàng Su Phì, Tỉnh Hà Giang",
        "code": "01072",
        "parent_code": "032"
    },
    "01075": {
        "name": "Nậm Dịch",
        "type": "xa",
        "slug": "nam-dich",
        "name_with_type": "Xã Nậm Dịch",
        "path": "Nậm Dịch, Hoàng Su Phì, Hà Giang",
        "path_with_type": "Xã Nậm Dịch, Huyện Hoàng Su Phì, Tỉnh Hà Giang",
        "code": "01075",
        "parent_code": "032"
    },
    "01078": {
        "name": "Bản Péo",
        "type": "xa",
        "slug": "ban-peo",
        "name_with_type": "Xã Bản Péo",
        "path": "Bản Péo, Hoàng Su Phì, Hà Giang",
        "path_with_type": "Xã Bản Péo, Huyện Hoàng Su Phì, Tỉnh Hà Giang",
        "code": "01078",
        "parent_code": "032"
    },
    "01081": {
        "name": "Hồ Thầu",
        "type": "xa",
        "slug": "ho-thau",
        "name_with_type": "Xã Hồ Thầu",
        "path": "Hồ Thầu, Hoàng Su Phì, Hà Giang",
        "path_with_type": "Xã Hồ Thầu, Huyện Hoàng Su Phì, Tỉnh Hà Giang",
        "code": "01081",
        "parent_code": "032"
    },
    "01084": {
        "name": "Nam Sơn",
        "type": "xa",
        "slug": "nam-son",
        "name_with_type": "Xã Nam Sơn",
        "path": "Nam Sơn, Hoàng Su Phì, Hà Giang",
        "path_with_type": "Xã Nam Sơn, Huyện Hoàng Su Phì, Tỉnh Hà Giang",
        "code": "01084",
        "parent_code": "032"
    },
    "01087": {
        "name": "Nậm Tỵ",
        "type": "xa",
        "slug": "nam-ty",
        "name_with_type": "Xã Nậm Tỵ",
        "path": "Nậm Tỵ, Hoàng Su Phì, Hà Giang",
        "path_with_type": "Xã Nậm Tỵ, Huyện Hoàng Su Phì, Tỉnh Hà Giang",
        "code": "01087",
        "parent_code": "032"
    },
    "01090": {
        "name": "Thông Nguyên",
        "type": "xa",
        "slug": "thong-nguyen",
        "name_with_type": "Xã Thông Nguyên",
        "path": "Thông Nguyên, Hoàng Su Phì, Hà Giang",
        "path_with_type": "Xã Thông Nguyên, Huyện Hoàng Su Phì, Tỉnh Hà Giang",
        "code": "01090",
        "parent_code": "032"
    },
    "01093": {
        "name": "Nậm Khòa",
        "type": "xa",
        "slug": "nam-khoa",
        "name_with_type": "Xã Nậm Khòa",
        "path": "Nậm Khòa, Hoàng Su Phì, Hà Giang",
        "path_with_type": "Xã Nậm Khòa, Huyện Hoàng Su Phì, Tỉnh Hà Giang",
        "code": "01093",
        "parent_code": "032"
    }
}