{
    "01363": {
        "name": "Thông Nông",
        "type": "thi-tran",
        "slug": "thong-nong",
        "name_with_type": "Thị trấn Thông Nông",
        "path": "Thông Nông, Thông Nông, Cao Bằng",
        "path_with_type": "Thị trấn Thông Nông, Huyện Thông Nông, Tỉnh Cao Bằng",
        "code": "01363",
        "parent_code": "044"
    },
    "01366": {
        "name": "Cần Yên",
        "type": "xa",
        "slug": "can-yen",
        "name_with_type": "Xã Cần Yên",
        "path": "Cần Yên, Thông Nông, Cao Bằng",
        "path_with_type": "Xã Cần Yên, Huyện Thông Nông, Tỉnh Cao Bằng",
        "code": "01366",
        "parent_code": "044"
    },
    "01367": {
        "name": "Cần Nông",
        "type": "xa",
        "slug": "can-nong",
        "name_with_type": "Xã Cần Nông",
        "path": "Cần Nông, Thông Nông, Cao Bằng",
        "path_with_type": "Xã Cần Nông, Huyện Thông Nông, Tỉnh Cao Bằng",
        "code": "01367",
        "parent_code": "044"
    },
    "01369": {
        "name": "Vị Quang",
        "type": "xa",
        "slug": "vi-quang",
        "name_with_type": "Xã Vị Quang",
        "path": "Vị Quang, Thông Nông, Cao Bằng",
        "path_with_type": "Xã Vị Quang, Huyện Thông Nông, Tỉnh Cao Bằng",
        "code": "01369",
        "parent_code": "044"
    },
    "01372": {
        "name": "Lương Thông",
        "type": "xa",
        "slug": "luong-thong",
        "name_with_type": "Xã Lương Thông",
        "path": "Lương Thông, Thông Nông, Cao Bằng",
        "path_with_type": "Xã Lương Thông, Huyện Thông Nông, Tỉnh Cao Bằng",
        "code": "01372",
        "parent_code": "044"
    },
    "01375": {
        "name": "Đa Thông",
        "type": "xa",
        "slug": "da-thong",
        "name_with_type": "Xã Đa Thông",
        "path": "Đa Thông, Thông Nông, Cao Bằng",
        "path_with_type": "Xã Đa Thông, Huyện Thông Nông, Tỉnh Cao Bằng",
        "code": "01375",
        "parent_code": "044"
    },
    "01378": {
        "name": "Ngọc Động",
        "type": "xa",
        "slug": "ngoc-dong",
        "name_with_type": "Xã Ngọc Động",
        "path": "Ngọc Động, Thông Nông, Cao Bằng",
        "path_with_type": "Xã Ngọc Động, Huyện Thông Nông, Tỉnh Cao Bằng",
        "code": "01378",
        "parent_code": "044"
    },
    "01381": {
        "name": "Yên Sơn",
        "type": "xa",
        "slug": "yen-son",
        "name_with_type": "Xã Yên Sơn",
        "path": "Yên Sơn, Thông Nông, Cao Bằng",
        "path_with_type": "Xã Yên Sơn, Huyện Thông Nông, Tỉnh Cao Bằng",
        "code": "01381",
        "parent_code": "044"
    },
    "01384": {
        "name": "Lương Can",
        "type": "xa",
        "slug": "luong-can",
        "name_with_type": "Xã Lương Can",
        "path": "Lương Can, Thông Nông, Cao Bằng",
        "path_with_type": "Xã Lương Can, Huyện Thông Nông, Tỉnh Cao Bằng",
        "code": "01384",
        "parent_code": "044"
    },
    "01387": {
        "name": "Thanh Long",
        "type": "xa",
        "slug": "thanh-long",
        "name_with_type": "Xã Thanh Long",
        "path": "Thanh Long, Thông Nông, Cao Bằng",
        "path_with_type": "Xã Thanh Long, Huyện Thông Nông, Tỉnh Cao Bằng",
        "code": "01387",
        "parent_code": "044"
    },
    "01390": {
        "name": "Bình Lãng",
        "type": "xa",
        "slug": "binh-lang",
        "name_with_type": "Xã Bình Lãng",
        "path": "Bình Lãng, Thông Nông, Cao Bằng",
        "path_with_type": "Xã Bình Lãng, Huyện Thông Nông, Tỉnh Cao Bằng",
        "code": "01390",
        "parent_code": "044"
    }
}