{
    "01534": {
        "name": "Minh Long",
        "type": "xa",
        "slug": "minh-long",
        "name_with_type": "Xã Minh Long",
        "path": "Minh Long, Hạ Lang, Cao Bằng",
        "path_with_type": "Xã Minh Long, Huyện Hạ Lang, Tỉnh Cao Bằng",
        "code": "01534",
        "parent_code": "048"
    },
    "01537": {
        "name": "Lý Quốc",
        "type": "xa",
        "slug": "ly-quoc",
        "name_with_type": "Xã Lý Quốc",
        "path": "Lý Quốc, Hạ Lang, Cao Bằng",
        "path_with_type": "Xã Lý Quốc, Huyện Hạ Lang, Tỉnh Cao Bằng",
        "code": "01537",
        "parent_code": "048"
    },
    "01540": {
        "name": "Thắng Lợi",
        "type": "xa",
        "slug": "thang-loi",
        "name_with_type": "Xã Thắng Lợi",
        "path": "Thắng Lợi, Hạ Lang, Cao Bằng",
        "path_with_type": "Xã Thắng Lợi, Huyện Hạ Lang, Tỉnh Cao Bằng",
        "code": "01540",
        "parent_code": "048"
    },
    "01543": {
        "name": "Đồng Loan",
        "type": "xa",
        "slug": "dong-loan",
        "name_with_type": "Xã Đồng Loan",
        "path": "Đồng Loan, Hạ Lang, Cao Bằng",
        "path_with_type": "Xã Đồng Loan, Huyện Hạ Lang, Tỉnh Cao Bằng",
        "code": "01543",
        "parent_code": "048"
    },
    "01546": {
        "name": "Đức Quang",
        "type": "xa",
        "slug": "duc-quang",
        "name_with_type": "Xã Đức Quang",
        "path": "Đức Quang, Hạ Lang, Cao Bằng",
        "path_with_type": "Xã Đức Quang, Huyện Hạ Lang, Tỉnh Cao Bằng",
        "code": "01546",
        "parent_code": "048"
    },
    "01549": {
        "name": "Kim Loan",
        "type": "xa",
        "slug": "kim-loan",
        "name_with_type": "Xã Kim Loan",
        "path": "Kim Loan, Hạ Lang, Cao Bằng",
        "path_with_type": "Xã Kim Loan, Huyện Hạ Lang, Tỉnh Cao Bằng",
        "code": "01549",
        "parent_code": "048"
    },
    "01552": {
        "name": "Quang Long",
        "type": "xa",
        "slug": "quang-long",
        "name_with_type": "Xã Quang Long",
        "path": "Quang Long, Hạ Lang, Cao Bằng",
        "path_with_type": "Xã Quang Long, Huyện Hạ Lang, Tỉnh Cao Bằng",
        "code": "01552",
        "parent_code": "048"
    },
    "01555": {
        "name": "An Lạc",
        "type": "xa",
        "slug": "an-lac",
        "name_with_type": "Xã An Lạc",
        "path": "An Lạc, Hạ Lang, Cao Bằng",
        "path_with_type": "Xã An Lạc, Huyện Hạ Lang, Tỉnh Cao Bằng",
        "code": "01555",
        "parent_code": "048"
    },
    "01558": {
        "name": "Thanh Nhật",
        "type": "thi-tran",
        "slug": "thanh-nhat",
        "name_with_type": "Thị trấn Thanh Nhật",
        "path": "Thanh Nhật, Hạ Lang, Cao Bằng",
        "path_with_type": "Thị trấn Thanh Nhật, Huyện Hạ Lang, Tỉnh Cao Bằng",
        "code": "01558",
        "parent_code": "048"
    },
    "01561": {
        "name": "Vinh Quý",
        "type": "xa",
        "slug": "vinh-quy",
        "name_with_type": "Xã Vinh Quý",
        "path": "Vinh Quý, Hạ Lang, Cao Bằng",
        "path_with_type": "Xã Vinh Quý, Huyện Hạ Lang, Tỉnh Cao Bằng",
        "code": "01561",
        "parent_code": "048"
    },
    "01564": {
        "name": "Việt Chu",
        "type": "xa",
        "slug": "viet-chu",
        "name_with_type": "Xã Việt Chu",
        "path": "Việt Chu, Hạ Lang, Cao Bằng",
        "path_with_type": "Xã Việt Chu, Huyện Hạ Lang, Tỉnh Cao Bằng",
        "code": "01564",
        "parent_code": "048"
    },
    "01567": {
        "name": "Cô Ngân",
        "type": "xa",
        "slug": "co-ngan",
        "name_with_type": "Xã Cô Ngân",
        "path": "Cô Ngân, Hạ Lang, Cao Bằng",
        "path_with_type": "Xã Cô Ngân, Huyện Hạ Lang, Tỉnh Cao Bằng",
        "code": "01567",
        "parent_code": "048"
    },
    "01570": {
        "name": "Thái Đức",
        "type": "xa",
        "slug": "thai-duc",
        "name_with_type": "Xã Thái Đức",
        "path": "Thái Đức, Hạ Lang, Cao Bằng",
        "path_with_type": "Xã Thái Đức, Huyện Hạ Lang, Tỉnh Cao Bằng",
        "code": "01570",
        "parent_code": "048"
    },
    "01573": {
        "name": "Thị Hoa",
        "type": "xa",
        "slug": "thi-hoa",
        "name_with_type": "Xã Thị Hoa",
        "path": "Thị Hoa, Hạ Lang, Cao Bằng",
        "path_with_type": "Xã Thị Hoa, Huyện Hạ Lang, Tỉnh Cao Bằng",
        "code": "01573",
        "parent_code": "048"
    }
}