{
    "01627": {
        "name": "Tà Lùng",
        "type": "thi-tran",
        "slug": "ta-lung",
        "name_with_type": "Thị trấn Tà Lùng",
        "path": "Tà Lùng, Phục Hoà, Cao Bằng",
        "path_with_type": "Thị trấn Tà Lùng, Huyện Phục Hoà, Tỉnh Cao Bằng",
        "code": "01627",
        "parent_code": "050"
    },
    "01630": {
        "name": "Triệu ẩu",
        "type": "xa",
        "slug": "trieu-au",
        "name_with_type": "Xã Triệu ẩu",
        "path": "Triệu ẩu, Phục Hoà, Cao Bằng",
        "path_with_type": "Xã Triệu ẩu, Huyện Phục Hoà, Tỉnh Cao Bằng",
        "code": "01630",
        "parent_code": "050"
    },
    "01633": {
        "name": "Hồng Đại",
        "type": "xa",
        "slug": "hong-dai",
        "name_with_type": "Xã Hồng Đại",
        "path": "Hồng Đại, Phục Hoà, Cao Bằng",
        "path_with_type": "Xã Hồng Đại, Huyện Phục Hoà, Tỉnh Cao Bằng",
        "code": "01633",
        "parent_code": "050"
    },
    "01636": {
        "name": "Cách Linh",
        "type": "xa",
        "slug": "cach-linh",
        "name_with_type": "Xã Cách Linh",
        "path": "Cách Linh, Phục Hoà, Cao Bằng",
        "path_with_type": "Xã Cách Linh, Huyện Phục Hoà, Tỉnh Cao Bằng",
        "code": "01636",
        "parent_code": "050"
    },
    "01639": {
        "name": "Đại Sơn",
        "type": "xa",
        "slug": "dai-son",
        "name_with_type": "Xã Đại Sơn",
        "path": "Đại Sơn, Phục Hoà, Cao Bằng",
        "path_with_type": "Xã Đại Sơn, Huyện Phục Hoà, Tỉnh Cao Bằng",
        "code": "01639",
        "parent_code": "050"
    },
    "01642": {
        "name": "Lương Thiện",
        "type": "xa",
        "slug": "luong-thien",
        "name_with_type": "Xã Lương Thiện",
        "path": "Lương Thiện, Phục Hoà, Cao Bằng",
        "path_with_type": "Xã Lương Thiện, Huyện Phục Hoà, Tỉnh Cao Bằng",
        "code": "01642",
        "parent_code": "050"
    },
    "01645": {
        "name": "Tiên Thành",
        "type": "xa",
        "slug": "tien-thanh",
        "name_with_type": "Xã Tiên Thành",
        "path": "Tiên Thành, Phục Hoà, Cao Bằng",
        "path_with_type": "Xã Tiên Thành, Huyện Phục Hoà, Tỉnh Cao Bằng",
        "code": "01645",
        "parent_code": "050"
    },
    "01648": {
        "name": "Hoà Thuận",
        "type": "thi-tran",
        "slug": "hoa-thuan",
        "name_with_type": "Thị trấn Hoà Thuận",
        "path": "Hoà Thuận, Phục Hoà, Cao Bằng",
        "path_with_type": "Thị trấn Hoà Thuận, Huyện Phục Hoà, Tỉnh Cao Bằng",
        "code": "01648",
        "parent_code": "050"
    },
    "01651": {
        "name": "Mỹ Hưng",
        "type": "xa",
        "slug": "my-hung",
        "name_with_type": "Xã Mỹ Hưng",
        "path": "Mỹ Hưng, Phục Hoà, Cao Bằng",
        "path_with_type": "Xã Mỹ Hưng, Huyện Phục Hoà, Tỉnh Cao Bằng",
        "code": "01651",
        "parent_code": "050"
    }
}