{
    "01834": {
        "name": "Nguyễn Thị Minh Khai",
        "type": "phuong",
        "slug": "nguyen-thi-minh-khai",
        "name_with_type": "Phường Nguyễn Thị Minh Khai",
        "path": "Nguyễn Thị Minh Khai, Bắc Kạn, Bắc Kạn",
        "path_with_type": "Phường Nguyễn Thị Minh Khai, Thành Phố Bắc Kạn, Tỉnh Bắc Kạn",
        "code": "01834",
        "parent_code": "058"
    },
    "01837": {
        "name": "Sông Cầu",
        "type": "phuong",
        "slug": "song-cau",
        "name_with_type": "Phường Sông Cầu",
        "path": "Sông Cầu, Bắc Kạn, Bắc Kạn",
        "path_with_type": "Phường Sông Cầu, Thành Phố Bắc Kạn, Tỉnh Bắc Kạn",
        "code": "01837",
        "parent_code": "058"
    },
    "01840": {
        "name": "Đức Xuân",
        "type": "phuong",
        "slug": "duc-xuan",
        "name_with_type": "Phường Đức Xuân",
        "path": "Đức Xuân, Bắc Kạn, Bắc Kạn",
        "path_with_type": "Phường Đức Xuân, Thành Phố Bắc Kạn, Tỉnh Bắc Kạn",
        "code": "01840",
        "parent_code": "058"
    },
    "01843": {
        "name": "Phùng Chí Kiên",
        "type": "phuong",
        "slug": "phung-chi-kien",
        "name_with_type": "Phường Phùng Chí Kiên",
        "path": "Phùng Chí Kiên, Bắc Kạn, Bắc Kạn",
        "path_with_type": "Phường Phùng Chí Kiên, Thành Phố Bắc Kạn, Tỉnh Bắc Kạn",
        "code": "01843",
        "parent_code": "058"
    },
    "01846": {
        "name": "Huyền Tụng",
        "type": "phuong",
        "slug": "huyen-tung",
        "name_with_type": "Phường Huyền Tụng",
        "path": "Huyền Tụng, Bắc Kạn, Bắc Kạn",
        "path_with_type": "Phường Huyền Tụng, Thành Phố Bắc Kạn, Tỉnh Bắc Kạn",
        "code": "01846",
        "parent_code": "058"
    },
    "01849": {
        "name": "Dương Quang",
        "type": "xa",
        "slug": "duong-quang",
        "name_with_type": "Xã Dương Quang",
        "path": "Dương Quang, Bắc Kạn, Bắc Kạn",
        "path_with_type": "Xã Dương Quang, Thành Phố Bắc Kạn, Tỉnh Bắc Kạn",
        "code": "01849",
        "parent_code": "058"
    },
    "01852": {
        "name": "Nông Thượng",
        "type": "xa",
        "slug": "nong-thuong",
        "name_with_type": "Xã Nông Thượng",
        "path": "Nông Thượng, Bắc Kạn, Bắc Kạn",
        "path_with_type": "Xã Nông Thượng, Thành Phố Bắc Kạn, Tỉnh Bắc Kạn",
        "code": "01852",
        "parent_code": "058"
    },
    "01855": {
        "name": "Xuất Hóa",
        "type": "phuong",
        "slug": "xuat-hoa",
        "name_with_type": "Phường Xuất Hóa",
        "path": "Xuất Hóa, Bắc Kạn, Bắc Kạn",
        "path_with_type": "Phường Xuất Hóa, Thành Phố Bắc Kạn, Tỉnh Bắc Kạn",
        "code": "01855",
        "parent_code": "058"
    }
}