{
    "01888": {
        "name": "Chợ Rã",
        "type": "thi-tran",
        "slug": "cho-ra",
        "name_with_type": "Thị trấn Chợ Rã",
        "path": "Chợ Rã, Ba Bể, Bắc Kạn",
        "path_with_type": "Thị trấn Chợ Rã, Huyện Ba Bể, Tỉnh Bắc Kạn",
        "code": "01888",
        "parent_code": "061"
    },
    "01891": {
        "name": "Bành Trạch",
        "type": "xa",
        "slug": "banh-trach",
        "name_with_type": "Xã Bành Trạch",
        "path": "Bành Trạch, Ba Bể, Bắc Kạn",
        "path_with_type": "Xã Bành Trạch, Huyện Ba Bể, Tỉnh Bắc Kạn",
        "code": "01891",
        "parent_code": "061"
    },
    "01894": {
        "name": "Phúc Lộc",
        "type": "xa",
        "slug": "phuc-loc",
        "name_with_type": "Xã Phúc Lộc",
        "path": "Phúc Lộc, Ba Bể, Bắc Kạn",
        "path_with_type": "Xã Phúc Lộc, Huyện Ba Bể, Tỉnh Bắc Kạn",
        "code": "01894",
        "parent_code": "061"
    },
    "01897": {
        "name": "Hà Hiệu",
        "type": "xa",
        "slug": "ha-hieu",
        "name_with_type": "Xã Hà Hiệu",
        "path": "Hà Hiệu, Ba Bể, Bắc Kạn",
        "path_with_type": "Xã Hà Hiệu, Huyện Ba Bể, Tỉnh Bắc Kạn",
        "code": "01897",
        "parent_code": "061"
    },
    "01900": {
        "name": "Cao Thượng",
        "type": "xa",
        "slug": "cao-thuong",
        "name_with_type": "Xã Cao Thượng",
        "path": "Cao Thượng, Ba Bể, Bắc Kạn",
        "path_with_type": "Xã Cao Thượng, Huyện Ba Bể, Tỉnh Bắc Kạn",
        "code": "01900",
        "parent_code": "061"
    },
    "01903": {
        "name": "Cao Trĩ",
        "type": "xa",
        "slug": "cao-tri",
        "name_with_type": "Xã Cao Trĩ",
        "path": "Cao Trĩ, Ba Bể, Bắc Kạn",
        "path_with_type": "Xã Cao Trĩ, Huyện Ba Bể, Tỉnh Bắc Kạn",
        "code": "01903",
        "parent_code": "061"
    },
    "01906": {
        "name": "Khang Ninh",
        "type": "xa",
        "slug": "khang-ninh",
        "name_with_type": "Xã Khang Ninh",
        "path": "Khang Ninh, Ba Bể, Bắc Kạn",
        "path_with_type": "Xã Khang Ninh, Huyện Ba Bể, Tỉnh Bắc Kạn",
        "code": "01906",
        "parent_code": "061"
    },
    "01909": {
        "name": "Nam Mẫu",
        "type": "xa",
        "slug": "nam-mau",
        "name_with_type": "Xã Nam Mẫu",
        "path": "Nam Mẫu, Ba Bể, Bắc Kạn",
        "path_with_type": "Xã Nam Mẫu, Huyện Ba Bể, Tỉnh Bắc Kạn",
        "code": "01909",
        "parent_code": "061"
    },
    "01912": {
        "name": "Thượng Giáo",
        "type": "xa",
        "slug": "thuong-giao",
        "name_with_type": "Xã Thượng Giáo",
        "path": "Thượng Giáo, Ba Bể, Bắc Kạn",
        "path_with_type": "Xã Thượng Giáo, Huyện Ba Bể, Tỉnh Bắc Kạn",
        "code": "01912",
        "parent_code": "061"
    },
    "01915": {
        "name": "Địa Linh",
        "type": "xa",
        "slug": "dia-linh",
        "name_with_type": "Xã Địa Linh",
        "path": "Địa Linh, Ba Bể, Bắc Kạn",
        "path_with_type": "Xã Địa Linh, Huyện Ba Bể, Tỉnh Bắc Kạn",
        "code": "01915",
        "parent_code": "061"
    },
    "01918": {
        "name": "Yến Dương",
        "type": "xa",
        "slug": "yen-duong",
        "name_with_type": "Xã Yến Dương",
        "path": "Yến Dương, Ba Bể, Bắc Kạn",
        "path_with_type": "Xã Yến Dương, Huyện Ba Bể, Tỉnh Bắc Kạn",
        "code": "01918",
        "parent_code": "061"
    },
    "01921": {
        "name": "Chu Hương",
        "type": "xa",
        "slug": "chu-huong",
        "name_with_type": "Xã Chu Hương",
        "path": "Chu Hương, Ba Bể, Bắc Kạn",
        "path_with_type": "Xã Chu Hương, Huyện Ba Bể, Tỉnh Bắc Kạn",
        "code": "01921",
        "parent_code": "061"
    },
    "01924": {
        "name": "Quảng Khê",
        "type": "xa",
        "slug": "quang-khe",
        "name_with_type": "Xã Quảng Khê",
        "path": "Quảng Khê, Ba Bể, Bắc Kạn",
        "path_with_type": "Xã Quảng Khê, Huyện Ba Bể, Tỉnh Bắc Kạn",
        "code": "01924",
        "parent_code": "061"
    },
    "01927": {
        "name": "Mỹ Phương",
        "type": "xa",
        "slug": "my-phuong",
        "name_with_type": "Xã Mỹ Phương",
        "path": "Mỹ Phương, Ba Bể, Bắc Kạn",
        "path_with_type": "Xã Mỹ Phương, Huyện Ba Bể, Tỉnh Bắc Kạn",
        "code": "01927",
        "parent_code": "061"
    },
    "01930": {
        "name": "Hoàng Trĩ",
        "type": "xa",
        "slug": "hoang-tri",
        "name_with_type": "Xã Hoàng Trĩ",
        "path": "Hoàng Trĩ, Ba Bể, Bắc Kạn",
        "path_with_type": "Xã Hoàng Trĩ, Huyện Ba Bể, Tỉnh Bắc Kạn",
        "code": "01930",
        "parent_code": "061"
    },
    "01933": {
        "name": "Đồng Phúc",
        "type": "xa",
        "slug": "dong-phuc",
        "name_with_type": "Xã Đồng Phúc",
        "path": "Đồng Phúc, Ba Bể, Bắc Kạn",
        "path_with_type": "Xã Đồng Phúc, Huyện Ba Bể, Tỉnh Bắc Kạn",
        "code": "01933",
        "parent_code": "061"
    }
}