{
    "01936": {
        "name": "Nà Phặc",
        "type": "thi-tran",
        "slug": "na-phac",
        "name_with_type": "Thị trấn Nà Phặc",
        "path": "Nà Phặc, Ngân Sơn, Bắc Kạn",
        "path_with_type": "Thị trấn Nà Phặc, Huyện Ngân Sơn, Tỉnh Bắc Kạn",
        "code": "01936",
        "parent_code": "062"
    },
    "01939": {
        "name": "Thượng Ân",
        "type": "xa",
        "slug": "thuong-an",
        "name_with_type": "Xã Thượng Ân",
        "path": "Thượng Ân, Ngân Sơn, Bắc Kạn",
        "path_with_type": "Xã Thượng Ân, Huyện Ngân Sơn, Tỉnh Bắc Kạn",
        "code": "01939",
        "parent_code": "062"
    },
    "01942": {
        "name": "Bằng Vân",
        "type": "xa",
        "slug": "bang-van",
        "name_with_type": "Xã Bằng Vân",
        "path": "Bằng Vân, Ngân Sơn, Bắc Kạn",
        "path_with_type": "Xã Bằng Vân, Huyện Ngân Sơn, Tỉnh Bắc Kạn",
        "code": "01942",
        "parent_code": "062"
    },
    "01945": {
        "name": "Cốc Đán",
        "type": "xa",
        "slug": "coc-dan",
        "name_with_type": "Xã Cốc Đán",
        "path": "Cốc Đán, Ngân Sơn, Bắc Kạn",
        "path_with_type": "Xã Cốc Đán, Huyện Ngân Sơn, Tỉnh Bắc Kạn",
        "code": "01945",
        "parent_code": "062"
    },
    "01948": {
        "name": "Trung Hoà",
        "type": "xa",
        "slug": "trung-hoa",
        "name_with_type": "Xã Trung Hoà",
        "path": "Trung Hoà, Ngân Sơn, Bắc Kạn",
        "path_with_type": "Xã Trung Hoà, Huyện Ngân Sơn, Tỉnh Bắc Kạn",
        "code": "01948",
        "parent_code": "062"
    },
    "01951": {
        "name": "Đức Vân",
        "type": "xa",
        "slug": "duc-van",
        "name_with_type": "Xã Đức Vân",
        "path": "Đức Vân, Ngân Sơn, Bắc Kạn",
        "path_with_type": "Xã Đức Vân, Huyện Ngân Sơn, Tỉnh Bắc Kạn",
        "code": "01951",
        "parent_code": "062"
    },
    "01954": {
        "name": "Vân Tùng",
        "type": "xa",
        "slug": "van-tung",
        "name_with_type": "Xã Vân Tùng",
        "path": "Vân Tùng, Ngân Sơn, Bắc Kạn",
        "path_with_type": "Xã Vân Tùng, Huyện Ngân Sơn, Tỉnh Bắc Kạn",
        "code": "01954",
        "parent_code": "062"
    },
    "01957": {
        "name": "Thượng Quan",
        "type": "xa",
        "slug": "thuong-quan",
        "name_with_type": "Xã Thượng Quan",
        "path": "Thượng Quan, Ngân Sơn, Bắc Kạn",
        "path_with_type": "Xã Thượng Quan, Huyện Ngân Sơn, Tỉnh Bắc Kạn",
        "code": "01957",
        "parent_code": "062"
    },
    "01960": {
        "name": "Lãng Ngâm",
        "type": "xa",
        "slug": "lang-ngam",
        "name_with_type": "Xã Lãng Ngâm",
        "path": "Lãng Ngâm, Ngân Sơn, Bắc Kạn",
        "path_with_type": "Xã Lãng Ngâm, Huyện Ngân Sơn, Tỉnh Bắc Kạn",
        "code": "01960",
        "parent_code": "062"
    },
    "01963": {
        "name": "Thuần Mang",
        "type": "xa",
        "slug": "thuan-mang",
        "name_with_type": "Xã Thuần Mang",
        "path": "Thuần Mang, Ngân Sơn, Bắc Kạn",
        "path_with_type": "Xã Thuần Mang, Huyện Ngân Sơn, Tỉnh Bắc Kạn",
        "code": "01963",
        "parent_code": "062"
    },
    "01966": {
        "name": "Hương Nê",
        "type": "xa",
        "slug": "huong-ne",
        "name_with_type": "Xã Hương Nê",
        "path": "Hương Nê, Ngân Sơn, Bắc Kạn",
        "path_with_type": "Xã Hương Nê, Huyện Ngân Sơn, Tỉnh Bắc Kạn",
        "code": "01966",
        "parent_code": "062"
    }
}