{
    "02086": {
        "name": "Chợ Mới",
        "type": "thi-tran",
        "slug": "cho-moi",
        "name_with_type": "Thị trấn Chợ Mới",
        "path": "Chợ Mới, Chợ Mới, Bắc Kạn",
        "path_with_type": "Thị trấn Chợ Mới, Huyện Chợ Mới, Tỉnh Bắc Kạn",
        "code": "02086",
        "parent_code": "065"
    },
    "02089": {
        "name": "Tân Sơn",
        "type": "xa",
        "slug": "tan-son",
        "name_with_type": "Xã Tân Sơn",
        "path": "Tân Sơn, Chợ Mới, Bắc Kạn",
        "path_with_type": "Xã Tân Sơn, Huyện Chợ Mới, Tỉnh Bắc Kạn",
        "code": "02089",
        "parent_code": "065"
    },
    "02092": {
        "name": "Thanh Vận",
        "type": "xa",
        "slug": "thanh-van",
        "name_with_type": "Xã Thanh Vận",
        "path": "Thanh Vận, Chợ Mới, Bắc Kạn",
        "path_with_type": "Xã Thanh Vận, Huyện Chợ Mới, Tỉnh Bắc Kạn",
        "code": "02092",
        "parent_code": "065"
    },
    "02095": {
        "name": "Mai Lạp",
        "type": "xa",
        "slug": "mai-lap",
        "name_with_type": "Xã Mai Lạp",
        "path": "Mai Lạp, Chợ Mới, Bắc Kạn",
        "path_with_type": "Xã Mai Lạp, Huyện Chợ Mới, Tỉnh Bắc Kạn",
        "code": "02095",
        "parent_code": "065"
    },
    "02098": {
        "name": "Hoà Mục",
        "type": "xa",
        "slug": "hoa-muc",
        "name_with_type": "Xã Hoà Mục",
        "path": "Hoà Mục, Chợ Mới, Bắc Kạn",
        "path_with_type": "Xã Hoà Mục, Huyện Chợ Mới, Tỉnh Bắc Kạn",
        "code": "02098",
        "parent_code": "065"
    },
    "02101": {
        "name": "Thanh Mai",
        "type": "xa",
        "slug": "thanh-mai",
        "name_with_type": "Xã Thanh Mai",
        "path": "Thanh Mai, Chợ Mới, Bắc Kạn",
        "path_with_type": "Xã Thanh Mai, Huyện Chợ Mới, Tỉnh Bắc Kạn",
        "code": "02101",
        "parent_code": "065"
    },
    "02104": {
        "name": "Cao Kỳ",
        "type": "xa",
        "slug": "cao-ky",
        "name_with_type": "Xã Cao Kỳ",
        "path": "Cao Kỳ, Chợ Mới, Bắc Kạn",
        "path_with_type": "Xã Cao Kỳ, Huyện Chợ Mới, Tỉnh Bắc Kạn",
        "code": "02104",
        "parent_code": "065"
    },
    "02107": {
        "name": "Nông Hạ",
        "type": "xa",
        "slug": "nong-ha",
        "name_with_type": "Xã Nông Hạ",
        "path": "Nông Hạ, Chợ Mới, Bắc Kạn",
        "path_with_type": "Xã Nông Hạ, Huyện Chợ Mới, Tỉnh Bắc Kạn",
        "code": "02107",
        "parent_code": "065"
    },
    "02110": {
        "name": "Yên Cư",
        "type": "xa",
        "slug": "yen-cu",
        "name_with_type": "Xã Yên Cư",
        "path": "Yên Cư, Chợ Mới, Bắc Kạn",
        "path_with_type": "Xã Yên Cư, Huyện Chợ Mới, Tỉnh Bắc Kạn",
        "code": "02110",
        "parent_code": "065"
    },
    "02113": {
        "name": "Nông Thịnh",
        "type": "xa",
        "slug": "nong-thinh",
        "name_with_type": "Xã Nông Thịnh",
        "path": "Nông Thịnh, Chợ Mới, Bắc Kạn",
        "path_with_type": "Xã Nông Thịnh, Huyện Chợ Mới, Tỉnh Bắc Kạn",
        "code": "02113",
        "parent_code": "065"
    },
    "02116": {
        "name": "Yên Hân",
        "type": "xa",
        "slug": "yen-han",
        "name_with_type": "Xã Yên Hân",
        "path": "Yên Hân, Chợ Mới, Bắc Kạn",
        "path_with_type": "Xã Yên Hân, Huyện Chợ Mới, Tỉnh Bắc Kạn",
        "code": "02116",
        "parent_code": "065"
    },
    "02119": {
        "name": "Thanh Bình",
        "type": "xa",
        "slug": "thanh-binh",
        "name_with_type": "Xã Thanh Bình",
        "path": "Thanh Bình, Chợ Mới, Bắc Kạn",
        "path_with_type": "Xã Thanh Bình, Huyện Chợ Mới, Tỉnh Bắc Kạn",
        "code": "02119",
        "parent_code": "065"
    },
    "02122": {
        "name": "Như Cố",
        "type": "xa",
        "slug": "nhu-co",
        "name_with_type": "Xã Như Cố",
        "path": "Như Cố, Chợ Mới, Bắc Kạn",
        "path_with_type": "Xã Như Cố, Huyện Chợ Mới, Tỉnh Bắc Kạn",
        "code": "02122",
        "parent_code": "065"
    },
    "02125": {
        "name": "Bình Văn",
        "type": "xa",
        "slug": "binh-van",
        "name_with_type": "Xã Bình Văn",
        "path": "Bình Văn, Chợ Mới, Bắc Kạn",
        "path_with_type": "Xã Bình Văn, Huyện Chợ Mới, Tỉnh Bắc Kạn",
        "code": "02125",
        "parent_code": "065"
    },
    "02128": {
        "name": "Yên Đĩnh",
        "type": "xa",
        "slug": "yen-dinh",
        "name_with_type": "Xã Yên Đĩnh",
        "path": "Yên Đĩnh, Chợ Mới, Bắc Kạn",
        "path_with_type": "Xã Yên Đĩnh, Huyện Chợ Mới, Tỉnh Bắc Kạn",
        "code": "02128",
        "parent_code": "065"
    },
    "02131": {
        "name": "Quảng Chu",
        "type": "xa",
        "slug": "quang-chu",
        "name_with_type": "Xã Quảng Chu",
        "path": "Quảng Chu, Chợ Mới, Bắc Kạn",
        "path_with_type": "Xã Quảng Chu, Huyện Chợ Mới, Tỉnh Bắc Kạn",
        "code": "02131",
        "parent_code": "065"
    }
}