{
    "02233": {
        "name": "Phúc Yên",
        "type": "xa",
        "slug": "phuc-yen",
        "name_with_type": "Xã Phúc Yên",
        "path": "Phúc Yên, Lâm Bình, Tuyên Quang",
        "path_with_type": "Xã Phúc Yên, Huyện Lâm Bình, Tỉnh Tuyên Quang",
        "code": "02233",
        "parent_code": "071"
    },
    "02242": {
        "name": "Xuân Lập",
        "type": "xa",
        "slug": "xuan-lap",
        "name_with_type": "Xã Xuân Lập",
        "path": "Xuân Lập, Lâm Bình, Tuyên Quang",
        "path_with_type": "Xã Xuân Lập, Huyện Lâm Bình, Tỉnh Tuyên Quang",
        "code": "02242",
        "parent_code": "071"
    },
    "02251": {
        "name": "Khuôn Hà",
        "type": "xa",
        "slug": "khuon-ha",
        "name_with_type": "Xã Khuôn Hà",
        "path": "Khuôn Hà, Lâm Bình, Tuyên Quang",
        "path_with_type": "Xã Khuôn Hà, Huyện Lâm Bình, Tỉnh Tuyên Quang",
        "code": "02251",
        "parent_code": "071"
    },
    "02266": {
        "name": "Lăng Can",
        "type": "xa",
        "slug": "lang-can",
        "name_with_type": "Xã Lăng Can",
        "path": "Lăng Can, Lâm Bình, Tuyên Quang",
        "path_with_type": "Xã Lăng Can, Huyện Lâm Bình, Tỉnh Tuyên Quang",
        "code": "02266",
        "parent_code": "071"
    },
    "02269": {
        "name": "Thượng Lâm",
        "type": "xa",
        "slug": "thuong-lam",
        "name_with_type": "Xã Thượng Lâm",
        "path": "Thượng Lâm, Lâm Bình, Tuyên Quang",
        "path_with_type": "Xã Thượng Lâm, Huyện Lâm Bình, Tỉnh Tuyên Quang",
        "code": "02269",
        "parent_code": "071"
    },
    "02290": {
        "name": "Bình An",
        "type": "xa",
        "slug": "binh-an",
        "name_with_type": "Xã Bình An",
        "path": "Bình An, Lâm Bình, Tuyên Quang",
        "path_with_type": "Xã Bình An, Huyện Lâm Bình, Tỉnh Tuyên Quang",
        "code": "02290",
        "parent_code": "071"
    },
    "02293": {
        "name": "Hồng Quang",
        "type": "xa",
        "slug": "hong-quang",
        "name_with_type": "Xã Hồng Quang",
        "path": "Hồng Quang, Lâm Bình, Tuyên Quang",
        "path_with_type": "Xã Hồng Quang, Huyện Lâm Bình, Tỉnh Tuyên Quang",
        "code": "02293",
        "parent_code": "071"
    },
    "02296": {
        "name": "Thổ Bình",
        "type": "xa",
        "slug": "tho-binh",
        "name_with_type": "Xã Thổ Bình",
        "path": "Thổ Bình, Lâm Bình, Tuyên Quang",
        "path_with_type": "Xã Thổ Bình, Huyện Lâm Bình, Tỉnh Tuyên Quang",
        "code": "02296",
        "parent_code": "071"
    }
}