{
    "02683": {
        "name": "Bát Xát",
        "type": "thi-tran",
        "slug": "bat-xat",
        "name_with_type": "Thị trấn Bát Xát",
        "path": "Bát Xát, Bát Xát, Lào Cai",
        "path_with_type": "Thị trấn Bát Xát, Huyện Bát Xát, Tỉnh Lào Cai",
        "code": "02683",
        "parent_code": "082"
    },
    "02686": {
        "name": "A Mú Sung",
        "type": "xa",
        "slug": "a-mu-sung",
        "name_with_type": "Xã A Mú Sung",
        "path": "A Mú Sung, Bát Xát, Lào Cai",
        "path_with_type": "Xã A Mú Sung, Huyện Bát Xát, Tỉnh Lào Cai",
        "code": "02686",
        "parent_code": "082"
    },
    "02689": {
        "name": "Nậm Chạc",
        "type": "xa",
        "slug": "nam-chac",
        "name_with_type": "Xã Nậm Chạc",
        "path": "Nậm Chạc, Bát Xát, Lào Cai",
        "path_with_type": "Xã Nậm Chạc, Huyện Bát Xát, Tỉnh Lào Cai",
        "code": "02689",
        "parent_code": "082"
    },
    "02692": {
        "name": "A Lù",
        "type": "xa",
        "slug": "a-lu",
        "name_with_type": "Xã A Lù",
        "path": "A Lù, Bát Xát, Lào Cai",
        "path_with_type": "Xã A Lù, Huyện Bát Xát, Tỉnh Lào Cai",
        "code": "02692",
        "parent_code": "082"
    },
    "02695": {
        "name": "Trịnh Tường",
        "type": "xa",
        "slug": "trinh-tuong",
        "name_with_type": "Xã Trịnh Tường",
        "path": "Trịnh Tường, Bát Xát, Lào Cai",
        "path_with_type": "Xã Trịnh Tường, Huyện Bát Xát, Tỉnh Lào Cai",
        "code": "02695",
        "parent_code": "082"
    },
    "02698": {
        "name": "Ngải Thầu",
        "type": "xa",
        "slug": "ngai-thau",
        "name_with_type": "Xã Ngải Thầu",
        "path": "Ngải Thầu, Bát Xát, Lào Cai",
        "path_with_type": "Xã Ngải Thầu, Huyện Bát Xát, Tỉnh Lào Cai",
        "code": "02698",
        "parent_code": "082"
    },
    "02701": {
        "name": "Y Tý",
        "type": "xa",
        "slug": "y-ty",
        "name_with_type": "Xã Y Tý",
        "path": "Y Tý, Bát Xát, Lào Cai",
        "path_with_type": "Xã Y Tý, Huyện Bát Xát, Tỉnh Lào Cai",
        "code": "02701",
        "parent_code": "082"
    },
    "02704": {
        "name": "Cốc Mỳ",
        "type": "xa",
        "slug": "coc-my",
        "name_with_type": "Xã Cốc Mỳ",
        "path": "Cốc Mỳ, Bát Xát, Lào Cai",
        "path_with_type": "Xã Cốc Mỳ, Huyện Bát Xát, Tỉnh Lào Cai",
        "code": "02704",
        "parent_code": "082"
    },
    "02707": {
        "name": "Dền Sáng",
        "type": "xa",
        "slug": "den-sang",
        "name_with_type": "Xã Dền Sáng",
        "path": "Dền Sáng, Bát Xát, Lào Cai",
        "path_with_type": "Xã Dền Sáng, Huyện Bát Xát, Tỉnh Lào Cai",
        "code": "02707",
        "parent_code": "082"
    },
    "02710": {
        "name": "Bản Vược",
        "type": "xa",
        "slug": "ban-vuoc",
        "name_with_type": "Xã Bản Vược",
        "path": "Bản Vược, Bát Xát, Lào Cai",
        "path_with_type": "Xã Bản Vược, Huyện Bát Xát, Tỉnh Lào Cai",
        "code": "02710",
        "parent_code": "082"
    },
    "02713": {
        "name": "Sàng Ma Sáo",
        "type": "xa",
        "slug": "sang-ma-sao",
        "name_with_type": "Xã Sàng Ma Sáo",
        "path": "Sàng Ma Sáo, Bát Xát, Lào Cai",
        "path_with_type": "Xã Sàng Ma Sáo, Huyện Bát Xát, Tỉnh Lào Cai",
        "code": "02713",
        "parent_code": "082"
    },
    "02716": {
        "name": "Bản Qua",
        "type": "xa",
        "slug": "ban-qua",
        "name_with_type": "Xã Bản Qua",
        "path": "Bản Qua, Bát Xát, Lào Cai",
        "path_with_type": "Xã Bản Qua, Huyện Bát Xát, Tỉnh Lào Cai",
        "code": "02716",
        "parent_code": "082"
    },
    "02719": {
        "name": "Mường Vi",
        "type": "xa",
        "slug": "muong-vi",
        "name_with_type": "Xã Mường Vi",
        "path": "Mường Vi, Bát Xát, Lào Cai",
        "path_with_type": "Xã Mường Vi, Huyện Bát Xát, Tỉnh Lào Cai",
        "code": "02719",
        "parent_code": "082"
    },
    "02722": {
        "name": "Dền Thàng",
        "type": "xa",
        "slug": "den-thang",
        "name_with_type": "Xã Dền Thàng",
        "path": "Dền Thàng, Bát Xát, Lào Cai",
        "path_with_type": "Xã Dền Thàng, Huyện Bát Xát, Tỉnh Lào Cai",
        "code": "02722",
        "parent_code": "082"
    },
    "02725": {
        "name": "Bản Xèo",
        "type": "xa",
        "slug": "ban-xeo",
        "name_with_type": "Xã Bản Xèo",
        "path": "Bản Xèo, Bát Xát, Lào Cai",
        "path_with_type": "Xã Bản Xèo, Huyện Bát Xát, Tỉnh Lào Cai",
        "code": "02725",
        "parent_code": "082"
    },
    "02728": {
        "name": "Mường Hum",
        "type": "xa",
        "slug": "muong-hum",
        "name_with_type": "Xã Mường Hum",
        "path": "Mường Hum, Bát Xát, Lào Cai",
        "path_with_type": "Xã Mường Hum, Huyện Bát Xát, Tỉnh Lào Cai",
        "code": "02728",
        "parent_code": "082"
    },
    "02731": {
        "name": "Trung Lèng Hồ",
        "type": "xa",
        "slug": "trung-leng-ho",
        "name_with_type": "Xã Trung Lèng Hồ",
        "path": "Trung Lèng Hồ, Bát Xát, Lào Cai",
        "path_with_type": "Xã Trung Lèng Hồ, Huyện Bát Xát, Tỉnh Lào Cai",
        "code": "02731",
        "parent_code": "082"
    },
    "02734": {
        "name": "Quang Kim",
        "type": "xa",
        "slug": "quang-kim",
        "name_with_type": "Xã Quang Kim",
        "path": "Quang Kim, Bát Xát, Lào Cai",
        "path_with_type": "Xã Quang Kim, Huyện Bát Xát, Tỉnh Lào Cai",
        "code": "02734",
        "parent_code": "082"
    },
    "02737": {
        "name": "Pa Cheo",
        "type": "xa",
        "slug": "pa-cheo",
        "name_with_type": "Xã Pa Cheo",
        "path": "Pa Cheo, Bát Xát, Lào Cai",
        "path_with_type": "Xã Pa Cheo, Huyện Bát Xát, Tỉnh Lào Cai",
        "code": "02737",
        "parent_code": "082"
    },
    "02740": {
        "name": "Nậm Pung",
        "type": "xa",
        "slug": "nam-pung",
        "name_with_type": "Xã Nậm Pung",
        "path": "Nậm Pung, Bát Xát, Lào Cai",
        "path_with_type": "Xã Nậm Pung, Huyện Bát Xát, Tỉnh Lào Cai",
        "code": "02740",
        "parent_code": "082"
    },
    "02743": {
        "name": "Phìn Ngan",
        "type": "xa",
        "slug": "phin-ngan",
        "name_with_type": "Xã Phìn Ngan",
        "path": "Phìn Ngan, Bát Xát, Lào Cai",
        "path_with_type": "Xã Phìn Ngan, Huyện Bát Xát, Tỉnh Lào Cai",
        "code": "02743",
        "parent_code": "082"
    },
    "02746": {
        "name": "Cốc San",
        "type": "xa",
        "slug": "coc-san",
        "name_with_type": "Xã Cốc San",
        "path": "Cốc San, Bát Xát, Lào Cai",
        "path_with_type": "Xã Cốc San, Huyện Bát Xát, Tỉnh Lào Cai",
        "code": "02746",
        "parent_code": "082"
    },
    "02749": {
        "name": "Tòng Sành",
        "type": "xa",
        "slug": "tong-sanh",
        "name_with_type": "Xã Tòng Sành",
        "path": "Tòng Sành, Bát Xát, Lào Cai",
        "path_with_type": "Xã Tòng Sành, Huyện Bát Xát, Tỉnh Lào Cai",
        "code": "02749",
        "parent_code": "082"
    }
}