{
    "02947": {
        "name": "Phố Ràng",
        "type": "thi-tran",
        "slug": "pho-rang",
        "name_with_type": "Thị trấn Phố Ràng",
        "path": "Phố Ràng, Bảo Yên, Lào Cai",
        "path_with_type": "Thị trấn Phố Ràng, Huyện Bảo Yên, Tỉnh Lào Cai",
        "code": "02947",
        "parent_code": "087"
    },
    "02950": {
        "name": "Tân Tiến",
        "type": "xa",
        "slug": "tan-tien",
        "name_with_type": "Xã Tân Tiến",
        "path": "Tân Tiến, Bảo Yên, Lào Cai",
        "path_with_type": "Xã Tân Tiến, Huyện Bảo Yên, Tỉnh Lào Cai",
        "code": "02950",
        "parent_code": "087"
    },
    "02953": {
        "name": "Nghĩa Đô",
        "type": "xa",
        "slug": "nghia-do",
        "name_with_type": "Xã Nghĩa Đô",
        "path": "Nghĩa Đô, Bảo Yên, Lào Cai",
        "path_with_type": "Xã Nghĩa Đô, Huyện Bảo Yên, Tỉnh Lào Cai",
        "code": "02953",
        "parent_code": "087"
    },
    "02956": {
        "name": "Vĩnh Yên",
        "type": "xa",
        "slug": "vinh-yen",
        "name_with_type": "Xã Vĩnh Yên",
        "path": "Vĩnh Yên, Bảo Yên, Lào Cai",
        "path_with_type": "Xã Vĩnh Yên, Huyện Bảo Yên, Tỉnh Lào Cai",
        "code": "02956",
        "parent_code": "087"
    },
    "02959": {
        "name": "Điện Quan",
        "type": "xa",
        "slug": "dien-quan",
        "name_with_type": "Xã Điện Quan",
        "path": "Điện Quan, Bảo Yên, Lào Cai",
        "path_with_type": "Xã Điện Quan, Huyện Bảo Yên, Tỉnh Lào Cai",
        "code": "02959",
        "parent_code": "087"
    },
    "02962": {
        "name": "Xuân Hoà",
        "type": "xa",
        "slug": "xuan-hoa",
        "name_with_type": "Xã Xuân Hoà",
        "path": "Xuân Hoà, Bảo Yên, Lào Cai",
        "path_with_type": "Xã Xuân Hoà, Huyện Bảo Yên, Tỉnh Lào Cai",
        "code": "02962",
        "parent_code": "087"
    },
    "02965": {
        "name": "Tân Dương",
        "type": "xa",
        "slug": "tan-duong",
        "name_with_type": "Xã Tân Dương",
        "path": "Tân Dương, Bảo Yên, Lào Cai",
        "path_with_type": "Xã Tân Dương, Huyện Bảo Yên, Tỉnh Lào Cai",
        "code": "02965",
        "parent_code": "087"
    },
    "02968": {
        "name": "Thượng Hà",
        "type": "xa",
        "slug": "thuong-ha",
        "name_with_type": "Xã Thượng Hà",
        "path": "Thượng Hà, Bảo Yên, Lào Cai",
        "path_with_type": "Xã Thượng Hà, Huyện Bảo Yên, Tỉnh Lào Cai",
        "code": "02968",
        "parent_code": "087"
    },
    "02971": {
        "name": "Kim Sơn",
        "type": "xa",
        "slug": "kim-son",
        "name_with_type": "Xã Kim Sơn",
        "path": "Kim Sơn, Bảo Yên, Lào Cai",
        "path_with_type": "Xã Kim Sơn, Huyện Bảo Yên, Tỉnh Lào Cai",
        "code": "02971",
        "parent_code": "087"
    },
    "02974": {
        "name": "Cam Cọn",
        "type": "xa",
        "slug": "cam-con",
        "name_with_type": "Xã Cam Cọn",
        "path": "Cam Cọn, Bảo Yên, Lào Cai",
        "path_with_type": "Xã Cam Cọn, Huyện Bảo Yên, Tỉnh Lào Cai",
        "code": "02974",
        "parent_code": "087"
    },
    "02977": {
        "name": "Minh Tân",
        "type": "xa",
        "slug": "minh-tan",
        "name_with_type": "Xã Minh Tân",
        "path": "Minh Tân, Bảo Yên, Lào Cai",
        "path_with_type": "Xã Minh Tân, Huyện Bảo Yên, Tỉnh Lào Cai",
        "code": "02977",
        "parent_code": "087"
    },
    "02980": {
        "name": "Xuân Thượng",
        "type": "xa",
        "slug": "xuan-thuong",
        "name_with_type": "Xã Xuân Thượng",
        "path": "Xuân Thượng, Bảo Yên, Lào Cai",
        "path_with_type": "Xã Xuân Thượng, Huyện Bảo Yên, Tỉnh Lào Cai",
        "code": "02980",
        "parent_code": "087"
    },
    "02983": {
        "name": "Việt Tiến",
        "type": "xa",
        "slug": "viet-tien",
        "name_with_type": "Xã Việt Tiến",
        "path": "Việt Tiến, Bảo Yên, Lào Cai",
        "path_with_type": "Xã Việt Tiến, Huyện Bảo Yên, Tỉnh Lào Cai",
        "code": "02983",
        "parent_code": "087"
    },
    "02986": {
        "name": "Yên Sơn",
        "type": "xa",
        "slug": "yen-son",
        "name_with_type": "Xã Yên Sơn",
        "path": "Yên Sơn, Bảo Yên, Lào Cai",
        "path_with_type": "Xã Yên Sơn, Huyện Bảo Yên, Tỉnh Lào Cai",
        "code": "02986",
        "parent_code": "087"
    },
    "02989": {
        "name": "Bảo Hà",
        "type": "xa",
        "slug": "bao-ha",
        "name_with_type": "Xã Bảo Hà",
        "path": "Bảo Hà, Bảo Yên, Lào Cai",
        "path_with_type": "Xã Bảo Hà, Huyện Bảo Yên, Tỉnh Lào Cai",
        "code": "02989",
        "parent_code": "087"
    },
    "02992": {
        "name": "Lương Sơn",
        "type": "xa",
        "slug": "luong-son",
        "name_with_type": "Xã Lương Sơn",
        "path": "Lương Sơn, Bảo Yên, Lào Cai",
        "path_with_type": "Xã Lương Sơn, Huyện Bảo Yên, Tỉnh Lào Cai",
        "code": "02992",
        "parent_code": "087"
    },
    "02995": {
        "name": "Long Phúc",
        "type": "xa",
        "slug": "long-phuc",
        "name_with_type": "Xã Long Phúc",
        "path": "Long Phúc, Bảo Yên, Lào Cai",
        "path_with_type": "Xã Long Phúc, Huyện Bảo Yên, Tỉnh Lào Cai",
        "code": "02995",
        "parent_code": "087"
    },
    "02998": {
        "name": "Long Khánh",
        "type": "xa",
        "slug": "long-khanh",
        "name_with_type": "Xã Long Khánh",
        "path": "Long Khánh, Bảo Yên, Lào Cai",
        "path_with_type": "Xã Long Khánh, Huyện Bảo Yên, Tỉnh Lào Cai",
        "code": "02998",
        "parent_code": "087"
    }
}