{
    "03217": {
        "name": "Tủa Chùa",
        "type": "thi-tran",
        "slug": "tua-chua",
        "name_with_type": "Thị trấn Tủa Chùa",
        "path": "Tủa Chùa, Tủa Chùa, Điện Biên",
        "path_with_type": "Thị trấn Tủa Chùa, Huyện Tủa Chùa, Tỉnh Điện Biên",
        "code": "03217",
        "parent_code": "098"
    },
    "03220": {
        "name": "Huổi Só",
        "type": "xa",
        "slug": "huoi-so",
        "name_with_type": "Xã Huổi Só",
        "path": "Huổi Só, Tủa Chùa, Điện Biên",
        "path_with_type": "Xã Huổi Só, Huyện Tủa Chùa, Tỉnh Điện Biên",
        "code": "03220",
        "parent_code": "098"
    },
    "03223": {
        "name": "Xín Chải",
        "type": "xa",
        "slug": "xin-chai",
        "name_with_type": "Xã Xín Chải",
        "path": "Xín Chải, Tủa Chùa, Điện Biên",
        "path_with_type": "Xã Xín Chải, Huyện Tủa Chùa, Tỉnh Điện Biên",
        "code": "03223",
        "parent_code": "098"
    },
    "03226": {
        "name": "Tả Sìn Thàng",
        "type": "xa",
        "slug": "ta-sin-thang",
        "name_with_type": "Xã Tả Sìn Thàng",
        "path": "Tả Sìn Thàng, Tủa Chùa, Điện Biên",
        "path_with_type": "Xã Tả Sìn Thàng, Huyện Tủa Chùa, Tỉnh Điện Biên",
        "code": "03226",
        "parent_code": "098"
    },
    "03229": {
        "name": "Lao Xả Phình",
        "type": "xa",
        "slug": "lao-xa-phinh",
        "name_with_type": "Xã Lao Xả Phình",
        "path": "Lao Xả Phình, Tủa Chùa, Điện Biên",
        "path_with_type": "Xã Lao Xả Phình, Huyện Tủa Chùa, Tỉnh Điện Biên",
        "code": "03229",
        "parent_code": "098"
    },
    "03232": {
        "name": "Tả Phìn",
        "type": "xa",
        "slug": "ta-phin",
        "name_with_type": "Xã Tả Phìn",
        "path": "Tả Phìn, Tủa Chùa, Điện Biên",
        "path_with_type": "Xã Tả Phìn, Huyện Tủa Chùa, Tỉnh Điện Biên",
        "code": "03232",
        "parent_code": "098"
    },
    "03235": {
        "name": "Tủa Thàng",
        "type": "xa",
        "slug": "tua-thang",
        "name_with_type": "Xã Tủa Thàng",
        "path": "Tủa Thàng, Tủa Chùa, Điện Biên",
        "path_with_type": "Xã Tủa Thàng, Huyện Tủa Chùa, Tỉnh Điện Biên",
        "code": "03235",
        "parent_code": "098"
    },
    "03238": {
        "name": "Trung Thu",
        "type": "xa",
        "slug": "trung-thu",
        "name_with_type": "Xã Trung Thu",
        "path": "Trung Thu, Tủa Chùa, Điện Biên",
        "path_with_type": "Xã Trung Thu, Huyện Tủa Chùa, Tỉnh Điện Biên",
        "code": "03238",
        "parent_code": "098"
    },
    "03241": {
        "name": "Sính Phình",
        "type": "xa",
        "slug": "sinh-phinh",
        "name_with_type": "Xã Sính Phình",
        "path": "Sính Phình, Tủa Chùa, Điện Biên",
        "path_with_type": "Xã Sính Phình, Huyện Tủa Chùa, Tỉnh Điện Biên",
        "code": "03241",
        "parent_code": "098"
    },
    "03244": {
        "name": "Sáng Nhè",
        "type": "xa",
        "slug": "sang-nhe",
        "name_with_type": "Xã Sáng Nhè",
        "path": "Sáng Nhè, Tủa Chùa, Điện Biên",
        "path_with_type": "Xã Sáng Nhè, Huyện Tủa Chùa, Tỉnh Điện Biên",
        "code": "03244",
        "parent_code": "098"
    },
    "03247": {
        "name": "Mường Đun",
        "type": "xa",
        "slug": "muong-dun",
        "name_with_type": "Xã Mường Đun",
        "path": "Mường Đun, Tủa Chùa, Điện Biên",
        "path_with_type": "Xã Mường Đun, Huyện Tủa Chùa, Tỉnh Điện Biên",
        "code": "03247",
        "parent_code": "098"
    },
    "03250": {
        "name": "Mường Báng",
        "type": "xa",
        "slug": "muong-bang",
        "name_with_type": "Xã Mường Báng",
        "path": "Mường Báng, Tủa Chùa, Điện Biên",
        "path_with_type": "Xã Mường Báng, Huyện Tủa Chùa, Tỉnh Điện Biên",
        "code": "03250",
        "parent_code": "098"
    }
}