{
    "03203": {
        "name": "Điện Biên Đông",
        "type": "thi-tran",
        "slug": "dien-bien-dong",
        "name_with_type": "Thị trấn Điện Biên Đông",
        "path": "Điện Biên Đông, Điện Biên Đông, Điện Biên",
        "path_with_type": "Thị trấn Điện Biên Đông, Huyện Điện Biên Đông, Tỉnh Điện Biên",
        "code": "03203",
        "parent_code": "101"
    },
    "03205": {
        "name": "Na Son",
        "type": "xa",
        "slug": "na-son",
        "name_with_type": "Xã Na Son",
        "path": "Na Son, Điện Biên Đông, Điện Biên",
        "path_with_type": "Xã Na Son, Huyện Điện Biên Đông, Tỉnh Điện Biên",
        "code": "03205",
        "parent_code": "101"
    },
    "03208": {
        "name": "Phì Nhừ",
        "type": "xa",
        "slug": "phi-nhu",
        "name_with_type": "Xã Phì Nhừ",
        "path": "Phì Nhừ, Điện Biên Đông, Điện Biên",
        "path_with_type": "Xã Phì Nhừ, Huyện Điện Biên Đông, Tỉnh Điện Biên",
        "code": "03208",
        "parent_code": "101"
    },
    "03211": {
        "name": "Chiềng Sơ",
        "type": "xa",
        "slug": "chieng-so",
        "name_with_type": "Xã Chiềng Sơ",
        "path": "Chiềng Sơ, Điện Biên Đông, Điện Biên",
        "path_with_type": "Xã Chiềng Sơ, Huyện Điện Biên Đông, Tỉnh Điện Biên",
        "code": "03211",
        "parent_code": "101"
    },
    "03214": {
        "name": "Mường Luân",
        "type": "xa",
        "slug": "muong-luan",
        "name_with_type": "Xã Mường Luân",
        "path": "Mường Luân, Điện Biên Đông, Điện Biên",
        "path_with_type": "Xã Mường Luân, Huyện Điện Biên Đông, Tỉnh Điện Biên",
        "code": "03214",
        "parent_code": "101"
    },
    "03370": {
        "name": "Pú Nhi",
        "type": "xa",
        "slug": "pu-nhi",
        "name_with_type": "Xã Pú Nhi",
        "path": "Pú Nhi, Điện Biên Đông, Điện Biên",
        "path_with_type": "Xã Pú Nhi, Huyện Điện Biên Đông, Tỉnh Điện Biên",
        "code": "03370",
        "parent_code": "101"
    },
    "03371": {
        "name": "Nong U",
        "type": "xa",
        "slug": "nong-u",
        "name_with_type": "Xã Nong U",
        "path": "Nong U, Điện Biên Đông, Điện Biên",
        "path_with_type": "Xã Nong U, Huyện Điện Biên Đông, Tỉnh Điện Biên",
        "code": "03371",
        "parent_code": "101"
    },
    "03373": {
        "name": "Xa Dung",
        "type": "xa",
        "slug": "xa-dung",
        "name_with_type": "Xã Xa Dung",
        "path": "Xa Dung, Điện Biên Đông, Điện Biên",
        "path_with_type": "Xã Xa Dung, Huyện Điện Biên Đông, Tỉnh Điện Biên",
        "code": "03373",
        "parent_code": "101"
    },
    "03376": {
        "name": "Keo Lôm",
        "type": "xa",
        "slug": "keo-lom",
        "name_with_type": "Xã Keo Lôm",
        "path": "Keo Lôm, Điện Biên Đông, Điện Biên",
        "path_with_type": "Xã Keo Lôm, Huyện Điện Biên Đông, Tỉnh Điện Biên",
        "code": "03376",
        "parent_code": "101"
    },
    "03379": {
        "name": "Luân Giới",
        "type": "xa",
        "slug": "luan-gioi",
        "name_with_type": "Xã Luân Giới",
        "path": "Luân Giới, Điện Biên Đông, Điện Biên",
        "path_with_type": "Xã Luân Giới, Huyện Điện Biên Đông, Tỉnh Điện Biên",
        "code": "03379",
        "parent_code": "101"
    },
    "03382": {
        "name": "Phình Giàng",
        "type": "xa",
        "slug": "phinh-giang",
        "name_with_type": "Xã Phình Giàng",
        "path": "Phình Giàng, Điện Biên Đông, Điện Biên",
        "path_with_type": "Xã Phình Giàng, Huyện Điện Biên Đông, Tỉnh Điện Biên",
        "code": "03382",
        "parent_code": "101"
    },
    "03383": {
        "name": "Pú Hồng",
        "type": "xa",
        "slug": "pu-hong",
        "name_with_type": "Xã Pú Hồng",
        "path": "Pú Hồng, Điện Biên Đông, Điện Biên",
        "path_with_type": "Xã Pú Hồng, Huyện Điện Biên Đông, Tỉnh Điện Biên",
        "code": "03383",
        "parent_code": "101"
    },
    "03384": {
        "name": "Tìa Dình",
        "type": "xa",
        "slug": "tia-dinh",
        "name_with_type": "Xã Tìa Dình",
        "path": "Tìa Dình, Điện Biên Đông, Điện Biên",
        "path_with_type": "Xã Tìa Dình, Huyện Điện Biên Đông, Tỉnh Điện Biên",
        "code": "03384",
        "parent_code": "101"
    },
    "03385": {
        "name": "Háng Lìa",
        "type": "xa",
        "slug": "hang-lia",
        "name_with_type": "Xã Háng Lìa",
        "path": "Háng Lìa, Điện Biên Đông, Điện Biên",
        "path_with_type": "Xã Háng Lìa, Huyện Điện Biên Đông, Tỉnh Điện Biên",
        "code": "03385",
        "parent_code": "101"
    }
}