{
    "03256": {
        "name": "Mường Ảng",
        "type": "thi-tran",
        "slug": "muong-ang",
        "name_with_type": "Thị trấn Mường Ảng",
        "path": "Mường Ảng, Mường Ảng, Điện Biên",
        "path_with_type": "Thị trấn Mường Ảng, Huyện Mường Ảng, Tỉnh Điện Biên",
        "code": "03256",
        "parent_code": "102"
    },
    "03286": {
        "name": "Mường Đăng",
        "type": "xa",
        "slug": "muong-dang",
        "name_with_type": "Xã Mường Đăng",
        "path": "Mường Đăng, Mường Ảng, Điện Biên",
        "path_with_type": "Xã Mường Đăng, Huyện Mường Ảng, Tỉnh Điện Biên",
        "code": "03286",
        "parent_code": "102"
    },
    "03287": {
        "name": "Ngối Cáy",
        "type": "xa",
        "slug": "ngoi-cay",
        "name_with_type": "Xã Ngối Cáy",
        "path": "Ngối Cáy, Mường Ảng, Điện Biên",
        "path_with_type": "Xã Ngối Cáy, Huyện Mường Ảng, Tỉnh Điện Biên",
        "code": "03287",
        "parent_code": "102"
    },
    "03292": {
        "name": "Ẳng Tở",
        "type": "xa",
        "slug": "ang-to",
        "name_with_type": "Xã Ẳng Tở",
        "path": "Ẳng Tở, Mường Ảng, Điện Biên",
        "path_with_type": "Xã Ẳng Tở, Huyện Mường Ảng, Tỉnh Điện Biên",
        "code": "03292",
        "parent_code": "102"
    },
    "03301": {
        "name": "Búng Lao",
        "type": "xa",
        "slug": "bung-lao",
        "name_with_type": "Xã Búng Lao",
        "path": "Búng Lao, Mường Ảng, Điện Biên",
        "path_with_type": "Xã Búng Lao, Huyện Mường Ảng, Tỉnh Điện Biên",
        "code": "03301",
        "parent_code": "102"
    },
    "03302": {
        "name": "Xuân Lao",
        "type": "xa",
        "slug": "xuan-lao",
        "name_with_type": "Xã Xuân Lao",
        "path": "Xuân Lao, Mường Ảng, Điện Biên",
        "path_with_type": "Xã Xuân Lao, Huyện Mường Ảng, Tỉnh Điện Biên",
        "code": "03302",
        "parent_code": "102"
    },
    "03307": {
        "name": "Ẳng Nưa",
        "type": "xa",
        "slug": "ang-nua",
        "name_with_type": "Xã Ẳng Nưa",
        "path": "Ẳng Nưa, Mường Ảng, Điện Biên",
        "path_with_type": "Xã Ẳng Nưa, Huyện Mường Ảng, Tỉnh Điện Biên",
        "code": "03307",
        "parent_code": "102"
    },
    "03310": {
        "name": "Ẳng Cang",
        "type": "xa",
        "slug": "ang-cang",
        "name_with_type": "Xã Ẳng Cang",
        "path": "Ẳng Cang, Mường Ảng, Điện Biên",
        "path_with_type": "Xã Ẳng Cang, Huyện Mường Ảng, Tỉnh Điện Biên",
        "code": "03310",
        "parent_code": "102"
    },
    "03312": {
        "name": "Nặm Lịch",
        "type": "xa",
        "slug": "nam-lich",
        "name_with_type": "Xã Nặm Lịch",
        "path": "Nặm Lịch, Mường Ảng, Điện Biên",
        "path_with_type": "Xã Nặm Lịch, Huyện Mường Ảng, Tỉnh Điện Biên",
        "code": "03312",
        "parent_code": "102"
    },
    "03313": {
        "name": "Mường Lạn",
        "type": "xa",
        "slug": "muong-lan",
        "name_with_type": "Xã Mường Lạn",
        "path": "Mường Lạn, Mường Ảng, Điện Biên",
        "path_with_type": "Xã Mường Lạn, Huyện Mường Ảng, Tỉnh Điện Biên",
        "code": "03313",
        "parent_code": "102"
    }
}