{
    "03386": {
        "name": "Quyết Thắng",
        "type": "phuong",
        "slug": "quyet-thang",
        "name_with_type": "Phường Quyết Thắng",
        "path": "Quyết Thắng, Lai Châu, Lai Châu",
        "path_with_type": "Phường Quyết Thắng, Thành phố Lai Châu, Tỉnh Lai Châu",
        "code": "03386",
        "parent_code": "105"
    },
    "03387": {
        "name": "Tân Phong",
        "type": "phuong",
        "slug": "tan-phong",
        "name_with_type": "Phường Tân Phong",
        "path": "Tân Phong, Lai Châu, Lai Châu",
        "path_with_type": "Phường Tân Phong, Thành phố Lai Châu, Tỉnh Lai Châu",
        "code": "03387",
        "parent_code": "105"
    },
    "03388": {
        "name": "Quyết Tiến",
        "type": "phuong",
        "slug": "quyet-tien",
        "name_with_type": "Phường Quyết Tiến",
        "path": "Quyết Tiến, Lai Châu, Lai Châu",
        "path_with_type": "Phường Quyết Tiến, Thành phố Lai Châu, Tỉnh Lai Châu",
        "code": "03388",
        "parent_code": "105"
    },
    "03389": {
        "name": "Đoàn Kết",
        "type": "phuong",
        "slug": "doan-ket",
        "name_with_type": "Phường Đoàn Kết",
        "path": "Đoàn Kết, Lai Châu, Lai Châu",
        "path_with_type": "Phường Đoàn Kết, Thành phố Lai Châu, Tỉnh Lai Châu",
        "code": "03389",
        "parent_code": "105"
    },
    "03403": {
        "name": "Nậm Loỏng",
        "type": "xa",
        "slug": "nam-loong",
        "name_with_type": "Xã Nậm Loỏng",
        "path": "Nậm Loỏng, Lai Châu, Lai Châu",
        "path_with_type": "Xã Nậm Loỏng, Thành phố Lai Châu, Tỉnh Lai Châu",
        "code": "03403",
        "parent_code": "105"
    },
    "03408": {
        "name": "Đông Phong",
        "type": "phuong",
        "slug": "dong-phong",
        "name_with_type": "Phường Đông Phong",
        "path": "Đông Phong, Lai Châu, Lai Châu",
        "path_with_type": "Phường Đông Phong, Thành phố Lai Châu, Tỉnh Lai Châu",
        "code": "03408",
        "parent_code": "105"
    },
    "03409": {
        "name": "San Thàng",
        "type": "xa",
        "slug": "san-thang",
        "name_with_type": "Xã San Thàng",
        "path": "San Thàng, Lai Châu, Lai Châu",
        "path_with_type": "Xã San Thàng, Thành phố Lai Châu, Tỉnh Lai Châu",
        "code": "03409",
        "parent_code": "105"
    }
}