{
    "03478": {
        "name": "Sìn Hồ",
        "type": "thi-tran",
        "slug": "sin-ho",
        "name_with_type": "Thị trấn Sìn Hồ",
        "path": "Sìn Hồ, Sìn Hồ, Lai Châu",
        "path_with_type": "Thị trấn Sìn Hồ, Huyện Sìn Hồ, Tỉnh Lai Châu",
        "code": "03478",
        "parent_code": "108"
    },
    "03487": {
        "name": "Chăn Nưa",
        "type": "xa",
        "slug": "chan-nua",
        "name_with_type": "Xã Chăn Nưa",
        "path": "Chăn Nưa, Sìn Hồ, Lai Châu",
        "path_with_type": "Xã Chăn Nưa, Huyện Sìn Hồ, Tỉnh Lai Châu",
        "code": "03487",
        "parent_code": "108"
    },
    "03493": {
        "name": "Pa Tần",
        "type": "xa",
        "slug": "pa-tan",
        "name_with_type": "Xã Pa Tần",
        "path": "Pa Tần, Sìn Hồ, Lai Châu",
        "path_with_type": "Xã Pa Tần, Huyện Sìn Hồ, Tỉnh Lai Châu",
        "code": "03493",
        "parent_code": "108"
    },
    "03496": {
        "name": "Phìn Hồ",
        "type": "xa",
        "slug": "phin-ho",
        "name_with_type": "Xã Phìn Hồ",
        "path": "Phìn Hồ, Sìn Hồ, Lai Châu",
        "path_with_type": "Xã Phìn Hồ, Huyện Sìn Hồ, Tỉnh Lai Châu",
        "code": "03496",
        "parent_code": "108"
    },
    "03499": {
        "name": "Hồng Thu",
        "type": "xa",
        "slug": "hong-thu",
        "name_with_type": "Xã Hồng Thu",
        "path": "Hồng Thu, Sìn Hồ, Lai Châu",
        "path_with_type": "Xã Hồng Thu, Huyện Sìn Hồ, Tỉnh Lai Châu",
        "code": "03499",
        "parent_code": "108"
    },
    "03505": {
        "name": "Phăng Sô Lin",
        "type": "xa",
        "slug": "phang-so-lin",
        "name_with_type": "Xã Phăng Sô Lin",
        "path": "Phăng Sô Lin, Sìn Hồ, Lai Châu",
        "path_with_type": "Xã Phăng Sô Lin, Huyện Sìn Hồ, Tỉnh Lai Châu",
        "code": "03505",
        "parent_code": "108"
    },
    "03508": {
        "name": "Ma Quai",
        "type": "xa",
        "slug": "ma-quai",
        "name_with_type": "Xã Ma Quai",
        "path": "Ma Quai, Sìn Hồ, Lai Châu",
        "path_with_type": "Xã Ma Quai, Huyện Sìn Hồ, Tỉnh Lai Châu",
        "code": "03508",
        "parent_code": "108"
    },
    "03509": {
        "name": "Lùng Thàng",
        "type": "xa",
        "slug": "lung-thang",
        "name_with_type": "Xã Lùng Thàng",
        "path": "Lùng Thàng, Sìn Hồ, Lai Châu",
        "path_with_type": "Xã Lùng Thàng, Huyện Sìn Hồ, Tỉnh Lai Châu",
        "code": "03509",
        "parent_code": "108"
    },
    "03511": {
        "name": "Tả Phìn",
        "type": "xa",
        "slug": "ta-phin",
        "name_with_type": "Xã Tả Phìn",
        "path": "Tả Phìn, Sìn Hồ, Lai Châu",
        "path_with_type": "Xã Tả Phìn, Huyện Sìn Hồ, Tỉnh Lai Châu",
        "code": "03511",
        "parent_code": "108"
    },
    "03514": {
        "name": "Sà Dề Phìn",
        "type": "xa",
        "slug": "sa-de-phin",
        "name_with_type": "Xã Sà Dề Phìn",
        "path": "Sà Dề Phìn, Sìn Hồ, Lai Châu",
        "path_with_type": "Xã Sà Dề Phìn, Huyện Sìn Hồ, Tỉnh Lai Châu",
        "code": "03514",
        "parent_code": "108"
    },
    "03517": {
        "name": "Nậm Tăm",
        "type": "xa",
        "slug": "nam-tam",
        "name_with_type": "Xã Nậm Tăm",
        "path": "Nậm Tăm, Sìn Hồ, Lai Châu",
        "path_with_type": "Xã Nậm Tăm, Huyện Sìn Hồ, Tỉnh Lai Châu",
        "code": "03517",
        "parent_code": "108"
    },
    "03520": {
        "name": "Tả Ngảo",
        "type": "xa",
        "slug": "ta-ngao",
        "name_with_type": "Xã Tả Ngảo",
        "path": "Tả Ngảo, Sìn Hồ, Lai Châu",
        "path_with_type": "Xã Tả Ngảo, Huyện Sìn Hồ, Tỉnh Lai Châu",
        "code": "03520",
        "parent_code": "108"
    },
    "03523": {
        "name": "Pu Sam Cáp",
        "type": "xa",
        "slug": "pu-sam-cap",
        "name_with_type": "Xã Pu Sam Cáp",
        "path": "Pu Sam Cáp, Sìn Hồ, Lai Châu",
        "path_with_type": "Xã Pu Sam Cáp, Huyện Sìn Hồ, Tỉnh Lai Châu",
        "code": "03523",
        "parent_code": "108"
    },
    "03526": {
        "name": "Nậm Cha",
        "type": "xa",
        "slug": "nam-cha",
        "name_with_type": "Xã Nậm Cha",
        "path": "Nậm Cha, Sìn Hồ, Lai Châu",
        "path_with_type": "Xã Nậm Cha, Huyện Sìn Hồ, Tỉnh Lai Châu",
        "code": "03526",
        "parent_code": "108"
    },
    "03527": {
        "name": "Pa Khoá",
        "type": "xa",
        "slug": "pa-khoa",
        "name_with_type": "Xã Pa Khoá",
        "path": "Pa Khoá, Sìn Hồ, Lai Châu",
        "path_with_type": "Xã Pa Khoá, Huyện Sìn Hồ, Tỉnh Lai Châu",
        "code": "03527",
        "parent_code": "108"
    },
    "03529": {
        "name": "Làng Mô",
        "type": "xa",
        "slug": "lang-mo",
        "name_with_type": "Xã Làng Mô",
        "path": "Làng Mô, Sìn Hồ, Lai Châu",
        "path_with_type": "Xã Làng Mô, Huyện Sìn Hồ, Tỉnh Lai Châu",
        "code": "03529",
        "parent_code": "108"
    },
    "03532": {
        "name": "Noong Hẻo",
        "type": "xa",
        "slug": "noong-heo",
        "name_with_type": "Xã Noong Hẻo",
        "path": "Noong Hẻo, Sìn Hồ, Lai Châu",
        "path_with_type": "Xã Noong Hẻo, Huyện Sìn Hồ, Tỉnh Lai Châu",
        "code": "03532",
        "parent_code": "108"
    },
    "03535": {
        "name": "Nậm Mạ",
        "type": "xa",
        "slug": "nam-ma",
        "name_with_type": "Xã Nậm Mạ",
        "path": "Nậm Mạ, Sìn Hồ, Lai Châu",
        "path_with_type": "Xã Nậm Mạ, Huyện Sìn Hồ, Tỉnh Lai Châu",
        "code": "03535",
        "parent_code": "108"
    },
    "03538": {
        "name": "Căn Co",
        "type": "xa",
        "slug": "can-co",
        "name_with_type": "Xã Căn Co",
        "path": "Căn Co, Sìn Hồ, Lai Châu",
        "path_with_type": "Xã Căn Co, Huyện Sìn Hồ, Tỉnh Lai Châu",
        "code": "03538",
        "parent_code": "108"
    },
    "03541": {
        "name": "Tủa Sín Chải",
        "type": "xa",
        "slug": "tua-sin-chai",
        "name_with_type": "Xã Tủa Sín Chải",
        "path": "Tủa Sín Chải, Sìn Hồ, Lai Châu",
        "path_with_type": "Xã Tủa Sín Chải, Huyện Sìn Hồ, Tỉnh Lai Châu",
        "code": "03541",
        "parent_code": "108"
    },
    "03544": {
        "name": "Nậm Cuổi",
        "type": "xa",
        "slug": "nam-cuoi",
        "name_with_type": "Xã Nậm Cuổi",
        "path": "Nậm Cuổi, Sìn Hồ, Lai Châu",
        "path_with_type": "Xã Nậm Cuổi, Huyện Sìn Hồ, Tỉnh Lai Châu",
        "code": "03544",
        "parent_code": "108"
    },
    "03547": {
        "name": "Nậm Hăn",
        "type": "xa",
        "slug": "nam-han",
        "name_with_type": "Xã Nậm Hăn",
        "path": "Nậm Hăn, Sìn Hồ, Lai Châu",
        "path_with_type": "Xã Nậm Hăn, Huyện Sìn Hồ, Tỉnh Lai Châu",
        "code": "03547",
        "parent_code": "108"
    }
}