{
    "03391": {
        "name": "Lả Nhì Thàng",
        "type": "xa",
        "slug": "la-nhi-thang",
        "name_with_type": "Xã Lả Nhì Thàng",
        "path": "Lả Nhì Thàng, Phong Thổ, Lai Châu",
        "path_with_type": "Xã Lả Nhì Thàng, Huyện Phong Thổ, Tỉnh Lai Châu",
        "code": "03391",
        "parent_code": "109"
    },
    "03490": {
        "name": "Huổi Luông",
        "type": "xa",
        "slug": "huoi-luong",
        "name_with_type": "Xã Huổi Luông",
        "path": "Huổi Luông, Phong Thổ, Lai Châu",
        "path_with_type": "Xã Huổi Luông, Huyện Phong Thổ, Tỉnh Lai Châu",
        "code": "03490",
        "parent_code": "109"
    },
    "03549": {
        "name": "Phong Thổ",
        "type": "thi-tran",
        "slug": "phong-tho",
        "name_with_type": "Thị trấn Phong Thổ",
        "path": "Phong Thổ, Phong Thổ, Lai Châu",
        "path_with_type": "Thị trấn Phong Thổ, Huyện Phong Thổ, Tỉnh Lai Châu",
        "code": "03549",
        "parent_code": "109"
    },
    "03550": {
        "name": "Sì Lờ Lầu",
        "type": "xa",
        "slug": "si-lo-lau",
        "name_with_type": "Xã Sì Lờ Lầu",
        "path": "Sì Lờ Lầu, Phong Thổ, Lai Châu",
        "path_with_type": "Xã Sì Lờ Lầu, Huyện Phong Thổ, Tỉnh Lai Châu",
        "code": "03550",
        "parent_code": "109"
    },
    "03553": {
        "name": "Mồ Sì San",
        "type": "xa",
        "slug": "mo-si-san",
        "name_with_type": "Xã Mồ Sì San",
        "path": "Mồ Sì San, Phong Thổ, Lai Châu",
        "path_with_type": "Xã Mồ Sì San, Huyện Phong Thổ, Tỉnh Lai Châu",
        "code": "03553",
        "parent_code": "109"
    },
    "03556": {
        "name": "Ma Li Chải",
        "type": "xa",
        "slug": "ma-li-chai",
        "name_with_type": "Xã Ma Li Chải",
        "path": "Ma Li Chải, Phong Thổ, Lai Châu",
        "path_with_type": "Xã Ma Li Chải, Huyện Phong Thổ, Tỉnh Lai Châu",
        "code": "03556",
        "parent_code": "109"
    },
    "03559": {
        "name": "Pa Vây Sử",
        "type": "xa",
        "slug": "pa-vay-su",
        "name_with_type": "Xã Pa Vây Sử",
        "path": "Pa Vây Sử, Phong Thổ, Lai Châu",
        "path_with_type": "Xã Pa Vây Sử, Huyện Phong Thổ, Tỉnh Lai Châu",
        "code": "03559",
        "parent_code": "109"
    },
    "03562": {
        "name": "Vàng Ma Chải",
        "type": "xa",
        "slug": "vang-ma-chai",
        "name_with_type": "Xã Vàng Ma Chải",
        "path": "Vàng Ma Chải, Phong Thổ, Lai Châu",
        "path_with_type": "Xã Vàng Ma Chải, Huyện Phong Thổ, Tỉnh Lai Châu",
        "code": "03562",
        "parent_code": "109"
    },
    "03565": {
        "name": "Tông Qua Lìn",
        "type": "xa",
        "slug": "tong-qua-lin",
        "name_with_type": "Xã Tông Qua Lìn",
        "path": "Tông Qua Lìn, Phong Thổ, Lai Châu",
        "path_with_type": "Xã Tông Qua Lìn, Huyện Phong Thổ, Tỉnh Lai Châu",
        "code": "03565",
        "parent_code": "109"
    },
    "03568": {
        "name": "Mù Sang",
        "type": "xa",
        "slug": "mu-sang",
        "name_with_type": "Xã Mù Sang",
        "path": "Mù Sang, Phong Thổ, Lai Châu",
        "path_with_type": "Xã Mù Sang, Huyện Phong Thổ, Tỉnh Lai Châu",
        "code": "03568",
        "parent_code": "109"
    },
    "03571": {
        "name": "Dào San",
        "type": "xa",
        "slug": "dao-san",
        "name_with_type": "Xã Dào San",
        "path": "Dào San, Phong Thổ, Lai Châu",
        "path_with_type": "Xã Dào San, Huyện Phong Thổ, Tỉnh Lai Châu",
        "code": "03571",
        "parent_code": "109"
    },
    "03574": {
        "name": "Ma Ly Pho",
        "type": "xa",
        "slug": "ma-ly-pho",
        "name_with_type": "Xã Ma Ly Pho",
        "path": "Ma Ly Pho, Phong Thổ, Lai Châu",
        "path_with_type": "Xã Ma Ly Pho, Huyện Phong Thổ, Tỉnh Lai Châu",
        "code": "03574",
        "parent_code": "109"
    },
    "03577": {
        "name": "Bản Lang",
        "type": "xa",
        "slug": "ban-lang",
        "name_with_type": "Xã Bản Lang",
        "path": "Bản Lang, Phong Thổ, Lai Châu",
        "path_with_type": "Xã Bản Lang, Huyện Phong Thổ, Tỉnh Lai Châu",
        "code": "03577",
        "parent_code": "109"
    },
    "03580": {
        "name": "Hoang Thèn",
        "type": "xa",
        "slug": "hoang-then",
        "name_with_type": "Xã Hoang Thèn",
        "path": "Hoang Thèn, Phong Thổ, Lai Châu",
        "path_with_type": "Xã Hoang Thèn, Huyện Phong Thổ, Tỉnh Lai Châu",
        "code": "03580",
        "parent_code": "109"
    },
    "03583": {
        "name": "Khổng Lào",
        "type": "xa",
        "slug": "khong-lao",
        "name_with_type": "Xã Khổng Lào",
        "path": "Khổng Lào, Phong Thổ, Lai Châu",
        "path_with_type": "Xã Khổng Lào, Huyện Phong Thổ, Tỉnh Lai Châu",
        "code": "03583",
        "parent_code": "109"
    },
    "03586": {
        "name": "Nậm Xe",
        "type": "xa",
        "slug": "nam-xe",
        "name_with_type": "Xã Nậm Xe",
        "path": "Nậm Xe, Phong Thổ, Lai Châu",
        "path_with_type": "Xã Nậm Xe, Huyện Phong Thổ, Tỉnh Lai Châu",
        "code": "03586",
        "parent_code": "109"
    },
    "03589": {
        "name": "Mường So",
        "type": "xa",
        "slug": "muong-so",
        "name_with_type": "Xã Mường So",
        "path": "Mường So, Phong Thổ, Lai Châu",
        "path_with_type": "Xã Mường So, Huyện Phong Thổ, Tỉnh Lai Châu",
        "code": "03589",
        "parent_code": "109"
    },
    "03592": {
        "name": "Sin Suối Hồ",
        "type": "xa",
        "slug": "sin-suoi-ho",
        "name_with_type": "Xã Sin Suối Hồ",
        "path": "Sin Suối Hồ, Phong Thổ, Lai Châu",
        "path_with_type": "Xã Sin Suối Hồ, Huyện Phong Thổ, Tỉnh Lai Châu",
        "code": "03592",
        "parent_code": "109"
    }
}