{
    "03434": {
        "name": "Nậm Nhùn",
        "type": "thi-tran",
        "slug": "nam-nhun",
        "name_with_type": "Thị trấn Nậm Nhùn",
        "path": "Nậm Nhùn, Nậm Nhùn, Lai Châu",
        "path_with_type": "Thị trấn Nậm Nhùn, Huyện Nậm Nhùn, Tỉnh Lai Châu",
        "code": "03434",
        "parent_code": "112"
    },
    "03460": {
        "name": "Hua Bun",
        "type": "xa",
        "slug": "hua-bun",
        "name_with_type": "Xã Hua Bun",
        "path": "Hua Bun, Nậm Nhùn, Lai Châu",
        "path_with_type": "Xã Hua Bun, Huyện Nậm Nhùn, Tỉnh Lai Châu",
        "code": "03460",
        "parent_code": "112"
    },
    "03472": {
        "name": "Mường Mô",
        "type": "xa",
        "slug": "muong-mo",
        "name_with_type": "Xã Mường Mô",
        "path": "Mường Mô, Nậm Nhùn, Lai Châu",
        "path_with_type": "Xã Mường Mô, Huyện Nậm Nhùn, Tỉnh Lai Châu",
        "code": "03472",
        "parent_code": "112"
    },
    "03473": {
        "name": "Nậm Chà",
        "type": "xa",
        "slug": "nam-cha",
        "name_with_type": "Xã Nậm Chà",
        "path": "Nậm Chà, Nậm Nhùn, Lai Châu",
        "path_with_type": "Xã Nậm Chà, Huyện Nậm Nhùn, Tỉnh Lai Châu",
        "code": "03473",
        "parent_code": "112"
    },
    "03474": {
        "name": "Nậm Manh",
        "type": "xa",
        "slug": "nam-manh",
        "name_with_type": "Xã Nậm Manh",
        "path": "Nậm Manh, Nậm Nhùn, Lai Châu",
        "path_with_type": "Xã Nậm Manh, Huyện Nậm Nhùn, Tỉnh Lai Châu",
        "code": "03474",
        "parent_code": "112"
    },
    "03475": {
        "name": "Nậm Hàng",
        "type": "xa",
        "slug": "nam-hang",
        "name_with_type": "Xã Nậm Hàng",
        "path": "Nậm Hàng, Nậm Nhùn, Lai Châu",
        "path_with_type": "Xã Nậm Hàng, Huyện Nậm Nhùn, Tỉnh Lai Châu",
        "code": "03475",
        "parent_code": "112"
    },
    "03481": {
        "name": "Lê Lợi",
        "type": "xa",
        "slug": "le-loi",
        "name_with_type": "Xã Lê Lợi",
        "path": "Lê Lợi, Nậm Nhùn, Lai Châu",
        "path_with_type": "Xã Lê Lợi, Huyện Nậm Nhùn, Tỉnh Lai Châu",
        "code": "03481",
        "parent_code": "112"
    },
    "03484": {
        "name": "Pú Đao",
        "type": "xa",
        "slug": "pu-dao",
        "name_with_type": "Xã Pú Đao",
        "path": "Pú Đao, Nậm Nhùn, Lai Châu",
        "path_with_type": "Xã Pú Đao, Huyện Nậm Nhùn, Tỉnh Lai Châu",
        "code": "03484",
        "parent_code": "112"
    },
    "03488": {
        "name": "Nậm Pì",
        "type": "xa",
        "slug": "nam-pi",
        "name_with_type": "Xã Nậm Pì",
        "path": "Nậm Pì, Nậm Nhùn, Lai Châu",
        "path_with_type": "Xã Nậm Pì, Huyện Nậm Nhùn, Tỉnh Lai Châu",
        "code": "03488",
        "parent_code": "112"
    },
    "03502": {
        "name": "Nậm Ban",
        "type": "xa",
        "slug": "nam-ban",
        "name_with_type": "Xã Nậm Ban",
        "path": "Nậm Ban, Nậm Nhùn, Lai Châu",
        "path_with_type": "Xã Nậm Ban, Huyện Nậm Nhùn, Tỉnh Lai Châu",
        "code": "03502",
        "parent_code": "112"
    },
    "03503": {
        "name": "Trung Chải",
        "type": "xa",
        "slug": "trung-chai",
        "name_with_type": "Xã Trung Chải",
        "path": "Trung Chải, Nậm Nhùn, Lai Châu",
        "path_with_type": "Xã Trung Chải, Huyện Nậm Nhùn, Tỉnh Lai Châu",
        "code": "03503",
        "parent_code": "112"
    }
}