{
    "03682": {
        "name": "Mường Chiên",
        "type": "xa",
        "slug": "muong-chien",
        "name_with_type": "Xã Mường Chiên",
        "path": "Mường Chiên, Quỳnh Nhai, Sơn La",
        "path_with_type": "Xã Mường Chiên, Huyện Quỳnh Nhai, Tỉnh Sơn La",
        "code": "03682",
        "parent_code": "118"
    },
    "03685": {
        "name": "Cà Nàng",
        "type": "xa",
        "slug": "ca-nang",
        "name_with_type": "Xã Cà Nàng",
        "path": "Cà Nàng, Quỳnh Nhai, Sơn La",
        "path_with_type": "Xã Cà Nàng, Huyện Quỳnh Nhai, Tỉnh Sơn La",
        "code": "03685",
        "parent_code": "118"
    },
    "03688": {
        "name": "Chiềng Khay",
        "type": "xa",
        "slug": "chieng-khay",
        "name_with_type": "Xã Chiềng Khay",
        "path": "Chiềng Khay, Quỳnh Nhai, Sơn La",
        "path_with_type": "Xã Chiềng Khay, Huyện Quỳnh Nhai, Tỉnh Sơn La",
        "code": "03688",
        "parent_code": "118"
    },
    "03694": {
        "name": "Mường Giôn",
        "type": "xa",
        "slug": "muong-gion",
        "name_with_type": "Xã Mường Giôn",
        "path": "Mường Giôn, Quỳnh Nhai, Sơn La",
        "path_with_type": "Xã Mường Giôn, Huyện Quỳnh Nhai, Tỉnh Sơn La",
        "code": "03694",
        "parent_code": "118"
    },
    "03697": {
        "name": "Pá Ma Pha Khinh",
        "type": "xa",
        "slug": "pa-ma-pha-khinh",
        "name_with_type": "Xã Pá Ma Pha Khinh",
        "path": "Pá Ma Pha Khinh, Quỳnh Nhai, Sơn La",
        "path_with_type": "Xã Pá Ma Pha Khinh, Huyện Quỳnh Nhai, Tỉnh Sơn La",
        "code": "03697",
        "parent_code": "118"
    },
    "03700": {
        "name": "Chiềng Ơn",
        "type": "xa",
        "slug": "chieng-on",
        "name_with_type": "Xã Chiềng Ơn",
        "path": "Chiềng Ơn, Quỳnh Nhai, Sơn La",
        "path_with_type": "Xã Chiềng Ơn, Huyện Quỳnh Nhai, Tỉnh Sơn La",
        "code": "03700",
        "parent_code": "118"
    },
    "03703": {
        "name": "Mường Giàng",
        "type": "xa",
        "slug": "muong-giang",
        "name_with_type": "Xã Mường Giàng",
        "path": "Mường Giàng, Quỳnh Nhai, Sơn La",
        "path_with_type": "Xã Mường Giàng, Huyện Quỳnh Nhai, Tỉnh Sơn La",
        "code": "03703",
        "parent_code": "118"
    },
    "03706": {
        "name": "Chiềng Bằng",
        "type": "xa",
        "slug": "chieng-bang",
        "name_with_type": "Xã Chiềng Bằng",
        "path": "Chiềng Bằng, Quỳnh Nhai, Sơn La",
        "path_with_type": "Xã Chiềng Bằng, Huyện Quỳnh Nhai, Tỉnh Sơn La",
        "code": "03706",
        "parent_code": "118"
    },
    "03709": {
        "name": "Mường Sại",
        "type": "xa",
        "slug": "muong-sai",
        "name_with_type": "Xã Mường Sại",
        "path": "Mường Sại, Quỳnh Nhai, Sơn La",
        "path_with_type": "Xã Mường Sại, Huyện Quỳnh Nhai, Tỉnh Sơn La",
        "code": "03709",
        "parent_code": "118"
    },
    "03712": {
        "name": "Nậm ét",
        "type": "xa",
        "slug": "nam-et",
        "name_with_type": "Xã Nậm ét",
        "path": "Nậm ét, Quỳnh Nhai, Sơn La",
        "path_with_type": "Xã Nậm ét, Huyện Quỳnh Nhai, Tỉnh Sơn La",
        "code": "03712",
        "parent_code": "118"
    },
    "03718": {
        "name": "Chiềng Khoang",
        "type": "xa",
        "slug": "chieng-khoang",
        "name_with_type": "Xã Chiềng Khoang",
        "path": "Chiềng Khoang, Quỳnh Nhai, Sơn La",
        "path_with_type": "Xã Chiềng Khoang, Huyện Quỳnh Nhai, Tỉnh Sơn La",
        "code": "03718",
        "parent_code": "118"
    }
}