{
    "03721": {
        "name": "Thuận Châu",
        "type": "thi-tran",
        "slug": "thuan-chau",
        "name_with_type": "Thị trấn Thuận Châu",
        "path": "Thuận Châu, Thuận Châu, Sơn La",
        "path_with_type": "Thị trấn Thuận Châu, Huyện Thuận Châu, Tỉnh Sơn La",
        "code": "03721",
        "parent_code": "119"
    },
    "03724": {
        "name": "Phỏng Lái",
        "type": "xa",
        "slug": "phong-lai",
        "name_with_type": "Xã Phỏng Lái",
        "path": "Phỏng Lái, Thuận Châu, Sơn La",
        "path_with_type": "Xã Phỏng Lái, Huyện Thuận Châu, Tỉnh Sơn La",
        "code": "03724",
        "parent_code": "119"
    },
    "03727": {
        "name": "Mường é",
        "type": "xa",
        "slug": "muong-e",
        "name_with_type": "Xã Mường é",
        "path": "Mường é, Thuận Châu, Sơn La",
        "path_with_type": "Xã Mường é, Huyện Thuận Châu, Tỉnh Sơn La",
        "code": "03727",
        "parent_code": "119"
    },
    "03730": {
        "name": "Chiềng Pha",
        "type": "xa",
        "slug": "chieng-pha",
        "name_with_type": "Xã Chiềng Pha",
        "path": "Chiềng Pha, Thuận Châu, Sơn La",
        "path_with_type": "Xã Chiềng Pha, Huyện Thuận Châu, Tỉnh Sơn La",
        "code": "03730",
        "parent_code": "119"
    },
    "03733": {
        "name": "Chiềng La",
        "type": "xa",
        "slug": "chieng-la",
        "name_with_type": "Xã Chiềng La",
        "path": "Chiềng La, Thuận Châu, Sơn La",
        "path_with_type": "Xã Chiềng La, Huyện Thuận Châu, Tỉnh Sơn La",
        "code": "03733",
        "parent_code": "119"
    },
    "03736": {
        "name": "Chiềng Ngàm",
        "type": "xa",
        "slug": "chieng-ngam",
        "name_with_type": "Xã Chiềng Ngàm",
        "path": "Chiềng Ngàm, Thuận Châu, Sơn La",
        "path_with_type": "Xã Chiềng Ngàm, Huyện Thuận Châu, Tỉnh Sơn La",
        "code": "03736",
        "parent_code": "119"
    },
    "03739": {
        "name": "Liệp Tè",
        "type": "xa",
        "slug": "liep-te",
        "name_with_type": "Xã Liệp Tè",
        "path": "Liệp Tè, Thuận Châu, Sơn La",
        "path_with_type": "Xã Liệp Tè, Huyện Thuận Châu, Tỉnh Sơn La",
        "code": "03739",
        "parent_code": "119"
    },
    "03742": {
        "name": "é Tòng",
        "type": "xa",
        "slug": "e-tong",
        "name_with_type": "Xã é Tòng",
        "path": "é Tòng, Thuận Châu, Sơn La",
        "path_with_type": "Xã é Tòng, Huyện Thuận Châu, Tỉnh Sơn La",
        "code": "03742",
        "parent_code": "119"
    },
    "03745": {
        "name": "Phỏng Lập",
        "type": "xa",
        "slug": "phong-lap",
        "name_with_type": "Xã Phỏng Lập",
        "path": "Phỏng Lập, Thuận Châu, Sơn La",
        "path_with_type": "Xã Phỏng Lập, Huyện Thuận Châu, Tỉnh Sơn La",
        "code": "03745",
        "parent_code": "119"
    },
    "03748": {
        "name": "Phổng Lăng",
        "type": "xa",
        "slug": "phong-lang",
        "name_with_type": "Xã Phổng Lăng",
        "path": "Phổng Lăng, Thuận Châu, Sơn La",
        "path_with_type": "Xã Phổng Lăng, Huyện Thuận Châu, Tỉnh Sơn La",
        "code": "03748",
        "parent_code": "119"
    },
    "03751": {
        "name": "Chiềng Ly",
        "type": "xa",
        "slug": "chieng-ly",
        "name_with_type": "Xã Chiềng Ly",
        "path": "Chiềng Ly, Thuận Châu, Sơn La",
        "path_with_type": "Xã Chiềng Ly, Huyện Thuận Châu, Tỉnh Sơn La",
        "code": "03751",
        "parent_code": "119"
    },
    "03754": {
        "name": "Nong Lay",
        "type": "xa",
        "slug": "nong-lay",
        "name_with_type": "Xã Nong Lay",
        "path": "Nong Lay, Thuận Châu, Sơn La",
        "path_with_type": "Xã Nong Lay, Huyện Thuận Châu, Tỉnh Sơn La",
        "code": "03754",
        "parent_code": "119"
    },
    "03757": {
        "name": "Mường Khiêng",
        "type": "xa",
        "slug": "muong-khieng",
        "name_with_type": "Xã Mường Khiêng",
        "path": "Mường Khiêng, Thuận Châu, Sơn La",
        "path_with_type": "Xã Mường Khiêng, Huyện Thuận Châu, Tỉnh Sơn La",
        "code": "03757",
        "parent_code": "119"
    },
    "03760": {
        "name": "Mường Bám",
        "type": "xa",
        "slug": "muong-bam",
        "name_with_type": "Xã Mường Bám",
        "path": "Mường Bám, Thuận Châu, Sơn La",
        "path_with_type": "Xã Mường Bám, Huyện Thuận Châu, Tỉnh Sơn La",
        "code": "03760",
        "parent_code": "119"
    },
    "03763": {
        "name": "Long Hẹ",
        "type": "xa",
        "slug": "long-he",
        "name_with_type": "Xã Long Hẹ",
        "path": "Long Hẹ, Thuận Châu, Sơn La",
        "path_with_type": "Xã Long Hẹ, Huyện Thuận Châu, Tỉnh Sơn La",
        "code": "03763",
        "parent_code": "119"
    },
    "03766": {
        "name": "Chiềng Bôm",
        "type": "xa",
        "slug": "chieng-bom",
        "name_with_type": "Xã Chiềng Bôm",
        "path": "Chiềng Bôm, Thuận Châu, Sơn La",
        "path_with_type": "Xã Chiềng Bôm, Huyện Thuận Châu, Tỉnh Sơn La",
        "code": "03766",
        "parent_code": "119"
    },
    "03769": {
        "name": "Thôn Mòn",
        "type": "xa",
        "slug": "thon-mon",
        "name_with_type": "Xã Thôn Mòn",
        "path": "Thôn Mòn, Thuận Châu, Sơn La",
        "path_with_type": "Xã Thôn Mòn, Huyện Thuận Châu, Tỉnh Sơn La",
        "code": "03769",
        "parent_code": "119"
    },
    "03772": {
        "name": "Tòng Lệnh",
        "type": "xa",
        "slug": "tong-lenh",
        "name_with_type": "Xã Tòng Lệnh",
        "path": "Tòng Lệnh, Thuận Châu, Sơn La",
        "path_with_type": "Xã Tòng Lệnh, Huyện Thuận Châu, Tỉnh Sơn La",
        "code": "03772",
        "parent_code": "119"
    },
    "03775": {
        "name": "Tòng Cọ",
        "type": "xa",
        "slug": "tong-co",
        "name_with_type": "Xã Tòng Cọ",
        "path": "Tòng Cọ, Thuận Châu, Sơn La",
        "path_with_type": "Xã Tòng Cọ, Huyện Thuận Châu, Tỉnh Sơn La",
        "code": "03775",
        "parent_code": "119"
    },
    "03778": {
        "name": "Bó Mười",
        "type": "xa",
        "slug": "bo-muoi",
        "name_with_type": "Xã Bó Mười",
        "path": "Bó Mười, Thuận Châu, Sơn La",
        "path_with_type": "Xã Bó Mười, Huyện Thuận Châu, Tỉnh Sơn La",
        "code": "03778",
        "parent_code": "119"
    },
    "03781": {
        "name": "Co Mạ",
        "type": "xa",
        "slug": "co-ma",
        "name_with_type": "Xã Co Mạ",
        "path": "Co Mạ, Thuận Châu, Sơn La",
        "path_with_type": "Xã Co Mạ, Huyện Thuận Châu, Tỉnh Sơn La",
        "code": "03781",
        "parent_code": "119"
    },
    "03784": {
        "name": "Púng Tra",
        "type": "xa",
        "slug": "pung-tra",
        "name_with_type": "Xã Púng Tra",
        "path": "Púng Tra, Thuận Châu, Sơn La",
        "path_with_type": "Xã Púng Tra, Huyện Thuận Châu, Tỉnh Sơn La",
        "code": "03784",
        "parent_code": "119"
    },
    "03787": {
        "name": "Chiềng Pấc",
        "type": "xa",
        "slug": "chieng-pac",
        "name_with_type": "Xã Chiềng Pấc",
        "path": "Chiềng Pấc, Thuận Châu, Sơn La",
        "path_with_type": "Xã Chiềng Pấc, Huyện Thuận Châu, Tỉnh Sơn La",
        "code": "03787",
        "parent_code": "119"
    },
    "03790": {
        "name": "Nậm Lầu",
        "type": "xa",
        "slug": "nam-lau",
        "name_with_type": "Xã Nậm Lầu",
        "path": "Nậm Lầu, Thuận Châu, Sơn La",
        "path_with_type": "Xã Nậm Lầu, Huyện Thuận Châu, Tỉnh Sơn La",
        "code": "03790",
        "parent_code": "119"
    },
    "03793": {
        "name": "Bon Phặng",
        "type": "xa",
        "slug": "bon-phang",
        "name_with_type": "Xã Bon Phặng",
        "path": "Bon Phặng, Thuận Châu, Sơn La",
        "path_with_type": "Xã Bon Phặng, Huyện Thuận Châu, Tỉnh Sơn La",
        "code": "03793",
        "parent_code": "119"
    },
    "03796": {
        "name": "Co Tòng",
        "type": "xa",
        "slug": "co-tong",
        "name_with_type": "Xã Co Tòng",
        "path": "Co Tòng, Thuận Châu, Sơn La",
        "path_with_type": "Xã Co Tòng, Huyện Thuận Châu, Tỉnh Sơn La",
        "code": "03796",
        "parent_code": "119"
    },
    "03799": {
        "name": "Muội Nọi",
        "type": "xa",
        "slug": "muoi-noi",
        "name_with_type": "Xã Muội Nọi",
        "path": "Muội Nọi, Thuận Châu, Sơn La",
        "path_with_type": "Xã Muội Nọi, Huyện Thuận Châu, Tỉnh Sơn La",
        "code": "03799",
        "parent_code": "119"
    },
    "03802": {
        "name": "Pá Lông",
        "type": "xa",
        "slug": "pa-long",
        "name_with_type": "Xã Pá Lông",
        "path": "Pá Lông, Thuận Châu, Sơn La",
        "path_with_type": "Xã Pá Lông, Huyện Thuận Châu, Tỉnh Sơn La",
        "code": "03802",
        "parent_code": "119"
    },
    "03805": {
        "name": "Bản Lầm",
        "type": "xa",
        "slug": "ban-lam",
        "name_with_type": "Xã Bản Lầm",
        "path": "Bản Lầm, Thuận Châu, Sơn La",
        "path_with_type": "Xã Bản Lầm, Huyện Thuận Châu, Tỉnh Sơn La",
        "code": "03805",
        "parent_code": "119"
    }
}