{
    "03808": {
        "name": "Ít Ong",
        "type": "thi-tran",
        "slug": "it-ong",
        "name_with_type": "Thị trấn Ít Ong",
        "path": "Ít Ong, Mường La, Sơn La",
        "path_with_type": "Thị trấn Ít Ong, Huyện Mường La, Tỉnh Sơn La",
        "code": "03808",
        "parent_code": "120"
    },
    "03811": {
        "name": "Nậm Giôn",
        "type": "xa",
        "slug": "nam-gion",
        "name_with_type": "Xã Nậm Giôn",
        "path": "Nậm Giôn, Mường La, Sơn La",
        "path_with_type": "Xã Nậm Giôn, Huyện Mường La, Tỉnh Sơn La",
        "code": "03811",
        "parent_code": "120"
    },
    "03814": {
        "name": "Chiềng Lao",
        "type": "xa",
        "slug": "chieng-lao",
        "name_with_type": "Xã Chiềng Lao",
        "path": "Chiềng Lao, Mường La, Sơn La",
        "path_with_type": "Xã Chiềng Lao, Huyện Mường La, Tỉnh Sơn La",
        "code": "03814",
        "parent_code": "120"
    },
    "03817": {
        "name": "Hua Trai",
        "type": "xa",
        "slug": "hua-trai",
        "name_with_type": "Xã Hua Trai",
        "path": "Hua Trai, Mường La, Sơn La",
        "path_with_type": "Xã Hua Trai, Huyện Mường La, Tỉnh Sơn La",
        "code": "03817",
        "parent_code": "120"
    },
    "03820": {
        "name": "Ngọc Chiến",
        "type": "xa",
        "slug": "ngoc-chien",
        "name_with_type": "Xã Ngọc Chiến",
        "path": "Ngọc Chiến, Mường La, Sơn La",
        "path_with_type": "Xã Ngọc Chiến, Huyện Mường La, Tỉnh Sơn La",
        "code": "03820",
        "parent_code": "120"
    },
    "03823": {
        "name": "Mường Trai",
        "type": "xa",
        "slug": "muong-trai",
        "name_with_type": "Xã Mường Trai",
        "path": "Mường Trai, Mường La, Sơn La",
        "path_with_type": "Xã Mường Trai, Huyện Mường La, Tỉnh Sơn La",
        "code": "03823",
        "parent_code": "120"
    },
    "03826": {
        "name": "Nậm Păm",
        "type": "xa",
        "slug": "nam-pam",
        "name_with_type": "Xã Nậm Păm",
        "path": "Nậm Păm, Mường La, Sơn La",
        "path_with_type": "Xã Nậm Păm, Huyện Mường La, Tỉnh Sơn La",
        "code": "03826",
        "parent_code": "120"
    },
    "03829": {
        "name": "Chiềng Muôn",
        "type": "xa",
        "slug": "chieng-muon",
        "name_with_type": "Xã Chiềng Muôn",
        "path": "Chiềng Muôn, Mường La, Sơn La",
        "path_with_type": "Xã Chiềng Muôn, Huyện Mường La, Tỉnh Sơn La",
        "code": "03829",
        "parent_code": "120"
    },
    "03832": {
        "name": "Chiềng Ân",
        "type": "xa",
        "slug": "chieng-an",
        "name_with_type": "Xã Chiềng Ân",
        "path": "Chiềng Ân, Mường La, Sơn La",
        "path_with_type": "Xã Chiềng Ân, Huyện Mường La, Tỉnh Sơn La",
        "code": "03832",
        "parent_code": "120"
    },
    "03835": {
        "name": "Pi Toong",
        "type": "xa",
        "slug": "pi-toong",
        "name_with_type": "Xã Pi Toong",
        "path": "Pi Toong, Mường La, Sơn La",
        "path_with_type": "Xã Pi Toong, Huyện Mường La, Tỉnh Sơn La",
        "code": "03835",
        "parent_code": "120"
    },
    "03838": {
        "name": "Chiềng Công",
        "type": "xa",
        "slug": "chieng-cong",
        "name_with_type": "Xã Chiềng Công",
        "path": "Chiềng Công, Mường La, Sơn La",
        "path_with_type": "Xã Chiềng Công, Huyện Mường La, Tỉnh Sơn La",
        "code": "03838",
        "parent_code": "120"
    },
    "03841": {
        "name": "Tạ Bú",
        "type": "xa",
        "slug": "ta-bu",
        "name_with_type": "Xã Tạ Bú",
        "path": "Tạ Bú, Mường La, Sơn La",
        "path_with_type": "Xã Tạ Bú, Huyện Mường La, Tỉnh Sơn La",
        "code": "03841",
        "parent_code": "120"
    },
    "03844": {
        "name": "Chiềng San",
        "type": "xa",
        "slug": "chieng-san",
        "name_with_type": "Xã Chiềng San",
        "path": "Chiềng San, Mường La, Sơn La",
        "path_with_type": "Xã Chiềng San, Huyện Mường La, Tỉnh Sơn La",
        "code": "03844",
        "parent_code": "120"
    },
    "03847": {
        "name": "Mường Bú",
        "type": "xa",
        "slug": "muong-bu",
        "name_with_type": "Xã Mường Bú",
        "path": "Mường Bú, Mường La, Sơn La",
        "path_with_type": "Xã Mường Bú, Huyện Mường La, Tỉnh Sơn La",
        "code": "03847",
        "parent_code": "120"
    },
    "03850": {
        "name": "Chiềng Hoa",
        "type": "xa",
        "slug": "chieng-hoa",
        "name_with_type": "Xã Chiềng Hoa",
        "path": "Chiềng Hoa, Mường La, Sơn La",
        "path_with_type": "Xã Chiềng Hoa, Huyện Mường La, Tỉnh Sơn La",
        "code": "03850",
        "parent_code": "120"
    },
    "03853": {
        "name": "Mường Chùm",
        "type": "xa",
        "slug": "muong-chum",
        "name_with_type": "Xã Mường Chùm",
        "path": "Mường Chùm, Mường La, Sơn La",
        "path_with_type": "Xã Mường Chùm, Huyện Mường La, Tỉnh Sơn La",
        "code": "03853",
        "parent_code": "120"
    }
}