{
    "04225": {
        "name": "Sam Kha",
        "type": "xa",
        "slug": "sam-kha",
        "name_with_type": "Xã Sam Kha",
        "path": "Sam Kha, Sốp Cộp, Sơn La",
        "path_with_type": "Xã Sam Kha, Huyện Sốp Cộp, Tỉnh Sơn La",
        "code": "04225",
        "parent_code": "127"
    },
    "04228": {
        "name": "Púng Bánh",
        "type": "xa",
        "slug": "pung-banh",
        "name_with_type": "Xã Púng Bánh",
        "path": "Púng Bánh, Sốp Cộp, Sơn La",
        "path_with_type": "Xã Púng Bánh, Huyện Sốp Cộp, Tỉnh Sơn La",
        "code": "04228",
        "parent_code": "127"
    },
    "04231": {
        "name": "Xốp Cộp",
        "type": "xa",
        "slug": "xop-cop",
        "name_with_type": "Xã Xốp Cộp",
        "path": "Xốp Cộp, Sốp Cộp, Sơn La",
        "path_with_type": "Xã Xốp Cộp, Huyện Sốp Cộp, Tỉnh Sơn La",
        "code": "04231",
        "parent_code": "127"
    },
    "04234": {
        "name": "Dồm Cang",
        "type": "xa",
        "slug": "dom-cang",
        "name_with_type": "Xã Dồm Cang",
        "path": "Dồm Cang, Sốp Cộp, Sơn La",
        "path_with_type": "Xã Dồm Cang, Huyện Sốp Cộp, Tỉnh Sơn La",
        "code": "04234",
        "parent_code": "127"
    },
    "04237": {
        "name": "Nậm Lạnh",
        "type": "xa",
        "slug": "nam-lanh",
        "name_with_type": "Xã Nậm Lạnh",
        "path": "Nậm Lạnh, Sốp Cộp, Sơn La",
        "path_with_type": "Xã Nậm Lạnh, Huyện Sốp Cộp, Tỉnh Sơn La",
        "code": "04237",
        "parent_code": "127"
    },
    "04240": {
        "name": "Mường Lèo",
        "type": "xa",
        "slug": "muong-leo",
        "name_with_type": "Xã Mường Lèo",
        "path": "Mường Lèo, Sốp Cộp, Sơn La",
        "path_with_type": "Xã Mường Lèo, Huyện Sốp Cộp, Tỉnh Sơn La",
        "code": "04240",
        "parent_code": "127"
    },
    "04243": {
        "name": "Mường Và",
        "type": "xa",
        "slug": "muong-va",
        "name_with_type": "Xã Mường Và",
        "path": "Mường Và, Sốp Cộp, Sơn La",
        "path_with_type": "Xã Mường Và, Huyện Sốp Cộp, Tỉnh Sơn La",
        "code": "04243",
        "parent_code": "127"
    },
    "04246": {
        "name": "Mường Lạn",
        "type": "xa",
        "slug": "muong-lan",
        "name_with_type": "Xã Mường Lạn",
        "path": "Mường Lạn, Sốp Cộp, Sơn La",
        "path_with_type": "Xã Mường Lạn, Huyện Sốp Cộp, Tỉnh Sơn La",
        "code": "04246",
        "parent_code": "127"
    }
}