{
    "04303": {
        "name": "Yên Thế",
        "type": "thi-tran",
        "slug": "yen-the",
        "name_with_type": "Thị trấn Yên Thế",
        "path": "Yên Thế, Lục Yên, Yên Bái",
        "path_with_type": "Thị trấn Yên Thế, Huyện Lục Yên, Tỉnh Yên Bái",
        "code": "04303",
        "parent_code": "135"
    },
    "04306": {
        "name": "Tân Phượng",
        "type": "xa",
        "slug": "tan-phuong",
        "name_with_type": "Xã Tân Phượng",
        "path": "Tân Phượng, Lục Yên, Yên Bái",
        "path_with_type": "Xã Tân Phượng, Huyện Lục Yên, Tỉnh Yên Bái",
        "code": "04306",
        "parent_code": "135"
    },
    "04309": {
        "name": "Lâm Thượng",
        "type": "xa",
        "slug": "lam-thuong",
        "name_with_type": "Xã Lâm Thượng",
        "path": "Lâm Thượng, Lục Yên, Yên Bái",
        "path_with_type": "Xã Lâm Thượng, Huyện Lục Yên, Tỉnh Yên Bái",
        "code": "04309",
        "parent_code": "135"
    },
    "04312": {
        "name": "Khánh Thiện",
        "type": "xa",
        "slug": "khanh-thien",
        "name_with_type": "Xã Khánh Thiện",
        "path": "Khánh Thiện, Lục Yên, Yên Bái",
        "path_with_type": "Xã Khánh Thiện, Huyện Lục Yên, Tỉnh Yên Bái",
        "code": "04312",
        "parent_code": "135"
    },
    "04315": {
        "name": "Minh Chuẩn",
        "type": "xa",
        "slug": "minh-chuan",
        "name_with_type": "Xã Minh Chuẩn",
        "path": "Minh Chuẩn, Lục Yên, Yên Bái",
        "path_with_type": "Xã Minh Chuẩn, Huyện Lục Yên, Tỉnh Yên Bái",
        "code": "04315",
        "parent_code": "135"
    },
    "04318": {
        "name": "Mai Sơn",
        "type": "xa",
        "slug": "mai-son",
        "name_with_type": "Xã Mai Sơn",
        "path": "Mai Sơn, Lục Yên, Yên Bái",
        "path_with_type": "Xã Mai Sơn, Huyện Lục Yên, Tỉnh Yên Bái",
        "code": "04318",
        "parent_code": "135"
    },
    "04321": {
        "name": "Khai Trung",
        "type": "xa",
        "slug": "khai-trung",
        "name_with_type": "Xã Khai Trung",
        "path": "Khai Trung, Lục Yên, Yên Bái",
        "path_with_type": "Xã Khai Trung, Huyện Lục Yên, Tỉnh Yên Bái",
        "code": "04321",
        "parent_code": "135"
    },
    "04324": {
        "name": "Mường Lai",
        "type": "xa",
        "slug": "muong-lai",
        "name_with_type": "Xã Mường Lai",
        "path": "Mường Lai, Lục Yên, Yên Bái",
        "path_with_type": "Xã Mường Lai, Huyện Lục Yên, Tỉnh Yên Bái",
        "code": "04324",
        "parent_code": "135"
    },
    "04327": {
        "name": "An Lạc",
        "type": "xa",
        "slug": "an-lac",
        "name_with_type": "Xã An Lạc",
        "path": "An Lạc, Lục Yên, Yên Bái",
        "path_with_type": "Xã An Lạc, Huyện Lục Yên, Tỉnh Yên Bái",
        "code": "04327",
        "parent_code": "135"
    },
    "04330": {
        "name": "Minh Xuân",
        "type": "xa",
        "slug": "minh-xuan",
        "name_with_type": "Xã Minh Xuân",
        "path": "Minh Xuân, Lục Yên, Yên Bái",
        "path_with_type": "Xã Minh Xuân, Huyện Lục Yên, Tỉnh Yên Bái",
        "code": "04330",
        "parent_code": "135"
    },
    "04333": {
        "name": "Tô Mậu",
        "type": "xa",
        "slug": "to-mau",
        "name_with_type": "Xã Tô Mậu",
        "path": "Tô Mậu, Lục Yên, Yên Bái",
        "path_with_type": "Xã Tô Mậu, Huyện Lục Yên, Tỉnh Yên Bái",
        "code": "04333",
        "parent_code": "135"
    },
    "04336": {
        "name": "Tân Lĩnh",
        "type": "xa",
        "slug": "tan-linh",
        "name_with_type": "Xã Tân Lĩnh",
        "path": "Tân Lĩnh, Lục Yên, Yên Bái",
        "path_with_type": "Xã Tân Lĩnh, Huyện Lục Yên, Tỉnh Yên Bái",
        "code": "04336",
        "parent_code": "135"
    },
    "04339": {
        "name": "Yên Thắng",
        "type": "xa",
        "slug": "yen-thang",
        "name_with_type": "Xã Yên Thắng",
        "path": "Yên Thắng, Lục Yên, Yên Bái",
        "path_with_type": "Xã Yên Thắng, Huyện Lục Yên, Tỉnh Yên Bái",
        "code": "04339",
        "parent_code": "135"
    },
    "04342": {
        "name": "Khánh Hoà",
        "type": "xa",
        "slug": "khanh-hoa",
        "name_with_type": "Xã Khánh Hoà",
        "path": "Khánh Hoà, Lục Yên, Yên Bái",
        "path_with_type": "Xã Khánh Hoà, Huyện Lục Yên, Tỉnh Yên Bái",
        "code": "04342",
        "parent_code": "135"
    },
    "04345": {
        "name": "Vĩnh Lạc",
        "type": "xa",
        "slug": "vinh-lac",
        "name_with_type": "Xã Vĩnh Lạc",
        "path": "Vĩnh Lạc, Lục Yên, Yên Bái",
        "path_with_type": "Xã Vĩnh Lạc, Huyện Lục Yên, Tỉnh Yên Bái",
        "code": "04345",
        "parent_code": "135"
    },
    "04348": {
        "name": "Liễu Đô",
        "type": "xa",
        "slug": "lieu-do",
        "name_with_type": "Xã Liễu Đô",
        "path": "Liễu Đô, Lục Yên, Yên Bái",
        "path_with_type": "Xã Liễu Đô, Huyện Lục Yên, Tỉnh Yên Bái",
        "code": "04348",
        "parent_code": "135"
    },
    "04351": {
        "name": "Động Quan",
        "type": "xa",
        "slug": "dong-quan",
        "name_with_type": "Xã Động Quan",
        "path": "Động Quan, Lục Yên, Yên Bái",
        "path_with_type": "Xã Động Quan, Huyện Lục Yên, Tỉnh Yên Bái",
        "code": "04351",
        "parent_code": "135"
    },
    "04354": {
        "name": "Tân Lập",
        "type": "xa",
        "slug": "tan-lap",
        "name_with_type": "Xã Tân Lập",
        "path": "Tân Lập, Lục Yên, Yên Bái",
        "path_with_type": "Xã Tân Lập, Huyện Lục Yên, Tỉnh Yên Bái",
        "code": "04354",
        "parent_code": "135"
    },
    "04357": {
        "name": "Minh Tiến",
        "type": "xa",
        "slug": "minh-tien",
        "name_with_type": "Xã Minh Tiến",
        "path": "Minh Tiến, Lục Yên, Yên Bái",
        "path_with_type": "Xã Minh Tiến, Huyện Lục Yên, Tỉnh Yên Bái",
        "code": "04357",
        "parent_code": "135"
    },
    "04360": {
        "name": "Trúc Lâu",
        "type": "xa",
        "slug": "truc-lau",
        "name_with_type": "Xã Trúc Lâu",
        "path": "Trúc Lâu, Lục Yên, Yên Bái",
        "path_with_type": "Xã Trúc Lâu, Huyện Lục Yên, Tỉnh Yên Bái",
        "code": "04360",
        "parent_code": "135"
    },
    "04363": {
        "name": "Phúc Lợi",
        "type": "xa",
        "slug": "phuc-loi",
        "name_with_type": "Xã Phúc Lợi",
        "path": "Phúc Lợi, Lục Yên, Yên Bái",
        "path_with_type": "Xã Phúc Lợi, Huyện Lục Yên, Tỉnh Yên Bái",
        "code": "04363",
        "parent_code": "135"
    },
    "04366": {
        "name": "Phan Thanh",
        "type": "xa",
        "slug": "phan-thanh",
        "name_with_type": "Xã Phan Thanh",
        "path": "Phan Thanh, Lục Yên, Yên Bái",
        "path_with_type": "Xã Phan Thanh, Huyện Lục Yên, Tỉnh Yên Bái",
        "code": "04366",
        "parent_code": "135"
    },
    "04369": {
        "name": "An Phú",
        "type": "xa",
        "slug": "an-phu",
        "name_with_type": "Xã An Phú",
        "path": "An Phú, Lục Yên, Yên Bái",
        "path_with_type": "Xã An Phú, Huyện Lục Yên, Tỉnh Yên Bái",
        "code": "04369",
        "parent_code": "135"
    },
    "04372": {
        "name": "Trung Tâm",
        "type": "xa",
        "slug": "trung-tam",
        "name_with_type": "Xã Trung Tâm",
        "path": "Trung Tâm, Lục Yên, Yên Bái",
        "path_with_type": "Xã Trung Tâm, Huyện Lục Yên, Tỉnh Yên Bái",
        "code": "04372",
        "parent_code": "135"
    }
}