{
    "04498": {
        "name": "Cổ Phúc",
        "type": "thi-tran",
        "slug": "co-phuc",
        "name_with_type": "Thị trấn Cổ Phúc",
        "path": "Cổ Phúc, Trấn Yên, Yên Bái",
        "path_with_type": "Thị trấn Cổ Phúc, Huyện Trấn Yên, Tỉnh Yên Bái",
        "code": "04498",
        "parent_code": "138"
    },
    "04501": {
        "name": "Tân Đồng",
        "type": "xa",
        "slug": "tan-dong",
        "name_with_type": "Xã Tân Đồng",
        "path": "Tân Đồng, Trấn Yên, Yên Bái",
        "path_with_type": "Xã Tân Đồng, Huyện Trấn Yên, Tỉnh Yên Bái",
        "code": "04501",
        "parent_code": "138"
    },
    "04504": {
        "name": "Báo Đáp",
        "type": "xa",
        "slug": "bao-dap",
        "name_with_type": "Xã Báo Đáp",
        "path": "Báo Đáp, Trấn Yên, Yên Bái",
        "path_with_type": "Xã Báo Đáp, Huyện Trấn Yên, Tỉnh Yên Bái",
        "code": "04504",
        "parent_code": "138"
    },
    "04507": {
        "name": "Đào Thịnh",
        "type": "xa",
        "slug": "dao-thinh",
        "name_with_type": "Xã Đào Thịnh",
        "path": "Đào Thịnh, Trấn Yên, Yên Bái",
        "path_with_type": "Xã Đào Thịnh, Huyện Trấn Yên, Tỉnh Yên Bái",
        "code": "04507",
        "parent_code": "138"
    },
    "04510": {
        "name": "Việt Thành",
        "type": "xa",
        "slug": "viet-thanh",
        "name_with_type": "Xã Việt Thành",
        "path": "Việt Thành, Trấn Yên, Yên Bái",
        "path_with_type": "Xã Việt Thành, Huyện Trấn Yên, Tỉnh Yên Bái",
        "code": "04510",
        "parent_code": "138"
    },
    "04513": {
        "name": "Hòa Cuông",
        "type": "xa",
        "slug": "hoa-cuong",
        "name_with_type": "Xã Hòa Cuông",
        "path": "Hòa Cuông, Trấn Yên, Yên Bái",
        "path_with_type": "Xã Hòa Cuông, Huyện Trấn Yên, Tỉnh Yên Bái",
        "code": "04513",
        "parent_code": "138"
    },
    "04516": {
        "name": "Minh Quán",
        "type": "xa",
        "slug": "minh-quan",
        "name_with_type": "Xã Minh Quán",
        "path": "Minh Quán, Trấn Yên, Yên Bái",
        "path_with_type": "Xã Minh Quán, Huyện Trấn Yên, Tỉnh Yên Bái",
        "code": "04516",
        "parent_code": "138"
    },
    "04519": {
        "name": "Quy Mông",
        "type": "xa",
        "slug": "quy-mong",
        "name_with_type": "Xã Quy Mông",
        "path": "Quy Mông, Trấn Yên, Yên Bái",
        "path_with_type": "Xã Quy Mông, Huyện Trấn Yên, Tỉnh Yên Bái",
        "code": "04519",
        "parent_code": "138"
    },
    "04522": {
        "name": "Cường Thịnh",
        "type": "xa",
        "slug": "cuong-thinh",
        "name_with_type": "Xã Cường Thịnh",
        "path": "Cường Thịnh, Trấn Yên, Yên Bái",
        "path_with_type": "Xã Cường Thịnh, Huyện Trấn Yên, Tỉnh Yên Bái",
        "code": "04522",
        "parent_code": "138"
    },
    "04525": {
        "name": "Kiên Thành",
        "type": "xa",
        "slug": "kien-thanh",
        "name_with_type": "Xã Kiên Thành",
        "path": "Kiên Thành, Trấn Yên, Yên Bái",
        "path_with_type": "Xã Kiên Thành, Huyện Trấn Yên, Tỉnh Yên Bái",
        "code": "04525",
        "parent_code": "138"
    },
    "04528": {
        "name": "Nga Quán",
        "type": "xa",
        "slug": "nga-quan",
        "name_with_type": "Xã Nga Quán",
        "path": "Nga Quán, Trấn Yên, Yên Bái",
        "path_with_type": "Xã Nga Quán, Huyện Trấn Yên, Tỉnh Yên Bái",
        "code": "04528",
        "parent_code": "138"
    },
    "04531": {
        "name": "Y Can",
        "type": "xa",
        "slug": "y-can",
        "name_with_type": "Xã Y Can",
        "path": "Y Can, Trấn Yên, Yên Bái",
        "path_with_type": "Xã Y Can, Huyện Trấn Yên, Tỉnh Yên Bái",
        "code": "04531",
        "parent_code": "138"
    },
    "04534": {
        "name": "Minh Tiến",
        "type": "xa",
        "slug": "minh-tien",
        "name_with_type": "Xã Minh Tiến",
        "path": "Minh Tiến, Trấn Yên, Yên Bái",
        "path_with_type": "Xã Minh Tiến, Huyện Trấn Yên, Tỉnh Yên Bái",
        "code": "04534",
        "parent_code": "138"
    },
    "04537": {
        "name": "Lương Thịnh",
        "type": "xa",
        "slug": "luong-thinh",
        "name_with_type": "Xã Lương Thịnh",
        "path": "Lương Thịnh, Trấn Yên, Yên Bái",
        "path_with_type": "Xã Lương Thịnh, Huyện Trấn Yên, Tỉnh Yên Bái",
        "code": "04537",
        "parent_code": "138"
    },
    "04561": {
        "name": "Bảo Hưng",
        "type": "xa",
        "slug": "bao-hung",
        "name_with_type": "Xã Bảo Hưng",
        "path": "Bảo Hưng, Trấn Yên, Yên Bái",
        "path_with_type": "Xã Bảo Hưng, Huyện Trấn Yên, Tỉnh Yên Bái",
        "code": "04561",
        "parent_code": "138"
    },
    "04564": {
        "name": "Việt Cường",
        "type": "xa",
        "slug": "viet-cuong",
        "name_with_type": "Xã Việt Cường",
        "path": "Việt Cường, Trấn Yên, Yên Bái",
        "path_with_type": "Xã Việt Cường, Huyện Trấn Yên, Tỉnh Yên Bái",
        "code": "04564",
        "parent_code": "138"
    },
    "04567": {
        "name": "Minh Quân",
        "type": "xa",
        "slug": "minh-quan",
        "name_with_type": "Xã Minh Quân",
        "path": "Minh Quân, Trấn Yên, Yên Bái",
        "path_with_type": "Xã Minh Quân, Huyện Trấn Yên, Tỉnh Yên Bái",
        "code": "04567",
        "parent_code": "138"
    },
    "04570": {
        "name": "Hồng Ca",
        "type": "xa",
        "slug": "hong-ca",
        "name_with_type": "Xã Hồng Ca",
        "path": "Hồng Ca, Trấn Yên, Yên Bái",
        "path_with_type": "Xã Hồng Ca, Huyện Trấn Yên, Tỉnh Yên Bái",
        "code": "04570",
        "parent_code": "138"
    },
    "04573": {
        "name": "Hưng Thịnh",
        "type": "xa",
        "slug": "hung-thinh",
        "name_with_type": "Xã Hưng Thịnh",
        "path": "Hưng Thịnh, Trấn Yên, Yên Bái",
        "path_with_type": "Xã Hưng Thịnh, Huyện Trấn Yên, Tỉnh Yên Bái",
        "code": "04573",
        "parent_code": "138"
    },
    "04576": {
        "name": "Hưng Khánh",
        "type": "xa",
        "slug": "hung-khanh",
        "name_with_type": "Xã Hưng Khánh",
        "path": "Hưng Khánh, Trấn Yên, Yên Bái",
        "path_with_type": "Xã Hưng Khánh, Huyện Trấn Yên, Tỉnh Yên Bái",
        "code": "04576",
        "parent_code": "138"
    },
    "04579": {
        "name": "Việt Hồng",
        "type": "xa",
        "slug": "viet-hong",
        "name_with_type": "Xã Việt Hồng",
        "path": "Việt Hồng, Trấn Yên, Yên Bái",
        "path_with_type": "Xã Việt Hồng, Huyện Trấn Yên, Tỉnh Yên Bái",
        "code": "04579",
        "parent_code": "138"
    },
    "04582": {
        "name": "Vân Hội",
        "type": "xa",
        "slug": "van-hoi",
        "name_with_type": "Xã Vân Hội",
        "path": "Vân Hội, Trấn Yên, Yên Bái",
        "path_with_type": "Xã Vân Hội, Huyện Trấn Yên, Tỉnh Yên Bái",
        "code": "04582",
        "parent_code": "138"
    }
}