{
    "04924": {
        "name": "Lương Sơn",
        "type": "thi-tran",
        "slug": "luong-son",
        "name_with_type": "Thị trấn Lương Sơn",
        "path": "Lương Sơn, Lương Sơn, Hoà Bình",
        "path_with_type": "Thị trấn Lương Sơn, Huyện Lương Sơn, Tỉnh Hoà Bình",
        "code": "04924",
        "parent_code": "152"
    },
    "04942": {
        "name": "Lâm Sơn",
        "type": "xa",
        "slug": "lam-son",
        "name_with_type": "Xã Lâm Sơn",
        "path": "Lâm Sơn, Lương Sơn, Hoà Bình",
        "path_with_type": "Xã Lâm Sơn, Huyện Lương Sơn, Tỉnh Hoà Bình",
        "code": "04942",
        "parent_code": "152"
    },
    "04945": {
        "name": "Hòa Sơn",
        "type": "xa",
        "slug": "hoa-son",
        "name_with_type": "Xã Hòa Sơn",
        "path": "Hòa Sơn, Lương Sơn, Hoà Bình",
        "path_with_type": "Xã Hòa Sơn, Huyện Lương Sơn, Tỉnh Hoà Bình",
        "code": "04945",
        "parent_code": "152"
    },
    "04948": {
        "name": "Trường Sơn",
        "type": "xa",
        "slug": "truong-son",
        "name_with_type": "Xã Trường Sơn",
        "path": "Trường Sơn, Lương Sơn, Hoà Bình",
        "path_with_type": "Xã Trường Sơn, Huyện Lương Sơn, Tỉnh Hoà Bình",
        "code": "04948",
        "parent_code": "152"
    },
    "04951": {
        "name": "Tân Vinh",
        "type": "xa",
        "slug": "tan-vinh",
        "name_with_type": "Xã Tân Vinh",
        "path": "Tân Vinh, Lương Sơn, Hoà Bình",
        "path_with_type": "Xã Tân Vinh, Huyện Lương Sơn, Tỉnh Hoà Bình",
        "code": "04951",
        "parent_code": "152"
    },
    "04954": {
        "name": "Nhuận Trạch",
        "type": "xa",
        "slug": "nhuan-trach",
        "name_with_type": "Xã Nhuận Trạch",
        "path": "Nhuận Trạch, Lương Sơn, Hoà Bình",
        "path_with_type": "Xã Nhuận Trạch, Huyện Lương Sơn, Tỉnh Hoà Bình",
        "code": "04954",
        "parent_code": "152"
    },
    "04957": {
        "name": "Cao Răm",
        "type": "xa",
        "slug": "cao-ram",
        "name_with_type": "Xã Cao Răm",
        "path": "Cao Răm, Lương Sơn, Hoà Bình",
        "path_with_type": "Xã Cao Răm, Huyện Lương Sơn, Tỉnh Hoà Bình",
        "code": "04957",
        "parent_code": "152"
    },
    "04960": {
        "name": "Cư Yên",
        "type": "xa",
        "slug": "cu-yen",
        "name_with_type": "Xã Cư Yên",
        "path": "Cư Yên, Lương Sơn, Hoà Bình",
        "path_with_type": "Xã Cư Yên, Huyện Lương Sơn, Tỉnh Hoà Bình",
        "code": "04960",
        "parent_code": "152"
    },
    "04963": {
        "name": "Hợp Hòa",
        "type": "xa",
        "slug": "hop-hoa",
        "name_with_type": "Xã Hợp Hòa",
        "path": "Hợp Hòa, Lương Sơn, Hoà Bình",
        "path_with_type": "Xã Hợp Hòa, Huyện Lương Sơn, Tỉnh Hoà Bình",
        "code": "04963",
        "parent_code": "152"
    },
    "04966": {
        "name": "Liên Sơn",
        "type": "xa",
        "slug": "lien-son",
        "name_with_type": "Xã Liên Sơn",
        "path": "Liên Sơn, Lương Sơn, Hoà Bình",
        "path_with_type": "Xã Liên Sơn, Huyện Lương Sơn, Tỉnh Hoà Bình",
        "code": "04966",
        "parent_code": "152"
    },
    "04969": {
        "name": "Thành Lập",
        "type": "xa",
        "slug": "thanh-lap",
        "name_with_type": "Xã Thành Lập",
        "path": "Thành Lập, Lương Sơn, Hoà Bình",
        "path_with_type": "Xã Thành Lập, Huyện Lương Sơn, Tỉnh Hoà Bình",
        "code": "04969",
        "parent_code": "152"
    },
    "04972": {
        "name": "Tiến Sơn",
        "type": "xa",
        "slug": "tien-son",
        "name_with_type": "Xã Tiến Sơn",
        "path": "Tiến Sơn, Lương Sơn, Hoà Bình",
        "path_with_type": "Xã Tiến Sơn, Huyện Lương Sơn, Tỉnh Hoà Bình",
        "code": "04972",
        "parent_code": "152"
    },
    "04975": {
        "name": "Trung Sơn",
        "type": "xa",
        "slug": "trung-son",
        "name_with_type": "Xã Trung Sơn",
        "path": "Trung Sơn, Lương Sơn, Hoà Bình",
        "path_with_type": "Xã Trung Sơn, Huyện Lương Sơn, Tỉnh Hoà Bình",
        "code": "04975",
        "parent_code": "152"
    },
    "04996": {
        "name": "Tân Thành",
        "type": "xa",
        "slug": "tan-thanh",
        "name_with_type": "Xã Tân Thành",
        "path": "Tân Thành, Lương Sơn, Hoà Bình",
        "path_with_type": "Xã Tân Thành, Huyện Lương Sơn, Tỉnh Hoà Bình",
        "code": "04996",
        "parent_code": "152"
    },
    "05008": {
        "name": "Cao Dương",
        "type": "xa",
        "slug": "cao-duong",
        "name_with_type": "Xã Cao Dương",
        "path": "Cao Dương, Lương Sơn, Hoà Bình",
        "path_with_type": "Xã Cao Dương, Huyện Lương Sơn, Tỉnh Hoà Bình",
        "code": "05008",
        "parent_code": "152"
    },
    "05023": {
        "name": "Hợp Châu",
        "type": "xa",
        "slug": "hop-chau",
        "name_with_type": "Xã Hợp Châu",
        "path": "Hợp Châu, Lương Sơn, Hoà Bình",
        "path_with_type": "Xã Hợp Châu, Huyện Lương Sơn, Tỉnh Hoà Bình",
        "code": "05023",
        "parent_code": "152"
    },
    "05041": {
        "name": "Long Sơn",
        "type": "xa",
        "slug": "long-son",
        "name_with_type": "Xã Long Sơn",
        "path": "Long Sơn, Lương Sơn, Hoà Bình",
        "path_with_type": "Xã Long Sơn, Huyện Lương Sơn, Tỉnh Hoà Bình",
        "code": "05041",
        "parent_code": "152"
    },
    "05047": {
        "name": "Cao Thắng",
        "type": "xa",
        "slug": "cao-thang",
        "name_with_type": "Xã Cao Thắng",
        "path": "Cao Thắng, Lương Sơn, Hoà Bình",
        "path_with_type": "Xã Cao Thắng, Huyện Lương Sơn, Tỉnh Hoà Bình",
        "code": "05047",
        "parent_code": "152"
    },
    "05059": {
        "name": "Thanh Lương",
        "type": "xa",
        "slug": "thanh-luong",
        "name_with_type": "Xã Thanh Lương",
        "path": "Thanh Lương, Lương Sơn, Hoà Bình",
        "path_with_type": "Xã Thanh Lương, Huyện Lương Sơn, Tỉnh Hoà Bình",
        "code": "05059",
        "parent_code": "152"
    },
    "05062": {
        "name": "Hợp Thanh",
        "type": "xa",
        "slug": "hop-thanh",
        "name_with_type": "Xã Hợp Thanh",
        "path": "Hợp Thanh, Lương Sơn, Hoà Bình",
        "path_with_type": "Xã Hợp Thanh, Huyện Lương Sơn, Tỉnh Hoà Bình",
        "code": "05062",
        "parent_code": "152"
    }
}