{
    "04978": {
        "name": "Bo",
        "type": "thi-tran",
        "slug": "bo",
        "name_with_type": "Thị trấn Bo",
        "path": "Bo, Kim Bôi, Hoà Bình",
        "path_with_type": "Thị trấn Bo, Huyện Kim Bôi, Tỉnh Hoà Bình",
        "code": "04978",
        "parent_code": "153"
    },
    "04984": {
        "name": "Đú Sáng",
        "type": "xa",
        "slug": "du-sang",
        "name_with_type": "Xã Đú Sáng",
        "path": "Đú Sáng, Kim Bôi, Hoà Bình",
        "path_with_type": "Xã Đú Sáng, Huyện Kim Bôi, Tỉnh Hoà Bình",
        "code": "04984",
        "parent_code": "153"
    },
    "04987": {
        "name": "Bắc Sơn",
        "type": "xa",
        "slug": "bac-son",
        "name_with_type": "Xã  Bắc Sơn",
        "path": "Bắc Sơn, Kim Bôi, Hoà Bình",
        "path_with_type": "Xã  Bắc Sơn, Huyện Kim Bôi, Tỉnh Hoà Bình",
        "code": "04987",
        "parent_code": "153"
    },
    "04990": {
        "name": "Bình Sơn",
        "type": "xa",
        "slug": "binh-son",
        "name_with_type": "Xã Bình Sơn",
        "path": "Bình Sơn, Kim Bôi, Hoà Bình",
        "path_with_type": "Xã Bình Sơn, Huyện Kim Bôi, Tỉnh Hoà Bình",
        "code": "04990",
        "parent_code": "153"
    },
    "04993": {
        "name": "Hùng Tiến",
        "type": "xa",
        "slug": "hung-tien",
        "name_with_type": "Xã Hùng Tiến",
        "path": "Hùng Tiến, Kim Bôi, Hoà Bình",
        "path_with_type": "Xã Hùng Tiến, Huyện Kim Bôi, Tỉnh Hoà Bình",
        "code": "04993",
        "parent_code": "153"
    },
    "04999": {
        "name": "Tú Sơn",
        "type": "xa",
        "slug": "tu-son",
        "name_with_type": "Xã Tú Sơn",
        "path": "Tú Sơn, Kim Bôi, Hoà Bình",
        "path_with_type": "Xã Tú Sơn, Huyện Kim Bôi, Tỉnh Hoà Bình",
        "code": "04999",
        "parent_code": "153"
    },
    "05002": {
        "name": "Nật Sơn",
        "type": "xa",
        "slug": "nat-son",
        "name_with_type": "Xã Nật Sơn",
        "path": "Nật Sơn, Kim Bôi, Hoà Bình",
        "path_with_type": "Xã Nật Sơn, Huyện Kim Bôi, Tỉnh Hoà Bình",
        "code": "05002",
        "parent_code": "153"
    },
    "05005": {
        "name": "Vĩnh Tiến",
        "type": "xa",
        "slug": "vinh-tien",
        "name_with_type": "Xã Vĩnh Tiến",
        "path": "Vĩnh Tiến, Kim Bôi, Hoà Bình",
        "path_with_type": "Xã Vĩnh Tiến, Huyện Kim Bôi, Tỉnh Hoà Bình",
        "code": "05005",
        "parent_code": "153"
    },
    "05011": {
        "name": "Sơn Thủy",
        "type": "xa",
        "slug": "son-thuy",
        "name_with_type": "Xã Sơn Thủy",
        "path": "Sơn Thủy, Kim Bôi, Hoà Bình",
        "path_with_type": "Xã Sơn Thủy, Huyện Kim Bôi, Tỉnh Hoà Bình",
        "code": "05011",
        "parent_code": "153"
    },
    "05014": {
        "name": "Đông Bắc",
        "type": "xa",
        "slug": "dong-bac",
        "name_with_type": "Xã Đông Bắc",
        "path": "Đông Bắc, Kim Bôi, Hoà Bình",
        "path_with_type": "Xã Đông Bắc, Huyện Kim Bôi, Tỉnh Hoà Bình",
        "code": "05014",
        "parent_code": "153"
    },
    "05017": {
        "name": "Thượng Bì",
        "type": "xa",
        "slug": "thuong-bi",
        "name_with_type": "Xã Thượng Bì",
        "path": "Thượng Bì, Kim Bôi, Hoà Bình",
        "path_with_type": "Xã Thượng Bì, Huyện Kim Bôi, Tỉnh Hoà Bình",
        "code": "05017",
        "parent_code": "153"
    },
    "05020": {
        "name": "Lập Chiệng",
        "type": "xa",
        "slug": "lap-chieng",
        "name_with_type": "Xã Lập Chiệng",
        "path": "Lập Chiệng, Kim Bôi, Hoà Bình",
        "path_with_type": "Xã Lập Chiệng, Huyện Kim Bôi, Tỉnh Hoà Bình",
        "code": "05020",
        "parent_code": "153"
    },
    "05026": {
        "name": "Vĩnh Đồng",
        "type": "xa",
        "slug": "vinh-dong",
        "name_with_type": "Xã Vĩnh Đồng",
        "path": "Vĩnh Đồng, Kim Bôi, Hoà Bình",
        "path_with_type": "Xã Vĩnh Đồng, Huyện Kim Bôi, Tỉnh Hoà Bình",
        "code": "05026",
        "parent_code": "153"
    },
    "05029": {
        "name": "Hạ Bì",
        "type": "xa",
        "slug": "ha-bi",
        "name_with_type": "Xã Hạ Bì",
        "path": "Hạ Bì, Kim Bôi, Hoà Bình",
        "path_with_type": "Xã Hạ Bì, Huyện Kim Bôi, Tỉnh Hoà Bình",
        "code": "05029",
        "parent_code": "153"
    },
    "05032": {
        "name": "Trung Bì",
        "type": "xa",
        "slug": "trung-bi",
        "name_with_type": "Xã Trung Bì",
        "path": "Trung Bì, Kim Bôi, Hoà Bình",
        "path_with_type": "Xã Trung Bì, Huyện Kim Bôi, Tỉnh Hoà Bình",
        "code": "05032",
        "parent_code": "153"
    },
    "05035": {
        "name": "Kim Sơn",
        "type": "xa",
        "slug": "kim-son",
        "name_with_type": "Xã Kim Sơn",
        "path": "Kim Sơn, Kim Bôi, Hoà Bình",
        "path_with_type": "Xã Kim Sơn, Huyện Kim Bôi, Tỉnh Hoà Bình",
        "code": "05035",
        "parent_code": "153"
    },
    "05038": {
        "name": "Hợp Đồng",
        "type": "xa",
        "slug": "hop-dong",
        "name_with_type": "Xã Hợp Đồng",
        "path": "Hợp Đồng, Kim Bôi, Hoà Bình",
        "path_with_type": "Xã Hợp Đồng, Huyện Kim Bôi, Tỉnh Hoà Bình",
        "code": "05038",
        "parent_code": "153"
    },
    "05044": {
        "name": "Thượng Tiến",
        "type": "xa",
        "slug": "thuong-tien",
        "name_with_type": "Xã Thượng Tiến",
        "path": "Thượng Tiến, Kim Bôi, Hoà Bình",
        "path_with_type": "Xã Thượng Tiến, Huyện Kim Bôi, Tỉnh Hoà Bình",
        "code": "05044",
        "parent_code": "153"
    },
    "05050": {
        "name": "Kim Tiến",
        "type": "xa",
        "slug": "kim-tien",
        "name_with_type": "Xã Kim Tiến",
        "path": "Kim Tiến, Kim Bôi, Hoà Bình",
        "path_with_type": "Xã Kim Tiến, Huyện Kim Bôi, Tỉnh Hoà Bình",
        "code": "05050",
        "parent_code": "153"
    },
    "05053": {
        "name": "Kim Bình",
        "type": "xa",
        "slug": "kim-binh",
        "name_with_type": "Xã Kim Bình",
        "path": "Kim Bình, Kim Bôi, Hoà Bình",
        "path_with_type": "Xã Kim Bình, Huyện Kim Bôi, Tỉnh Hoà Bình",
        "code": "05053",
        "parent_code": "153"
    },
    "05056": {
        "name": "Hợp Kim",
        "type": "xa",
        "slug": "hop-kim",
        "name_with_type": "Xã Hợp Kim",
        "path": "Hợp Kim, Kim Bôi, Hoà Bình",
        "path_with_type": "Xã Hợp Kim, Huyện Kim Bôi, Tỉnh Hoà Bình",
        "code": "05056",
        "parent_code": "153"
    },
    "05065": {
        "name": "Kim Bôi",
        "type": "xa",
        "slug": "kim-boi",
        "name_with_type": "Xã Kim Bôi",
        "path": "Kim Bôi, Kim Bôi, Hoà Bình",
        "path_with_type": "Xã Kim Bôi, Huyện Kim Bôi, Tỉnh Hoà Bình",
        "code": "05065",
        "parent_code": "153"
    },
    "05068": {
        "name": "Nam Thượng",
        "type": "xa",
        "slug": "nam-thuong",
        "name_with_type": "Xã Nam Thượng",
        "path": "Nam Thượng, Kim Bôi, Hoà Bình",
        "path_with_type": "Xã Nam Thượng, Huyện Kim Bôi, Tỉnh Hoà Bình",
        "code": "05068",
        "parent_code": "153"
    },
    "05071": {
        "name": "Kim Truy",
        "type": "xa",
        "slug": "kim-truy",
        "name_with_type": "Xã Kim Truy",
        "path": "Kim Truy, Kim Bôi, Hoà Bình",
        "path_with_type": "Xã Kim Truy, Huyện Kim Bôi, Tỉnh Hoà Bình",
        "code": "05071",
        "parent_code": "153"
    },
    "05077": {
        "name": "Cuối Hạ",
        "type": "xa",
        "slug": "cuoi-ha",
        "name_with_type": "Xã Cuối Hạ",
        "path": "Cuối Hạ, Kim Bôi, Hoà Bình",
        "path_with_type": "Xã Cuối Hạ, Huyện Kim Bôi, Tỉnh Hoà Bình",
        "code": "05077",
        "parent_code": "153"
    },
    "05080": {
        "name": "Sào Báy",
        "type": "xa",
        "slug": "sao-bay",
        "name_with_type": "Xã Sào Báy",
        "path": "Sào Báy, Kim Bôi, Hoà Bình",
        "path_with_type": "Xã Sào Báy, Huyện Kim Bôi, Tỉnh Hoà Bình",
        "code": "05080",
        "parent_code": "153"
    },
    "05083": {
        "name": "Mi Hòa",
        "type": "xa",
        "slug": "mi-hoa",
        "name_with_type": "Xã Mi Hòa",
        "path": "Mi Hòa, Kim Bôi, Hoà Bình",
        "path_with_type": "Xã Mi Hòa, Huyện Kim Bôi, Tỉnh Hoà Bình",
        "code": "05083",
        "parent_code": "153"
    },
    "05086": {
        "name": "Nuông Dăm",
        "type": "xa",
        "slug": "nuong-dam",
        "name_with_type": "Xã Nuông Dăm",
        "path": "Nuông Dăm, Kim Bôi, Hoà Bình",
        "path_with_type": "Xã Nuông Dăm, Huyện Kim Bôi, Tỉnh Hoà Bình",
        "code": "05086",
        "parent_code": "153"
    }
}