{
    "05608": {
        "name": "Giang Tiên",
        "type": "thi-tran",
        "slug": "giang-tien",
        "name_with_type": "Thị trấn Giang Tiên",
        "path": "Giang Tiên, Phú Lương, Thái Nguyên",
        "path_with_type": "Thị trấn Giang Tiên, Huyện Phú Lương, Tỉnh Thái Nguyên",
        "code": "05608",
        "parent_code": "168"
    },
    "05611": {
        "name": "Đu",
        "type": "thi-tran",
        "slug": "du",
        "name_with_type": "Thị trấn Đu",
        "path": "Đu, Phú Lương, Thái Nguyên",
        "path_with_type": "Thị trấn Đu, Huyện Phú Lương, Tỉnh Thái Nguyên",
        "code": "05611",
        "parent_code": "168"
    },
    "05614": {
        "name": "Yên Ninh",
        "type": "xa",
        "slug": "yen-ninh",
        "name_with_type": "Xã Yên Ninh",
        "path": "Yên Ninh, Phú Lương, Thái Nguyên",
        "path_with_type": "Xã Yên Ninh, Huyện Phú Lương, Tỉnh Thái Nguyên",
        "code": "05614",
        "parent_code": "168"
    },
    "05617": {
        "name": "Yên Trạch",
        "type": "xa",
        "slug": "yen-trach",
        "name_with_type": "Xã Yên Trạch",
        "path": "Yên Trạch, Phú Lương, Thái Nguyên",
        "path_with_type": "Xã Yên Trạch, Huyện Phú Lương, Tỉnh Thái Nguyên",
        "code": "05617",
        "parent_code": "168"
    },
    "05620": {
        "name": "Yên Đổ",
        "type": "xa",
        "slug": "yen-do",
        "name_with_type": "Xã Yên Đổ",
        "path": "Yên Đổ, Phú Lương, Thái Nguyên",
        "path_with_type": "Xã Yên Đổ, Huyện Phú Lương, Tỉnh Thái Nguyên",
        "code": "05620",
        "parent_code": "168"
    },
    "05623": {
        "name": "Yên Lạc",
        "type": "xa",
        "slug": "yen-lac",
        "name_with_type": "Xã Yên Lạc",
        "path": "Yên Lạc, Phú Lương, Thái Nguyên",
        "path_with_type": "Xã Yên Lạc, Huyện Phú Lương, Tỉnh Thái Nguyên",
        "code": "05623",
        "parent_code": "168"
    },
    "05626": {
        "name": "Ôn Lương",
        "type": "xa",
        "slug": "on-luong",
        "name_with_type": "Xã Ôn Lương",
        "path": "Ôn Lương, Phú Lương, Thái Nguyên",
        "path_with_type": "Xã Ôn Lương, Huyện Phú Lương, Tỉnh Thái Nguyên",
        "code": "05626",
        "parent_code": "168"
    },
    "05629": {
        "name": "Động Đạt",
        "type": "xa",
        "slug": "dong-dat",
        "name_with_type": "Xã Động Đạt",
        "path": "Động Đạt, Phú Lương, Thái Nguyên",
        "path_with_type": "Xã Động Đạt, Huyện Phú Lương, Tỉnh Thái Nguyên",
        "code": "05629",
        "parent_code": "168"
    },
    "05632": {
        "name": "Phủ Lý",
        "type": "xa",
        "slug": "phu-ly",
        "name_with_type": "Xã Phủ Lý",
        "path": "Phủ Lý, Phú Lương, Thái Nguyên",
        "path_with_type": "Xã Phủ Lý, Huyện Phú Lương, Tỉnh Thái Nguyên",
        "code": "05632",
        "parent_code": "168"
    },
    "05635": {
        "name": "Phú Đô",
        "type": "xa",
        "slug": "phu-do",
        "name_with_type": "Xã Phú Đô",
        "path": "Phú Đô, Phú Lương, Thái Nguyên",
        "path_with_type": "Xã Phú Đô, Huyện Phú Lương, Tỉnh Thái Nguyên",
        "code": "05635",
        "parent_code": "168"
    },
    "05638": {
        "name": "Hợp Thành",
        "type": "xa",
        "slug": "hop-thanh",
        "name_with_type": "Xã Hợp Thành",
        "path": "Hợp Thành, Phú Lương, Thái Nguyên",
        "path_with_type": "Xã Hợp Thành, Huyện Phú Lương, Tỉnh Thái Nguyên",
        "code": "05638",
        "parent_code": "168"
    },
    "05641": {
        "name": "Tức Tranh",
        "type": "xa",
        "slug": "tuc-tranh",
        "name_with_type": "Xã Tức Tranh",
        "path": "Tức Tranh, Phú Lương, Thái Nguyên",
        "path_with_type": "Xã Tức Tranh, Huyện Phú Lương, Tỉnh Thái Nguyên",
        "code": "05641",
        "parent_code": "168"
    },
    "05644": {
        "name": "Phấn Mễ",
        "type": "xa",
        "slug": "phan-me",
        "name_with_type": "Xã Phấn Mễ",
        "path": "Phấn Mễ, Phú Lương, Thái Nguyên",
        "path_with_type": "Xã Phấn Mễ, Huyện Phú Lương, Tỉnh Thái Nguyên",
        "code": "05644",
        "parent_code": "168"
    },
    "05647": {
        "name": "Vô Tranh",
        "type": "xa",
        "slug": "vo-tranh",
        "name_with_type": "Xã Vô Tranh",
        "path": "Vô Tranh, Phú Lương, Thái Nguyên",
        "path_with_type": "Xã Vô Tranh, Huyện Phú Lương, Tỉnh Thái Nguyên",
        "code": "05647",
        "parent_code": "168"
    },
    "05650": {
        "name": "Cổ Lũng",
        "type": "xa",
        "slug": "co-lung",
        "name_with_type": "Xã Cổ Lũng",
        "path": "Cổ Lũng, Phú Lương, Thái Nguyên",
        "path_with_type": "Xã Cổ Lũng, Huyện Phú Lương, Tỉnh Thái Nguyên",
        "code": "05650",
        "parent_code": "168"
    }
}