{
    "05656": {
        "name": "Sông Cầu",
        "type": "thi-tran",
        "slug": "song-cau",
        "name_with_type": "Thị trấn Sông Cầu",
        "path": "Sông Cầu, Đồng Hỷ, Thái Nguyên",
        "path_with_type": "Thị trấn Sông Cầu, Huyện Đồng Hỷ, Tỉnh Thái Nguyên",
        "code": "05656",
        "parent_code": "169"
    },
    "05662": {
        "name": "Trại Cau",
        "type": "thi-tran",
        "slug": "trai-cau",
        "name_with_type": "Thị trấn Trại Cau",
        "path": "Trại Cau, Đồng Hỷ, Thái Nguyên",
        "path_with_type": "Thị trấn Trại Cau, Huyện Đồng Hỷ, Tỉnh Thái Nguyên",
        "code": "05662",
        "parent_code": "169"
    },
    "05665": {
        "name": "Văn Lăng",
        "type": "xa",
        "slug": "van-lang",
        "name_with_type": "Xã Văn Lăng",
        "path": "Văn Lăng, Đồng Hỷ, Thái Nguyên",
        "path_with_type": "Xã Văn Lăng, Huyện Đồng Hỷ, Tỉnh Thái Nguyên",
        "code": "05665",
        "parent_code": "169"
    },
    "05668": {
        "name": "Tân Long",
        "type": "xa",
        "slug": "tan-long",
        "name_with_type": "Xã Tân Long",
        "path": "Tân Long, Đồng Hỷ, Thái Nguyên",
        "path_with_type": "Xã Tân Long, Huyện Đồng Hỷ, Tỉnh Thái Nguyên",
        "code": "05668",
        "parent_code": "169"
    },
    "05671": {
        "name": "Hòa Bình",
        "type": "xa",
        "slug": "hoa-binh",
        "name_with_type": "Xã Hòa Bình",
        "path": "Hòa Bình, Đồng Hỷ, Thái Nguyên",
        "path_with_type": "Xã Hòa Bình, Huyện Đồng Hỷ, Tỉnh Thái Nguyên",
        "code": "05671",
        "parent_code": "169"
    },
    "05674": {
        "name": "Quang Sơn",
        "type": "xa",
        "slug": "quang-son",
        "name_with_type": "Xã Quang Sơn",
        "path": "Quang Sơn, Đồng Hỷ, Thái Nguyên",
        "path_with_type": "Xã Quang Sơn, Huyện Đồng Hỷ, Tỉnh Thái Nguyên",
        "code": "05674",
        "parent_code": "169"
    },
    "05677": {
        "name": "Minh Lập",
        "type": "xa",
        "slug": "minh-lap",
        "name_with_type": "Xã Minh Lập",
        "path": "Minh Lập, Đồng Hỷ, Thái Nguyên",
        "path_with_type": "Xã Minh Lập, Huyện Đồng Hỷ, Tỉnh Thái Nguyên",
        "code": "05677",
        "parent_code": "169"
    },
    "05680": {
        "name": "Văn Hán",
        "type": "xa",
        "slug": "van-han",
        "name_with_type": "Xã Văn Hán",
        "path": "Văn Hán, Đồng Hỷ, Thái Nguyên",
        "path_with_type": "Xã Văn Hán, Huyện Đồng Hỷ, Tỉnh Thái Nguyên",
        "code": "05680",
        "parent_code": "169"
    },
    "05683": {
        "name": "Hóa Trung",
        "type": "xa",
        "slug": "hoa-trung",
        "name_with_type": "Xã Hóa Trung",
        "path": "Hóa Trung, Đồng Hỷ, Thái Nguyên",
        "path_with_type": "Xã Hóa Trung, Huyện Đồng Hỷ, Tỉnh Thái Nguyên",
        "code": "05683",
        "parent_code": "169"
    },
    "05686": {
        "name": "Khe Mo",
        "type": "xa",
        "slug": "khe-mo",
        "name_with_type": "Xã Khe Mo",
        "path": "Khe Mo, Đồng Hỷ, Thái Nguyên",
        "path_with_type": "Xã Khe Mo, Huyện Đồng Hỷ, Tỉnh Thái Nguyên",
        "code": "05686",
        "parent_code": "169"
    },
    "05689": {
        "name": "Cây Thị",
        "type": "xa",
        "slug": "cay-thi",
        "name_with_type": "Xã Cây Thị",
        "path": "Cây Thị, Đồng Hỷ, Thái Nguyên",
        "path_with_type": "Xã Cây Thị, Huyện Đồng Hỷ, Tỉnh Thái Nguyên",
        "code": "05689",
        "parent_code": "169"
    },
    "05692": {
        "name": "Hóa Thượng",
        "type": "xa",
        "slug": "hoa-thuong",
        "name_with_type": "Xã Hóa Thượng",
        "path": "Hóa Thượng, Đồng Hỷ, Thái Nguyên",
        "path_with_type": "Xã Hóa Thượng, Huyện Đồng Hỷ, Tỉnh Thái Nguyên",
        "code": "05692",
        "parent_code": "169"
    },
    "05698": {
        "name": "Hợp Tiến",
        "type": "xa",
        "slug": "hop-tien",
        "name_with_type": "Xã Hợp Tiến",
        "path": "Hợp Tiến, Đồng Hỷ, Thái Nguyên",
        "path_with_type": "Xã Hợp Tiến, Huyện Đồng Hỷ, Tỉnh Thái Nguyên",
        "code": "05698",
        "parent_code": "169"
    },
    "05704": {
        "name": "Tân Lợi",
        "type": "xa",
        "slug": "tan-loi",
        "name_with_type": "Xã Tân Lợi",
        "path": "Tân Lợi, Đồng Hỷ, Thái Nguyên",
        "path_with_type": "Xã Tân Lợi, Huyện Đồng Hỷ, Tỉnh Thái Nguyên",
        "code": "05704",
        "parent_code": "169"
    },
    "05707": {
        "name": "Nam Hòa",
        "type": "xa",
        "slug": "nam-hoa",
        "name_with_type": "Xã Nam Hòa",
        "path": "Nam Hòa, Đồng Hỷ, Thái Nguyên",
        "path_with_type": "Xã Nam Hòa, Huyện Đồng Hỷ, Tỉnh Thái Nguyên",
        "code": "05707",
        "parent_code": "169"
    }
}