{
    "06064": {
        "name": "Bình Gia",
        "type": "thi-tran",
        "slug": "binh-gia",
        "name_with_type": "Thị trấn Bình Gia",
        "path": "Bình Gia, Bình Gia, Lạng Sơn",
        "path_with_type": "Thị trấn Bình Gia, Huyện Bình Gia, Tỉnh Lạng Sơn",
        "code": "06064",
        "parent_code": "181"
    },
    "06067": {
        "name": "Hưng Đạo",
        "type": "xa",
        "slug": "hung-dao",
        "name_with_type": "Xã Hưng Đạo",
        "path": "Hưng Đạo, Bình Gia, Lạng Sơn",
        "path_with_type": "Xã Hưng Đạo, Huyện Bình Gia, Tỉnh Lạng Sơn",
        "code": "06067",
        "parent_code": "181"
    },
    "06070": {
        "name": "Vĩnh Yên",
        "type": "xa",
        "slug": "vinh-yen",
        "name_with_type": "Xã Vĩnh Yên",
        "path": "Vĩnh Yên, Bình Gia, Lạng Sơn",
        "path_with_type": "Xã Vĩnh Yên, Huyện Bình Gia, Tỉnh Lạng Sơn",
        "code": "06070",
        "parent_code": "181"
    },
    "06073": {
        "name": "Hoa Thám",
        "type": "xa",
        "slug": "hoa-tham",
        "name_with_type": "Xã Hoa Thám",
        "path": "Hoa Thám, Bình Gia, Lạng Sơn",
        "path_with_type": "Xã Hoa Thám, Huyện Bình Gia, Tỉnh Lạng Sơn",
        "code": "06073",
        "parent_code": "181"
    },
    "06076": {
        "name": "Quý Hòa",
        "type": "xa",
        "slug": "quy-hoa",
        "name_with_type": "Xã Quý Hòa",
        "path": "Quý Hòa, Bình Gia, Lạng Sơn",
        "path_with_type": "Xã Quý Hòa, Huyện Bình Gia, Tỉnh Lạng Sơn",
        "code": "06076",
        "parent_code": "181"
    },
    "06079": {
        "name": "Hồng Phong",
        "type": "xa",
        "slug": "hong-phong",
        "name_with_type": "Xã Hồng Phong",
        "path": "Hồng Phong, Bình Gia, Lạng Sơn",
        "path_with_type": "Xã Hồng Phong, Huyện Bình Gia, Tỉnh Lạng Sơn",
        "code": "06079",
        "parent_code": "181"
    },
    "06082": {
        "name": "Yên Lỗ",
        "type": "xa",
        "slug": "yen-lo",
        "name_with_type": "Xã Yên Lỗ",
        "path": "Yên Lỗ, Bình Gia, Lạng Sơn",
        "path_with_type": "Xã Yên Lỗ, Huyện Bình Gia, Tỉnh Lạng Sơn",
        "code": "06082",
        "parent_code": "181"
    },
    "06085": {
        "name": "Thiện Hòa",
        "type": "xa",
        "slug": "thien-hoa",
        "name_with_type": "Xã Thiện Hòa",
        "path": "Thiện Hòa, Bình Gia, Lạng Sơn",
        "path_with_type": "Xã Thiện Hòa, Huyện Bình Gia, Tỉnh Lạng Sơn",
        "code": "06085",
        "parent_code": "181"
    },
    "06088": {
        "name": "Quang Trung",
        "type": "xa",
        "slug": "quang-trung",
        "name_with_type": "Xã Quang Trung",
        "path": "Quang Trung, Bình Gia, Lạng Sơn",
        "path_with_type": "Xã Quang Trung, Huyện Bình Gia, Tỉnh Lạng Sơn",
        "code": "06088",
        "parent_code": "181"
    },
    "06091": {
        "name": "Thiện Thuật",
        "type": "xa",
        "slug": "thien-thuat",
        "name_with_type": "Xã Thiện Thuật",
        "path": "Thiện Thuật, Bình Gia, Lạng Sơn",
        "path_with_type": "Xã Thiện Thuật, Huyện Bình Gia, Tỉnh Lạng Sơn",
        "code": "06091",
        "parent_code": "181"
    },
    "06094": {
        "name": "Minh Khai",
        "type": "xa",
        "slug": "minh-khai",
        "name_with_type": "Xã Minh Khai",
        "path": "Minh Khai, Bình Gia, Lạng Sơn",
        "path_with_type": "Xã Minh Khai, Huyện Bình Gia, Tỉnh Lạng Sơn",
        "code": "06094",
        "parent_code": "181"
    },
    "06097": {
        "name": "Thiện Long",
        "type": "xa",
        "slug": "thien-long",
        "name_with_type": "Xã Thiện Long",
        "path": "Thiện Long, Bình Gia, Lạng Sơn",
        "path_with_type": "Xã Thiện Long, Huyện Bình Gia, Tỉnh Lạng Sơn",
        "code": "06097",
        "parent_code": "181"
    },
    "06100": {
        "name": "Hoàng Văn Thụ",
        "type": "xa",
        "slug": "hoang-van-thu",
        "name_with_type": "Xã Hoàng Văn Thụ",
        "path": "Hoàng Văn Thụ, Bình Gia, Lạng Sơn",
        "path_with_type": "Xã Hoàng Văn Thụ, Huyện Bình Gia, Tỉnh Lạng Sơn",
        "code": "06100",
        "parent_code": "181"
    },
    "06103": {
        "name": "Hòa Bình",
        "type": "xa",
        "slug": "hoa-binh",
        "name_with_type": "Xã Hòa Bình",
        "path": "Hòa Bình, Bình Gia, Lạng Sơn",
        "path_with_type": "Xã Hòa Bình, Huyện Bình Gia, Tỉnh Lạng Sơn",
        "code": "06103",
        "parent_code": "181"
    },
    "06106": {
        "name": "Mông Ân",
        "type": "xa",
        "slug": "mong-an",
        "name_with_type": "Xã Mông Ân",
        "path": "Mông Ân, Bình Gia, Lạng Sơn",
        "path_with_type": "Xã Mông Ân, Huyện Bình Gia, Tỉnh Lạng Sơn",
        "code": "06106",
        "parent_code": "181"
    },
    "06109": {
        "name": "Tân Hòa",
        "type": "xa",
        "slug": "tan-hoa",
        "name_with_type": "Xã Tân Hòa",
        "path": "Tân Hòa, Bình Gia, Lạng Sơn",
        "path_with_type": "Xã Tân Hòa, Huyện Bình Gia, Tỉnh Lạng Sơn",
        "code": "06109",
        "parent_code": "181"
    },
    "06112": {
        "name": "Tô Hiệu",
        "type": "xa",
        "slug": "to-hieu",
        "name_with_type": "Xã Tô Hiệu",
        "path": "Tô Hiệu, Bình Gia, Lạng Sơn",
        "path_with_type": "Xã Tô Hiệu, Huyện Bình Gia, Tỉnh Lạng Sơn",
        "code": "06112",
        "parent_code": "181"
    },
    "06115": {
        "name": "Hồng Thái",
        "type": "xa",
        "slug": "hong-thai",
        "name_with_type": "Xã Hồng Thái",
        "path": "Hồng Thái, Bình Gia, Lạng Sơn",
        "path_with_type": "Xã Hồng Thái, Huyện Bình Gia, Tỉnh Lạng Sơn",
        "code": "06115",
        "parent_code": "181"
    },
    "06118": {
        "name": "Bình La",
        "type": "xa",
        "slug": "binh-la",
        "name_with_type": "Xã Bình La",
        "path": "Bình La, Bình Gia, Lạng Sơn",
        "path_with_type": "Xã Bình La, Huyện Bình Gia, Tỉnh Lạng Sơn",
        "code": "06118",
        "parent_code": "181"
    },
    "06121": {
        "name": "Tân Văn",
        "type": "xa",
        "slug": "tan-van",
        "name_with_type": "Xã Tân Văn",
        "path": "Tân Văn, Bình Gia, Lạng Sơn",
        "path_with_type": "Xã Tân Văn, Huyện Bình Gia, Tỉnh Lạng Sơn",
        "code": "06121",
        "parent_code": "181"
    }
}