{
    "06325": {
        "name": "Bắc Sơn",
        "type": "thi-tran",
        "slug": "bac-son",
        "name_with_type": "Thị trấn Bắc Sơn",
        "path": "Bắc Sơn, Bắc Sơn, Lạng Sơn",
        "path_with_type": "Thị trấn Bắc Sơn, Huyện Bắc Sơn, Tỉnh Lạng Sơn",
        "code": "06325",
        "parent_code": "185"
    },
    "06328": {
        "name": "Long Đống",
        "type": "xa",
        "slug": "long-dong",
        "name_with_type": "Xã Long Đống",
        "path": "Long Đống, Bắc Sơn, Lạng Sơn",
        "path_with_type": "Xã Long Đống, Huyện Bắc Sơn, Tỉnh Lạng Sơn",
        "code": "06328",
        "parent_code": "185"
    },
    "06331": {
        "name": "Vạn Thủy",
        "type": "xa",
        "slug": "van-thuy",
        "name_with_type": "Xã Vạn Thủy",
        "path": "Vạn Thủy, Bắc Sơn, Lạng Sơn",
        "path_with_type": "Xã Vạn Thủy, Huyện Bắc Sơn, Tỉnh Lạng Sơn",
        "code": "06331",
        "parent_code": "185"
    },
    "06334": {
        "name": "Quỳnh Sơn",
        "type": "xa",
        "slug": "quynh-son",
        "name_with_type": "Xã Quỳnh Sơn",
        "path": "Quỳnh Sơn, Bắc Sơn, Lạng Sơn",
        "path_with_type": "Xã Quỳnh Sơn, Huyện Bắc Sơn, Tỉnh Lạng Sơn",
        "code": "06334",
        "parent_code": "185"
    },
    "06337": {
        "name": "Đồng ý",
        "type": "xa",
        "slug": "dong-y",
        "name_with_type": "Xã Đồng ý",
        "path": "Đồng ý, Bắc Sơn, Lạng Sơn",
        "path_with_type": "Xã Đồng ý, Huyện Bắc Sơn, Tỉnh Lạng Sơn",
        "code": "06337",
        "parent_code": "185"
    },
    "06340": {
        "name": "Tân Tri",
        "type": "xa",
        "slug": "tan-tri",
        "name_with_type": "Xã Tân Tri",
        "path": "Tân Tri, Bắc Sơn, Lạng Sơn",
        "path_with_type": "Xã Tân Tri, Huyện Bắc Sơn, Tỉnh Lạng Sơn",
        "code": "06340",
        "parent_code": "185"
    },
    "06343": {
        "name": "Bắc Sơn",
        "type": "xa",
        "slug": "bac-son",
        "name_with_type": "Xã Bắc Sơn",
        "path": "Bắc Sơn, Bắc Sơn, Lạng Sơn",
        "path_with_type": "Xã Bắc Sơn, Huyện Bắc Sơn, Tỉnh Lạng Sơn",
        "code": "06343",
        "parent_code": "185"
    },
    "06346": {
        "name": "Hữu Vĩnh",
        "type": "xa",
        "slug": "huu-vinh",
        "name_with_type": "Xã Hữu Vĩnh",
        "path": "Hữu Vĩnh, Bắc Sơn, Lạng Sơn",
        "path_with_type": "Xã Hữu Vĩnh, Huyện Bắc Sơn, Tỉnh Lạng Sơn",
        "code": "06346",
        "parent_code": "185"
    },
    "06349": {
        "name": "Hưng Vũ",
        "type": "xa",
        "slug": "hung-vu",
        "name_with_type": "Xã Hưng Vũ",
        "path": "Hưng Vũ, Bắc Sơn, Lạng Sơn",
        "path_with_type": "Xã Hưng Vũ, Huyện Bắc Sơn, Tỉnh Lạng Sơn",
        "code": "06349",
        "parent_code": "185"
    },
    "06352": {
        "name": "Tân Lập",
        "type": "xa",
        "slug": "tan-lap",
        "name_with_type": "Xã Tân Lập",
        "path": "Tân Lập, Bắc Sơn, Lạng Sơn",
        "path_with_type": "Xã Tân Lập, Huyện Bắc Sơn, Tỉnh Lạng Sơn",
        "code": "06352",
        "parent_code": "185"
    },
    "06355": {
        "name": "Vũ Sơn",
        "type": "xa",
        "slug": "vu-son",
        "name_with_type": "Xã Vũ Sơn",
        "path": "Vũ Sơn, Bắc Sơn, Lạng Sơn",
        "path_with_type": "Xã Vũ Sơn, Huyện Bắc Sơn, Tỉnh Lạng Sơn",
        "code": "06355",
        "parent_code": "185"
    },
    "06358": {
        "name": "Chiêu Vũ",
        "type": "xa",
        "slug": "chieu-vu",
        "name_with_type": "Xã Chiêu Vũ",
        "path": "Chiêu Vũ, Bắc Sơn, Lạng Sơn",
        "path_with_type": "Xã Chiêu Vũ, Huyện Bắc Sơn, Tỉnh Lạng Sơn",
        "code": "06358",
        "parent_code": "185"
    },
    "06361": {
        "name": "Tân Hương",
        "type": "xa",
        "slug": "tan-huong",
        "name_with_type": "Xã Tân Hương",
        "path": "Tân Hương, Bắc Sơn, Lạng Sơn",
        "path_with_type": "Xã Tân Hương, Huyện Bắc Sơn, Tỉnh Lạng Sơn",
        "code": "06361",
        "parent_code": "185"
    },
    "06364": {
        "name": "Chiến Thắng",
        "type": "xa",
        "slug": "chien-thang",
        "name_with_type": "Xã Chiến Thắng",
        "path": "Chiến Thắng, Bắc Sơn, Lạng Sơn",
        "path_with_type": "Xã Chiến Thắng, Huyện Bắc Sơn, Tỉnh Lạng Sơn",
        "code": "06364",
        "parent_code": "185"
    },
    "06367": {
        "name": "Vũ Lăng",
        "type": "xa",
        "slug": "vu-lang",
        "name_with_type": "Xã Vũ Lăng",
        "path": "Vũ Lăng, Bắc Sơn, Lạng Sơn",
        "path_with_type": "Xã Vũ Lăng, Huyện Bắc Sơn, Tỉnh Lạng Sơn",
        "code": "06367",
        "parent_code": "185"
    },
    "06370": {
        "name": "Trấn Yên",
        "type": "xa",
        "slug": "tran-yen",
        "name_with_type": "Xã Trấn Yên",
        "path": "Trấn Yên, Bắc Sơn, Lạng Sơn",
        "path_with_type": "Xã Trấn Yên, Huyện Bắc Sơn, Tỉnh Lạng Sơn",
        "code": "06370",
        "parent_code": "185"
    },
    "06373": {
        "name": "Vũ Lễ",
        "type": "xa",
        "slug": "vu-le",
        "name_with_type": "Xã Vũ Lễ",
        "path": "Vũ Lễ, Bắc Sơn, Lạng Sơn",
        "path_with_type": "Xã Vũ Lễ, Huyện Bắc Sơn, Tỉnh Lạng Sơn",
        "code": "06373",
        "parent_code": "185"
    },
    "06376": {
        "name": "Nhất Hòa",
        "type": "xa",
        "slug": "nhat-hoa",
        "name_with_type": "Xã Nhất Hòa",
        "path": "Nhất Hòa, Bắc Sơn, Lạng Sơn",
        "path_with_type": "Xã Nhất Hòa, Huyện Bắc Sơn, Tỉnh Lạng Sơn",
        "code": "06376",
        "parent_code": "185"
    },
    "06379": {
        "name": "Tân Thành",
        "type": "xa",
        "slug": "tan-thanh",
        "name_with_type": "Xã Tân Thành",
        "path": "Tân Thành, Bắc Sơn, Lạng Sơn",
        "path_with_type": "Xã Tân Thành, Huyện Bắc Sơn, Tỉnh Lạng Sơn",
        "code": "06379",
        "parent_code": "185"
    },
    "06382": {
        "name": "Nhất Tiến",
        "type": "xa",
        "slug": "nhat-tien",
        "name_with_type": "Xã Nhất Tiến",
        "path": "Nhất Tiến, Bắc Sơn, Lạng Sơn",
        "path_with_type": "Xã Nhất Tiến, Huyện Bắc Sơn, Tỉnh Lạng Sơn",
        "code": "06382",
        "parent_code": "185"
    }
}