{
    "06385": {
        "name": "Hữu Lũng",
        "type": "thi-tran",
        "slug": "huu-lung",
        "name_with_type": "Thị trấn Hữu Lũng",
        "path": "Hữu Lũng, Hữu Lũng, Lạng Sơn",
        "path_with_type": "Thị trấn Hữu Lũng, Huyện Hữu Lũng, Tỉnh Lạng Sơn",
        "code": "06385",
        "parent_code": "186"
    },
    "06388": {
        "name": "Hữu Liên",
        "type": "xa",
        "slug": "huu-lien",
        "name_with_type": "Xã Hữu Liên",
        "path": "Hữu Liên, Hữu Lũng, Lạng Sơn",
        "path_with_type": "Xã Hữu Liên, Huyện Hữu Lũng, Tỉnh Lạng Sơn",
        "code": "06388",
        "parent_code": "186"
    },
    "06391": {
        "name": "Yên Bình",
        "type": "xa",
        "slug": "yen-binh",
        "name_with_type": "Xã Yên Bình",
        "path": "Yên Bình, Hữu Lũng, Lạng Sơn",
        "path_with_type": "Xã Yên Bình, Huyện Hữu Lũng, Tỉnh Lạng Sơn",
        "code": "06391",
        "parent_code": "186"
    },
    "06394": {
        "name": "Quyết Thắng",
        "type": "xa",
        "slug": "quyet-thang",
        "name_with_type": "Xã Quyết Thắng",
        "path": "Quyết Thắng, Hữu Lũng, Lạng Sơn",
        "path_with_type": "Xã Quyết Thắng, Huyện Hữu Lũng, Tỉnh Lạng Sơn",
        "code": "06394",
        "parent_code": "186"
    },
    "06397": {
        "name": "Hòa Bình",
        "type": "xa",
        "slug": "hoa-binh",
        "name_with_type": "Xã Hòa Bình",
        "path": "Hòa Bình, Hữu Lũng, Lạng Sơn",
        "path_with_type": "Xã Hòa Bình, Huyện Hữu Lũng, Tỉnh Lạng Sơn",
        "code": "06397",
        "parent_code": "186"
    },
    "06400": {
        "name": "Yên Thịnh",
        "type": "xa",
        "slug": "yen-thinh",
        "name_with_type": "Xã Yên Thịnh",
        "path": "Yên Thịnh, Hữu Lũng, Lạng Sơn",
        "path_with_type": "Xã Yên Thịnh, Huyện Hữu Lũng, Tỉnh Lạng Sơn",
        "code": "06400",
        "parent_code": "186"
    },
    "06403": {
        "name": "Yên Sơn",
        "type": "xa",
        "slug": "yen-son",
        "name_with_type": "Xã Yên Sơn",
        "path": "Yên Sơn, Hữu Lũng, Lạng Sơn",
        "path_with_type": "Xã Yên Sơn, Huyện Hữu Lũng, Tỉnh Lạng Sơn",
        "code": "06403",
        "parent_code": "186"
    },
    "06406": {
        "name": "Thiện Kỵ",
        "type": "xa",
        "slug": "thien-ky",
        "name_with_type": "Xã Thiện Kỵ",
        "path": "Thiện Kỵ, Hữu Lũng, Lạng Sơn",
        "path_with_type": "Xã Thiện Kỵ, Huyện Hữu Lũng, Tỉnh Lạng Sơn",
        "code": "06406",
        "parent_code": "186"
    },
    "06409": {
        "name": "Tân Lập",
        "type": "xa",
        "slug": "tan-lap",
        "name_with_type": "Xã Tân Lập",
        "path": "Tân Lập, Hữu Lũng, Lạng Sơn",
        "path_with_type": "Xã Tân Lập, Huyện Hữu Lũng, Tỉnh Lạng Sơn",
        "code": "06409",
        "parent_code": "186"
    },
    "06412": {
        "name": "Yên Vượng",
        "type": "xa",
        "slug": "yen-vuong",
        "name_with_type": "Xã Yên Vượng",
        "path": "Yên Vượng, Hữu Lũng, Lạng Sơn",
        "path_with_type": "Xã Yên Vượng, Huyện Hữu Lũng, Tỉnh Lạng Sơn",
        "code": "06412",
        "parent_code": "186"
    },
    "06415": {
        "name": "Minh Tiến",
        "type": "xa",
        "slug": "minh-tien",
        "name_with_type": "Xã Minh Tiến",
        "path": "Minh Tiến, Hữu Lũng, Lạng Sơn",
        "path_with_type": "Xã Minh Tiến, Huyện Hữu Lũng, Tỉnh Lạng Sơn",
        "code": "06415",
        "parent_code": "186"
    },
    "06418": {
        "name": "Nhật Tiến",
        "type": "xa",
        "slug": "nhat-tien",
        "name_with_type": "Xã Nhật Tiến",
        "path": "Nhật Tiến, Hữu Lũng, Lạng Sơn",
        "path_with_type": "Xã Nhật Tiến, Huyện Hữu Lũng, Tỉnh Lạng Sơn",
        "code": "06418",
        "parent_code": "186"
    },
    "06421": {
        "name": "Thanh Sơn",
        "type": "xa",
        "slug": "thanh-son",
        "name_with_type": "Xã Thanh Sơn",
        "path": "Thanh Sơn, Hữu Lũng, Lạng Sơn",
        "path_with_type": "Xã Thanh Sơn, Huyện Hữu Lũng, Tỉnh Lạng Sơn",
        "code": "06421",
        "parent_code": "186"
    },
    "06424": {
        "name": "Đồng Tân",
        "type": "xa",
        "slug": "dong-tan",
        "name_with_type": "Xã Đồng Tân",
        "path": "Đồng Tân, Hữu Lũng, Lạng Sơn",
        "path_with_type": "Xã Đồng Tân, Huyện Hữu Lũng, Tỉnh Lạng Sơn",
        "code": "06424",
        "parent_code": "186"
    },
    "06427": {
        "name": "Cai Kinh",
        "type": "xa",
        "slug": "cai-kinh",
        "name_with_type": "Xã Cai Kinh",
        "path": "Cai Kinh, Hữu Lũng, Lạng Sơn",
        "path_with_type": "Xã Cai Kinh, Huyện Hữu Lũng, Tỉnh Lạng Sơn",
        "code": "06427",
        "parent_code": "186"
    },
    "06430": {
        "name": "Hòa Lạc",
        "type": "xa",
        "slug": "hoa-lac",
        "name_with_type": "Xã Hòa Lạc",
        "path": "Hòa Lạc, Hữu Lũng, Lạng Sơn",
        "path_with_type": "Xã Hòa Lạc, Huyện Hữu Lũng, Tỉnh Lạng Sơn",
        "code": "06430",
        "parent_code": "186"
    },
    "06433": {
        "name": "Vân Nham",
        "type": "xa",
        "slug": "van-nham",
        "name_with_type": "Xã Vân Nham",
        "path": "Vân Nham, Hữu Lũng, Lạng Sơn",
        "path_with_type": "Xã Vân Nham, Huyện Hữu Lũng, Tỉnh Lạng Sơn",
        "code": "06433",
        "parent_code": "186"
    },
    "06436": {
        "name": "Đồng Tiến",
        "type": "xa",
        "slug": "dong-tien",
        "name_with_type": "Xã Đồng Tiến",
        "path": "Đồng Tiến, Hữu Lũng, Lạng Sơn",
        "path_with_type": "Xã Đồng Tiến, Huyện Hữu Lũng, Tỉnh Lạng Sơn",
        "code": "06436",
        "parent_code": "186"
    },
    "06439": {
        "name": "Đô Lương",
        "type": "xa",
        "slug": "do-luong",
        "name_with_type": "Xã Đô Lương",
        "path": "Đô Lương, Hữu Lũng, Lạng Sơn",
        "path_with_type": "Xã Đô Lương, Huyện Hữu Lũng, Tỉnh Lạng Sơn",
        "code": "06439",
        "parent_code": "186"
    },
    "06442": {
        "name": "Tân Thành",
        "type": "xa",
        "slug": "tan-thanh",
        "name_with_type": "Xã Tân Thành",
        "path": "Tân Thành, Hữu Lũng, Lạng Sơn",
        "path_with_type": "Xã Tân Thành, Huyện Hữu Lũng, Tỉnh Lạng Sơn",
        "code": "06442",
        "parent_code": "186"
    },
    "06445": {
        "name": "Hòa Sơn",
        "type": "xa",
        "slug": "hoa-son",
        "name_with_type": "Xã Hòa Sơn",
        "path": "Hòa Sơn, Hữu Lũng, Lạng Sơn",
        "path_with_type": "Xã Hòa Sơn, Huyện Hữu Lũng, Tỉnh Lạng Sơn",
        "code": "06445",
        "parent_code": "186"
    },
    "06448": {
        "name": "Minh Sơn",
        "type": "xa",
        "slug": "minh-son",
        "name_with_type": "Xã Minh Sơn",
        "path": "Minh Sơn, Hữu Lũng, Lạng Sơn",
        "path_with_type": "Xã Minh Sơn, Huyện Hữu Lũng, Tỉnh Lạng Sơn",
        "code": "06448",
        "parent_code": "186"
    },
    "06451": {
        "name": "Hồ Sơn",
        "type": "xa",
        "slug": "ho-son",
        "name_with_type": "Xã Hồ Sơn",
        "path": "Hồ Sơn, Hữu Lũng, Lạng Sơn",
        "path_with_type": "Xã Hồ Sơn, Huyện Hữu Lũng, Tỉnh Lạng Sơn",
        "code": "06451",
        "parent_code": "186"
    },
    "06454": {
        "name": "Sơn Hà",
        "type": "xa",
        "slug": "son-ha",
        "name_with_type": "Xã Sơn Hà",
        "path": "Sơn Hà, Hữu Lũng, Lạng Sơn",
        "path_with_type": "Xã Sơn Hà, Huyện Hữu Lũng, Tỉnh Lạng Sơn",
        "code": "06454",
        "parent_code": "186"
    },
    "06457": {
        "name": "Minh Hòa",
        "type": "xa",
        "slug": "minh-hoa",
        "name_with_type": "Xã Minh Hòa",
        "path": "Minh Hòa, Hữu Lũng, Lạng Sơn",
        "path_with_type": "Xã Minh Hòa, Huyện Hữu Lũng, Tỉnh Lạng Sơn",
        "code": "06457",
        "parent_code": "186"
    },
    "06460": {
        "name": "Hòa Thắng",
        "type": "xa",
        "slug": "hoa-thang",
        "name_with_type": "Xã Hòa Thắng",
        "path": "Hòa Thắng, Hữu Lũng, Lạng Sơn",
        "path_with_type": "Xã Hòa Thắng, Huyện Hữu Lũng, Tỉnh Lạng Sơn",
        "code": "06460",
        "parent_code": "186"
    }
}