{
    "06463": {
        "name": "Đồng Mỏ",
        "type": "thi-tran",
        "slug": "dong-mo",
        "name_with_type": "Thị trấn Đồng Mỏ",
        "path": "Đồng Mỏ, Chi Lăng, Lạng Sơn",
        "path_with_type": "Thị trấn Đồng Mỏ, Huyện Chi Lăng, Tỉnh Lạng Sơn",
        "code": "06463",
        "parent_code": "187"
    },
    "06466": {
        "name": "Chi Lăng",
        "type": "thi-tran",
        "slug": "chi-lang",
        "name_with_type": "Thị trấn Chi Lăng",
        "path": "Chi Lăng, Chi Lăng, Lạng Sơn",
        "path_with_type": "Thị trấn Chi Lăng, Huyện Chi Lăng, Tỉnh Lạng Sơn",
        "code": "06466",
        "parent_code": "187"
    },
    "06469": {
        "name": "Vân An",
        "type": "xa",
        "slug": "van-an",
        "name_with_type": "Xã Vân An",
        "path": "Vân An, Chi Lăng, Lạng Sơn",
        "path_with_type": "Xã Vân An, Huyện Chi Lăng, Tỉnh Lạng Sơn",
        "code": "06469",
        "parent_code": "187"
    },
    "06472": {
        "name": "Vân Thủy",
        "type": "xa",
        "slug": "van-thuy",
        "name_with_type": "Xã Vân Thủy",
        "path": "Vân Thủy, Chi Lăng, Lạng Sơn",
        "path_with_type": "Xã Vân Thủy, Huyện Chi Lăng, Tỉnh Lạng Sơn",
        "code": "06472",
        "parent_code": "187"
    },
    "06475": {
        "name": "Gia Lộc",
        "type": "xa",
        "slug": "gia-loc",
        "name_with_type": "Xã Gia Lộc",
        "path": "Gia Lộc, Chi Lăng, Lạng Sơn",
        "path_with_type": "Xã Gia Lộc, Huyện Chi Lăng, Tỉnh Lạng Sơn",
        "code": "06475",
        "parent_code": "187"
    },
    "06478": {
        "name": "Bắc Thủy",
        "type": "xa",
        "slug": "bac-thuy",
        "name_with_type": "Xã Bắc Thủy",
        "path": "Bắc Thủy, Chi Lăng, Lạng Sơn",
        "path_with_type": "Xã Bắc Thủy, Huyện Chi Lăng, Tỉnh Lạng Sơn",
        "code": "06478",
        "parent_code": "187"
    },
    "06481": {
        "name": "Chiến Thắng",
        "type": "xa",
        "slug": "chien-thang",
        "name_with_type": "Xã Chiến Thắng",
        "path": "Chiến Thắng, Chi Lăng, Lạng Sơn",
        "path_with_type": "Xã Chiến Thắng, Huyện Chi Lăng, Tỉnh Lạng Sơn",
        "code": "06481",
        "parent_code": "187"
    },
    "06484": {
        "name": "Mai Sao",
        "type": "xa",
        "slug": "mai-sao",
        "name_with_type": "Xã Mai Sao",
        "path": "Mai Sao, Chi Lăng, Lạng Sơn",
        "path_with_type": "Xã Mai Sao, Huyện Chi Lăng, Tỉnh Lạng Sơn",
        "code": "06484",
        "parent_code": "187"
    },
    "06487": {
        "name": "Bằng Hữu",
        "type": "xa",
        "slug": "bang-huu",
        "name_with_type": "Xã Bằng Hữu",
        "path": "Bằng Hữu, Chi Lăng, Lạng Sơn",
        "path_with_type": "Xã Bằng Hữu, Huyện Chi Lăng, Tỉnh Lạng Sơn",
        "code": "06487",
        "parent_code": "187"
    },
    "06490": {
        "name": "Thượng Cường",
        "type": "xa",
        "slug": "thuong-cuong",
        "name_with_type": "Xã Thượng Cường",
        "path": "Thượng Cường, Chi Lăng, Lạng Sơn",
        "path_with_type": "Xã Thượng Cường, Huyện Chi Lăng, Tỉnh Lạng Sơn",
        "code": "06490",
        "parent_code": "187"
    },
    "06493": {
        "name": "Bằng Mạc",
        "type": "xa",
        "slug": "bang-mac",
        "name_with_type": "Xã Bằng Mạc",
        "path": "Bằng Mạc, Chi Lăng, Lạng Sơn",
        "path_with_type": "Xã Bằng Mạc, Huyện Chi Lăng, Tỉnh Lạng Sơn",
        "code": "06493",
        "parent_code": "187"
    },
    "06496": {
        "name": "Nhân Lý",
        "type": "xa",
        "slug": "nhan-ly",
        "name_with_type": "Xã Nhân Lý",
        "path": "Nhân Lý, Chi Lăng, Lạng Sơn",
        "path_with_type": "Xã Nhân Lý, Huyện Chi Lăng, Tỉnh Lạng Sơn",
        "code": "06496",
        "parent_code": "187"
    },
    "06499": {
        "name": "Lâm Sơn",
        "type": "xa",
        "slug": "lam-son",
        "name_with_type": "Xã Lâm Sơn",
        "path": "Lâm Sơn, Chi Lăng, Lạng Sơn",
        "path_with_type": "Xã Lâm Sơn, Huyện Chi Lăng, Tỉnh Lạng Sơn",
        "code": "06499",
        "parent_code": "187"
    },
    "06502": {
        "name": "Liên Sơn",
        "type": "xa",
        "slug": "lien-son",
        "name_with_type": "Xã Liên Sơn",
        "path": "Liên Sơn, Chi Lăng, Lạng Sơn",
        "path_with_type": "Xã Liên Sơn, Huyện Chi Lăng, Tỉnh Lạng Sơn",
        "code": "06502",
        "parent_code": "187"
    },
    "06505": {
        "name": "Vạn Linh",
        "type": "xa",
        "slug": "van-linh",
        "name_with_type": "Xã Vạn Linh",
        "path": "Vạn Linh, Chi Lăng, Lạng Sơn",
        "path_with_type": "Xã Vạn Linh, Huyện Chi Lăng, Tỉnh Lạng Sơn",
        "code": "06505",
        "parent_code": "187"
    },
    "06508": {
        "name": "Hòa Bình",
        "type": "xa",
        "slug": "hoa-binh",
        "name_with_type": "Xã Hòa Bình",
        "path": "Hòa Bình, Chi Lăng, Lạng Sơn",
        "path_with_type": "Xã Hòa Bình, Huyện Chi Lăng, Tỉnh Lạng Sơn",
        "code": "06508",
        "parent_code": "187"
    },
    "06511": {
        "name": "Quang Lang",
        "type": "xa",
        "slug": "quang-lang",
        "name_with_type": "Xã Quang Lang",
        "path": "Quang Lang, Chi Lăng, Lạng Sơn",
        "path_with_type": "Xã Quang Lang, Huyện Chi Lăng, Tỉnh Lạng Sơn",
        "code": "06511",
        "parent_code": "187"
    },
    "06514": {
        "name": "Hữu Kiên",
        "type": "xa",
        "slug": "huu-kien",
        "name_with_type": "Xã Hữu Kiên",
        "path": "Hữu Kiên, Chi Lăng, Lạng Sơn",
        "path_with_type": "Xã Hữu Kiên, Huyện Chi Lăng, Tỉnh Lạng Sơn",
        "code": "06514",
        "parent_code": "187"
    },
    "06517": {
        "name": "Quan Sơn",
        "type": "xa",
        "slug": "quan-son",
        "name_with_type": "Xã Quan Sơn",
        "path": "Quan Sơn, Chi Lăng, Lạng Sơn",
        "path_with_type": "Xã Quan Sơn, Huyện Chi Lăng, Tỉnh Lạng Sơn",
        "code": "06517",
        "parent_code": "187"
    },
    "06520": {
        "name": "Y Tịch",
        "type": "xa",
        "slug": "y-tich",
        "name_with_type": "Xã Y Tịch",
        "path": "Y Tịch, Chi Lăng, Lạng Sơn",
        "path_with_type": "Xã Y Tịch, Huyện Chi Lăng, Tỉnh Lạng Sơn",
        "code": "06520",
        "parent_code": "187"
    },
    "06523": {
        "name": "Chi Lăng",
        "type": "xa",
        "slug": "chi-lang",
        "name_with_type": "Xã Chi Lăng",
        "path": "Chi Lăng, Chi Lăng, Lạng Sơn",
        "path_with_type": "Xã Chi Lăng, Huyện Chi Lăng, Tỉnh Lạng Sơn",
        "code": "06523",
        "parent_code": "187"
    }
}