{
    "06895": {
        "name": "Đầm Hà",
        "type": "thi-tran",
        "slug": "dam-ha",
        "name_with_type": "Thị trấn Đầm Hà",
        "path": "Đầm Hà, Đầm Hà, Quảng Ninh",
        "path_with_type": "Thị trấn Đầm Hà, Huyện Đầm Hà, Tỉnh Quảng Ninh",
        "code": "06895",
        "parent_code": "200"
    },
    "06898": {
        "name": "Quảng Lâm",
        "type": "xa",
        "slug": "quang-lam",
        "name_with_type": "Xã Quảng Lâm",
        "path": "Quảng Lâm, Đầm Hà, Quảng Ninh",
        "path_with_type": "Xã Quảng Lâm, Huyện Đầm Hà, Tỉnh Quảng Ninh",
        "code": "06898",
        "parent_code": "200"
    },
    "06901": {
        "name": "Quảng An",
        "type": "xa",
        "slug": "quang-an",
        "name_with_type": "Xã Quảng An",
        "path": "Quảng An, Đầm Hà, Quảng Ninh",
        "path_with_type": "Xã Quảng An, Huyện Đầm Hà, Tỉnh Quảng Ninh",
        "code": "06901",
        "parent_code": "200"
    },
    "06904": {
        "name": "Tân Bình",
        "type": "xa",
        "slug": "tan-binh",
        "name_with_type": "Xã Tân Bình",
        "path": "Tân Bình, Đầm Hà, Quảng Ninh",
        "path_with_type": "Xã Tân Bình, Huyện Đầm Hà, Tỉnh Quảng Ninh",
        "code": "06904",
        "parent_code": "200"
    },
    "06907": {
        "name": "Quảng Lợi",
        "type": "xa",
        "slug": "quang-loi",
        "name_with_type": "Xã Quảng Lợi",
        "path": "Quảng Lợi, Đầm Hà, Quảng Ninh",
        "path_with_type": "Xã Quảng Lợi, Huyện Đầm Hà, Tỉnh Quảng Ninh",
        "code": "06907",
        "parent_code": "200"
    },
    "06910": {
        "name": "Dực Yên",
        "type": "xa",
        "slug": "duc-yen",
        "name_with_type": "Xã Dực Yên",
        "path": "Dực Yên, Đầm Hà, Quảng Ninh",
        "path_with_type": "Xã Dực Yên, Huyện Đầm Hà, Tỉnh Quảng Ninh",
        "code": "06910",
        "parent_code": "200"
    },
    "06913": {
        "name": "Quảng Tân",
        "type": "xa",
        "slug": "quang-tan",
        "name_with_type": "Xã Quảng Tân",
        "path": "Quảng Tân, Đầm Hà, Quảng Ninh",
        "path_with_type": "Xã Quảng Tân, Huyện Đầm Hà, Tỉnh Quảng Ninh",
        "code": "06913",
        "parent_code": "200"
    },
    "06916": {
        "name": "Đầm Hà",
        "type": "xa",
        "slug": "dam-ha",
        "name_with_type": "Xã Đầm Hà",
        "path": "Đầm Hà, Đầm Hà, Quảng Ninh",
        "path_with_type": "Xã Đầm Hà, Huyện Đầm Hà, Tỉnh Quảng Ninh",
        "code": "06916",
        "parent_code": "200"
    },
    "06917": {
        "name": "Tân Lập",
        "type": "xa",
        "slug": "tan-lap",
        "name_with_type": "Xã Tân Lập",
        "path": "Tân Lập, Đầm Hà, Quảng Ninh",
        "path_with_type": "Xã Tân Lập, Huyện Đầm Hà, Tỉnh Quảng Ninh",
        "code": "06917",
        "parent_code": "200"
    },
    "06919": {
        "name": "Đại Bình",
        "type": "xa",
        "slug": "dai-binh",
        "name_with_type": "Xã Đại Bình",
        "path": "Đại Bình, Đầm Hà, Quảng Ninh",
        "path_with_type": "Xã Đại Bình, Huyện Đầm Hà, Tỉnh Quảng Ninh",
        "code": "06919",
        "parent_code": "200"
    }
}