{
    "07030": {
        "name": "Trới",
        "type": "thi-tran",
        "slug": "troi",
        "name_with_type": "Thị trấn Trới",
        "path": "Trới, Hoành Bồ, Quảng Ninh",
        "path_with_type": "Thị trấn Trới, Huyện Hoành Bồ, Tỉnh Quảng Ninh",
        "code": "07030",
        "parent_code": "204"
    },
    "07033": {
        "name": "Kỳ Thượng",
        "type": "xa",
        "slug": "ky-thuong",
        "name_with_type": "Xã Kỳ Thượng",
        "path": "Kỳ Thượng, Hoành Bồ, Quảng Ninh",
        "path_with_type": "Xã Kỳ Thượng, Huyện Hoành Bồ, Tỉnh Quảng Ninh",
        "code": "07033",
        "parent_code": "204"
    },
    "07036": {
        "name": "Đồng Sơn",
        "type": "xa",
        "slug": "dong-son",
        "name_with_type": "Xã Đồng Sơn",
        "path": "Đồng Sơn, Hoành Bồ, Quảng Ninh",
        "path_with_type": "Xã Đồng Sơn, Huyện Hoành Bồ, Tỉnh Quảng Ninh",
        "code": "07036",
        "parent_code": "204"
    },
    "07039": {
        "name": "Tân Dân",
        "type": "xa",
        "slug": "tan-dan",
        "name_with_type": "Xã Tân Dân",
        "path": "Tân Dân, Hoành Bồ, Quảng Ninh",
        "path_with_type": "Xã Tân Dân, Huyện Hoành Bồ, Tỉnh Quảng Ninh",
        "code": "07039",
        "parent_code": "204"
    },
    "07042": {
        "name": "Đồng Lâm",
        "type": "xa",
        "slug": "dong-lam",
        "name_with_type": "Xã Đồng Lâm",
        "path": "Đồng Lâm, Hoành Bồ, Quảng Ninh",
        "path_with_type": "Xã Đồng Lâm, Huyện Hoành Bồ, Tỉnh Quảng Ninh",
        "code": "07042",
        "parent_code": "204"
    },
    "07045": {
        "name": "Hòa Bình",
        "type": "xa",
        "slug": "hoa-binh",
        "name_with_type": "Xã Hòa Bình",
        "path": "Hòa Bình, Hoành Bồ, Quảng Ninh",
        "path_with_type": "Xã Hòa Bình, Huyện Hoành Bồ, Tỉnh Quảng Ninh",
        "code": "07045",
        "parent_code": "204"
    },
    "07048": {
        "name": "Vũ Oai",
        "type": "xa",
        "slug": "vu-oai",
        "name_with_type": "Xã Vũ Oai",
        "path": "Vũ Oai, Hoành Bồ, Quảng Ninh",
        "path_with_type": "Xã Vũ Oai, Huyện Hoành Bồ, Tỉnh Quảng Ninh",
        "code": "07048",
        "parent_code": "204"
    },
    "07051": {
        "name": "Dân Chủ",
        "type": "xa",
        "slug": "dan-chu",
        "name_with_type": "Xã Dân Chủ",
        "path": "Dân Chủ, Hoành Bồ, Quảng Ninh",
        "path_with_type": "Xã Dân Chủ, Huyện Hoành Bồ, Tỉnh Quảng Ninh",
        "code": "07051",
        "parent_code": "204"
    },
    "07054": {
        "name": "Quảng La",
        "type": "xa",
        "slug": "quang-la",
        "name_with_type": "Xã Quảng La",
        "path": "Quảng La, Hoành Bồ, Quảng Ninh",
        "path_with_type": "Xã Quảng La, Huyện Hoành Bồ, Tỉnh Quảng Ninh",
        "code": "07054",
        "parent_code": "204"
    },
    "07057": {
        "name": "Bằng Cả",
        "type": "xa",
        "slug": "bang-ca",
        "name_with_type": "Xã Bằng Cả",
        "path": "Bằng Cả, Hoành Bồ, Quảng Ninh",
        "path_with_type": "Xã Bằng Cả, Huyện Hoành Bồ, Tỉnh Quảng Ninh",
        "code": "07057",
        "parent_code": "204"
    },
    "07060": {
        "name": "Thống Nhất",
        "type": "xa",
        "slug": "thong-nhat",
        "name_with_type": "Xã Thống Nhất",
        "path": "Thống Nhất, Hoành Bồ, Quảng Ninh",
        "path_with_type": "Xã Thống Nhất, Huyện Hoành Bồ, Tỉnh Quảng Ninh",
        "code": "07060",
        "parent_code": "204"
    },
    "07063": {
        "name": "Sơn Dương",
        "type": "xa",
        "slug": "son-duong",
        "name_with_type": "Xã Sơn Dương",
        "path": "Sơn Dương, Hoành Bồ, Quảng Ninh",
        "path_with_type": "Xã Sơn Dương, Huyện Hoành Bồ, Tỉnh Quảng Ninh",
        "code": "07063",
        "parent_code": "204"
    },
    "07066": {
        "name": "Lê Lợi",
        "type": "xa",
        "slug": "le-loi",
        "name_with_type": "Xã Lê Lợi",
        "path": "Lê Lợi, Hoành Bồ, Quảng Ninh",
        "path_with_type": "Xã Lê Lợi, Huyện Hoành Bồ, Tỉnh Quảng Ninh",
        "code": "07066",
        "parent_code": "204"
    }
}