{
    "07132": {
        "name": "Quảng Yên",
        "type": "phuong",
        "slug": "quang-yen",
        "name_with_type": "Phường Quảng Yên",
        "path": "Quảng Yên, Quảng Yên, Quảng Ninh",
        "path_with_type": "Phường Quảng Yên, Thị xã Quảng Yên, Tỉnh Quảng Ninh",
        "code": "07132",
        "parent_code": "206"
    },
    "07135": {
        "name": "Đông Mai",
        "type": "phuong",
        "slug": "dong-mai",
        "name_with_type": "Phường Đông Mai",
        "path": "Đông Mai, Quảng Yên, Quảng Ninh",
        "path_with_type": "Phường Đông Mai, Thị xã Quảng Yên, Tỉnh Quảng Ninh",
        "code": "07135",
        "parent_code": "206"
    },
    "07138": {
        "name": "Minh Thành",
        "type": "phuong",
        "slug": "minh-thanh",
        "name_with_type": "Phường Minh Thành",
        "path": "Minh Thành, Quảng Yên, Quảng Ninh",
        "path_with_type": "Phường Minh Thành, Thị xã Quảng Yên, Tỉnh Quảng Ninh",
        "code": "07138",
        "parent_code": "206"
    },
    "07144": {
        "name": "Sông Khoai",
        "type": "xa",
        "slug": "song-khoai",
        "name_with_type": "Xã Sông Khoai",
        "path": "Sông Khoai, Quảng Yên, Quảng Ninh",
        "path_with_type": "Xã Sông Khoai, Thị xã Quảng Yên, Tỉnh Quảng Ninh",
        "code": "07144",
        "parent_code": "206"
    },
    "07147": {
        "name": "Hiệp Hòa",
        "type": "xa",
        "slug": "hiep-hoa",
        "name_with_type": "Xã Hiệp Hòa",
        "path": "Hiệp Hòa, Quảng Yên, Quảng Ninh",
        "path_with_type": "Xã Hiệp Hòa, Thị xã Quảng Yên, Tỉnh Quảng Ninh",
        "code": "07147",
        "parent_code": "206"
    },
    "07150": {
        "name": "Cộng Hòa",
        "type": "phuong",
        "slug": "cong-hoa",
        "name_with_type": "Phường Cộng Hòa",
        "path": "Cộng Hòa, Quảng Yên, Quảng Ninh",
        "path_with_type": "Phường Cộng Hòa, Thị xã Quảng Yên, Tỉnh Quảng Ninh",
        "code": "07150",
        "parent_code": "206"
    },
    "07153": {
        "name": "Tiền An",
        "type": "xa",
        "slug": "tien-an",
        "name_with_type": "Xã Tiền An",
        "path": "Tiền An, Quảng Yên, Quảng Ninh",
        "path_with_type": "Xã Tiền An, Thị xã Quảng Yên, Tỉnh Quảng Ninh",
        "code": "07153",
        "parent_code": "206"
    },
    "07156": {
        "name": "Hoàng Tân",
        "type": "xa",
        "slug": "hoang-tan",
        "name_with_type": "Xã Hoàng Tân",
        "path": "Hoàng Tân, Quảng Yên, Quảng Ninh",
        "path_with_type": "Xã Hoàng Tân, Thị xã Quảng Yên, Tỉnh Quảng Ninh",
        "code": "07156",
        "parent_code": "206"
    },
    "07159": {
        "name": "Tân An",
        "type": "phuong",
        "slug": "tan-an",
        "name_with_type": "Phường Tân An",
        "path": "Tân An, Quảng Yên, Quảng Ninh",
        "path_with_type": "Phường Tân An, Thị xã Quảng Yên, Tỉnh Quảng Ninh",
        "code": "07159",
        "parent_code": "206"
    },
    "07162": {
        "name": "Yên Giang",
        "type": "phuong",
        "slug": "yen-giang",
        "name_with_type": "Phường Yên Giang",
        "path": "Yên Giang, Quảng Yên, Quảng Ninh",
        "path_with_type": "Phường Yên Giang, Thị xã Quảng Yên, Tỉnh Quảng Ninh",
        "code": "07162",
        "parent_code": "206"
    },
    "07165": {
        "name": "Nam Hoà",
        "type": "phuong",
        "slug": "nam-hoa",
        "name_with_type": "Phường Nam Hoà",
        "path": "Nam Hoà, Quảng Yên, Quảng Ninh",
        "path_with_type": "Phường Nam Hoà, Thị xã Quảng Yên, Tỉnh Quảng Ninh",
        "code": "07165",
        "parent_code": "206"
    },
    "07168": {
        "name": "Hà An",
        "type": "phuong",
        "slug": "ha-an",
        "name_with_type": "Phường Hà An",
        "path": "Hà An, Quảng Yên, Quảng Ninh",
        "path_with_type": "Phường Hà An, Thị xã Quảng Yên, Tỉnh Quảng Ninh",
        "code": "07168",
        "parent_code": "206"
    },
    "07171": {
        "name": "Cẩm La",
        "type": "xa",
        "slug": "cam-la",
        "name_with_type": "Xã Cẩm La",
        "path": "Cẩm La, Quảng Yên, Quảng Ninh",
        "path_with_type": "Xã Cẩm La, Thị xã Quảng Yên, Tỉnh Quảng Ninh",
        "code": "07171",
        "parent_code": "206"
    },
    "07174": {
        "name": "Phong Hải",
        "type": "phuong",
        "slug": "phong-hai",
        "name_with_type": "Phường Phong Hải",
        "path": "Phong Hải, Quảng Yên, Quảng Ninh",
        "path_with_type": "Phường Phong Hải, Thị xã Quảng Yên, Tỉnh Quảng Ninh",
        "code": "07174",
        "parent_code": "206"
    },
    "07177": {
        "name": "Yên Hải",
        "type": "phuong",
        "slug": "yen-hai",
        "name_with_type": "Phường Yên Hải",
        "path": "Yên Hải, Quảng Yên, Quảng Ninh",
        "path_with_type": "Phường Yên Hải, Thị xã Quảng Yên, Tỉnh Quảng Ninh",
        "code": "07177",
        "parent_code": "206"
    },
    "07180": {
        "name": "Liên Hòa",
        "type": "xa",
        "slug": "lien-hoa",
        "name_with_type": "Xã Liên Hòa",
        "path": "Liên Hòa, Quảng Yên, Quảng Ninh",
        "path_with_type": "Xã Liên Hòa, Thị xã Quảng Yên, Tỉnh Quảng Ninh",
        "code": "07180",
        "parent_code": "206"
    },
    "07183": {
        "name": "Phong Cốc",
        "type": "phuong",
        "slug": "phong-coc",
        "name_with_type": "Phường Phong Cốc",
        "path": "Phong Cốc, Quảng Yên, Quảng Ninh",
        "path_with_type": "Phường Phong Cốc, Thị xã Quảng Yên, Tỉnh Quảng Ninh",
        "code": "07183",
        "parent_code": "206"
    },
    "07186": {
        "name": "Liên Vị",
        "type": "xa",
        "slug": "lien-vi",
        "name_with_type": "Xã Liên Vị",
        "path": "Liên Vị, Quảng Yên, Quảng Ninh",
        "path_with_type": "Xã Liên Vị, Thị xã Quảng Yên, Tỉnh Quảng Ninh",
        "code": "07186",
        "parent_code": "206"
    },
    "07189": {
        "name": "Tiền Phong",
        "type": "xa",
        "slug": "tien-phong",
        "name_with_type": "Xã Tiền Phong",
        "path": "Tiền Phong, Quảng Yên, Quảng Ninh",
        "path_with_type": "Xã Tiền Phong, Thị xã Quảng Yên, Tỉnh Quảng Ninh",
        "code": "07189",
        "parent_code": "206"
    }
}