{
    "07297": {
        "name": "Cao Thượng",
        "type": "thi-tran",
        "slug": "cao-thuong",
        "name_with_type": "Thị trấn Cao Thượng",
        "path": "Cao Thượng, Tân Yên, Bắc Giang",
        "path_with_type": "Thị trấn Cao Thượng, Huyện Tân Yên, Tỉnh Bắc Giang",
        "code": "07297",
        "parent_code": "216"
    },
    "07300": {
        "name": "Nhã Nam",
        "type": "thi-tran",
        "slug": "nha-nam",
        "name_with_type": "Thị trấn Nhã Nam",
        "path": "Nhã Nam, Tân Yên, Bắc Giang",
        "path_with_type": "Thị trấn Nhã Nam, Huyện Tân Yên, Tỉnh Bắc Giang",
        "code": "07300",
        "parent_code": "216"
    },
    "07303": {
        "name": "Lan Giới",
        "type": "xa",
        "slug": "lan-gioi",
        "name_with_type": "Xã Lan Giới",
        "path": "Lan Giới, Tân Yên, Bắc Giang",
        "path_with_type": "Xã Lan Giới, Huyện Tân Yên, Tỉnh Bắc Giang",
        "code": "07303",
        "parent_code": "216"
    },
    "07306": {
        "name": "Nhã Nam",
        "type": "xa",
        "slug": "nha-nam",
        "name_with_type": "Xã Nhã Nam",
        "path": "Nhã Nam, Tân Yên, Bắc Giang",
        "path_with_type": "Xã Nhã Nam, Huyện Tân Yên, Tỉnh Bắc Giang",
        "code": "07306",
        "parent_code": "216"
    },
    "07309": {
        "name": "Tân Trung",
        "type": "xa",
        "slug": "tan-trung",
        "name_with_type": "Xã Tân Trung",
        "path": "Tân Trung, Tân Yên, Bắc Giang",
        "path_with_type": "Xã Tân Trung, Huyện Tân Yên, Tỉnh Bắc Giang",
        "code": "07309",
        "parent_code": "216"
    },
    "07312": {
        "name": "Đại Hóa",
        "type": "xa",
        "slug": "dai-hoa",
        "name_with_type": "Xã Đại Hóa",
        "path": "Đại Hóa, Tân Yên, Bắc Giang",
        "path_with_type": "Xã Đại Hóa, Huyện Tân Yên, Tỉnh Bắc Giang",
        "code": "07312",
        "parent_code": "216"
    },
    "07315": {
        "name": "Quang Tiến",
        "type": "xa",
        "slug": "quang-tien",
        "name_with_type": "Xã Quang Tiến",
        "path": "Quang Tiến, Tân Yên, Bắc Giang",
        "path_with_type": "Xã Quang Tiến, Huyện Tân Yên, Tỉnh Bắc Giang",
        "code": "07315",
        "parent_code": "216"
    },
    "07318": {
        "name": "Phúc Sơn",
        "type": "xa",
        "slug": "phuc-son",
        "name_with_type": "Xã Phúc Sơn",
        "path": "Phúc Sơn, Tân Yên, Bắc Giang",
        "path_with_type": "Xã Phúc Sơn, Huyện Tân Yên, Tỉnh Bắc Giang",
        "code": "07318",
        "parent_code": "216"
    },
    "07321": {
        "name": "An Dương",
        "type": "xa",
        "slug": "an-duong",
        "name_with_type": "Xã An Dương",
        "path": "An Dương, Tân Yên, Bắc Giang",
        "path_with_type": "Xã An Dương, Huyện Tân Yên, Tỉnh Bắc Giang",
        "code": "07321",
        "parent_code": "216"
    },
    "07324": {
        "name": "Phúc Hòa",
        "type": "xa",
        "slug": "phuc-hoa",
        "name_with_type": "Xã Phúc Hòa",
        "path": "Phúc Hòa, Tân Yên, Bắc Giang",
        "path_with_type": "Xã Phúc Hòa, Huyện Tân Yên, Tỉnh Bắc Giang",
        "code": "07324",
        "parent_code": "216"
    },
    "07327": {
        "name": "Liên Sơn",
        "type": "xa",
        "slug": "lien-son",
        "name_with_type": "Xã Liên Sơn",
        "path": "Liên Sơn, Tân Yên, Bắc Giang",
        "path_with_type": "Xã Liên Sơn, Huyện Tân Yên, Tỉnh Bắc Giang",
        "code": "07327",
        "parent_code": "216"
    },
    "07330": {
        "name": "Hợp Đức",
        "type": "xa",
        "slug": "hop-duc",
        "name_with_type": "Xã Hợp Đức",
        "path": "Hợp Đức, Tân Yên, Bắc Giang",
        "path_with_type": "Xã Hợp Đức, Huyện Tân Yên, Tỉnh Bắc Giang",
        "code": "07330",
        "parent_code": "216"
    },
    "07333": {
        "name": "Lam Cốt",
        "type": "xa",
        "slug": "lam-cot",
        "name_with_type": "Xã Lam Cốt",
        "path": "Lam Cốt, Tân Yên, Bắc Giang",
        "path_with_type": "Xã Lam Cốt, Huyện Tân Yên, Tỉnh Bắc Giang",
        "code": "07333",
        "parent_code": "216"
    },
    "07336": {
        "name": "Cao Xá",
        "type": "xa",
        "slug": "cao-xa",
        "name_with_type": "Xã Cao Xá",
        "path": "Cao Xá, Tân Yên, Bắc Giang",
        "path_with_type": "Xã Cao Xá, Huyện Tân Yên, Tỉnh Bắc Giang",
        "code": "07336",
        "parent_code": "216"
    },
    "07339": {
        "name": "Cao Thượng",
        "type": "xa",
        "slug": "cao-thuong",
        "name_with_type": "Xã Cao Thượng",
        "path": "Cao Thượng, Tân Yên, Bắc Giang",
        "path_with_type": "Xã Cao Thượng, Huyện Tân Yên, Tỉnh Bắc Giang",
        "code": "07339",
        "parent_code": "216"
    },
    "07342": {
        "name": "Việt Ngọc",
        "type": "xa",
        "slug": "viet-ngoc",
        "name_with_type": "Xã Việt Ngọc",
        "path": "Việt Ngọc, Tân Yên, Bắc Giang",
        "path_with_type": "Xã Việt Ngọc, Huyện Tân Yên, Tỉnh Bắc Giang",
        "code": "07342",
        "parent_code": "216"
    },
    "07345": {
        "name": "Song Vân",
        "type": "xa",
        "slug": "song-van",
        "name_with_type": "Xã Song Vân",
        "path": "Song Vân, Tân Yên, Bắc Giang",
        "path_with_type": "Xã Song Vân, Huyện Tân Yên, Tỉnh Bắc Giang",
        "code": "07345",
        "parent_code": "216"
    },
    "07348": {
        "name": "Ngọc Châu",
        "type": "xa",
        "slug": "ngoc-chau",
        "name_with_type": "Xã Ngọc Châu",
        "path": "Ngọc Châu, Tân Yên, Bắc Giang",
        "path_with_type": "Xã Ngọc Châu, Huyện Tân Yên, Tỉnh Bắc Giang",
        "code": "07348",
        "parent_code": "216"
    },
    "07351": {
        "name": "Ngọc Vân",
        "type": "xa",
        "slug": "ngoc-van",
        "name_with_type": "Xã Ngọc Vân",
        "path": "Ngọc Vân, Tân Yên, Bắc Giang",
        "path_with_type": "Xã Ngọc Vân, Huyện Tân Yên, Tỉnh Bắc Giang",
        "code": "07351",
        "parent_code": "216"
    },
    "07354": {
        "name": "Việt Lập",
        "type": "xa",
        "slug": "viet-lap",
        "name_with_type": "Xã Việt Lập",
        "path": "Việt Lập, Tân Yên, Bắc Giang",
        "path_with_type": "Xã Việt Lập, Huyện Tân Yên, Tỉnh Bắc Giang",
        "code": "07354",
        "parent_code": "216"
    },
    "07357": {
        "name": "Liên Chung",
        "type": "xa",
        "slug": "lien-chung",
        "name_with_type": "Xã Liên Chung",
        "path": "Liên Chung, Tân Yên, Bắc Giang",
        "path_with_type": "Xã Liên Chung, Huyện Tân Yên, Tỉnh Bắc Giang",
        "code": "07357",
        "parent_code": "216"
    },
    "07360": {
        "name": "Ngọc Thiện",
        "type": "xa",
        "slug": "ngoc-thien",
        "name_with_type": "Xã Ngọc Thiện",
        "path": "Ngọc Thiện, Tân Yên, Bắc Giang",
        "path_with_type": "Xã Ngọc Thiện, Huyện Tân Yên, Tỉnh Bắc Giang",
        "code": "07360",
        "parent_code": "216"
    },
    "07363": {
        "name": "Ngọc Lý",
        "type": "xa",
        "slug": "ngoc-ly",
        "name_with_type": "Xã Ngọc Lý",
        "path": "Ngọc Lý, Tân Yên, Bắc Giang",
        "path_with_type": "Xã Ngọc Lý, Huyện Tân Yên, Tỉnh Bắc Giang",
        "code": "07363",
        "parent_code": "216"
    },
    "07366": {
        "name": "Quế Nham",
        "type": "xa",
        "slug": "que-nham",
        "name_with_type": "Xã Quế Nham",
        "path": "Quế Nham, Tân Yên, Bắc Giang",
        "path_with_type": "Xã Quế Nham, Huyện Tân Yên, Tỉnh Bắc Giang",
        "code": "07366",
        "parent_code": "216"
    }
}