{
    "07810": {
        "name": "Thắng",
        "type": "thi-tran",
        "slug": "thang",
        "name_with_type": "Thị trấn Thắng",
        "path": "Thắng, Hiệp Hòa, Bắc Giang",
        "path_with_type": "Thị trấn Thắng, Huyện Hiệp Hòa, Tỉnh Bắc Giang",
        "code": "07810",
        "parent_code": "223"
    },
    "07813": {
        "name": "Đồng Tân",
        "type": "xa",
        "slug": "dong-tan",
        "name_with_type": "Xã Đồng Tân",
        "path": "Đồng Tân, Hiệp Hòa, Bắc Giang",
        "path_with_type": "Xã Đồng Tân, Huyện Hiệp Hòa, Tỉnh Bắc Giang",
        "code": "07813",
        "parent_code": "223"
    },
    "07816": {
        "name": "Thanh Vân",
        "type": "xa",
        "slug": "thanh-van",
        "name_with_type": "Xã Thanh Vân",
        "path": "Thanh Vân, Hiệp Hòa, Bắc Giang",
        "path_with_type": "Xã Thanh Vân, Huyện Hiệp Hòa, Tỉnh Bắc Giang",
        "code": "07816",
        "parent_code": "223"
    },
    "07819": {
        "name": "Hoàng Lương",
        "type": "xa",
        "slug": "hoang-luong",
        "name_with_type": "Xã Hoàng Lương",
        "path": "Hoàng Lương, Hiệp Hòa, Bắc Giang",
        "path_with_type": "Xã Hoàng Lương, Huyện Hiệp Hòa, Tỉnh Bắc Giang",
        "code": "07819",
        "parent_code": "223"
    },
    "07822": {
        "name": "Hoàng Vân",
        "type": "xa",
        "slug": "hoang-van",
        "name_with_type": "Xã Hoàng Vân",
        "path": "Hoàng Vân, Hiệp Hòa, Bắc Giang",
        "path_with_type": "Xã Hoàng Vân, Huyện Hiệp Hòa, Tỉnh Bắc Giang",
        "code": "07822",
        "parent_code": "223"
    },
    "07825": {
        "name": "Hoàng Thanh",
        "type": "xa",
        "slug": "hoang-thanh",
        "name_with_type": "Xã Hoàng Thanh",
        "path": "Hoàng Thanh, Hiệp Hòa, Bắc Giang",
        "path_with_type": "Xã Hoàng Thanh, Huyện Hiệp Hòa, Tỉnh Bắc Giang",
        "code": "07825",
        "parent_code": "223"
    },
    "07828": {
        "name": "Hoàng An",
        "type": "xa",
        "slug": "hoang-an",
        "name_with_type": "Xã Hoàng An",
        "path": "Hoàng An, Hiệp Hòa, Bắc Giang",
        "path_with_type": "Xã Hoàng An, Huyện Hiệp Hòa, Tỉnh Bắc Giang",
        "code": "07828",
        "parent_code": "223"
    },
    "07831": {
        "name": "Ngọc Sơn",
        "type": "xa",
        "slug": "ngoc-son",
        "name_with_type": "Xã Ngọc Sơn",
        "path": "Ngọc Sơn, Hiệp Hòa, Bắc Giang",
        "path_with_type": "Xã Ngọc Sơn, Huyện Hiệp Hòa, Tỉnh Bắc Giang",
        "code": "07831",
        "parent_code": "223"
    },
    "07834": {
        "name": "Thái Sơn",
        "type": "xa",
        "slug": "thai-son",
        "name_with_type": "Xã Thái Sơn",
        "path": "Thái Sơn, Hiệp Hòa, Bắc Giang",
        "path_with_type": "Xã Thái Sơn, Huyện Hiệp Hòa, Tỉnh Bắc Giang",
        "code": "07834",
        "parent_code": "223"
    },
    "07837": {
        "name": "Hòa Sơn",
        "type": "xa",
        "slug": "hoa-son",
        "name_with_type": "Xã Hòa Sơn",
        "path": "Hòa Sơn, Hiệp Hòa, Bắc Giang",
        "path_with_type": "Xã Hòa Sơn, Huyện Hiệp Hòa, Tỉnh Bắc Giang",
        "code": "07837",
        "parent_code": "223"
    },
    "07840": {
        "name": "Đức Thắng",
        "type": "xa",
        "slug": "duc-thang",
        "name_with_type": "Xã Đức Thắng",
        "path": "Đức Thắng, Hiệp Hòa, Bắc Giang",
        "path_with_type": "Xã Đức Thắng, Huyện Hiệp Hòa, Tỉnh Bắc Giang",
        "code": "07840",
        "parent_code": "223"
    },
    "07843": {
        "name": "Quang Minh",
        "type": "xa",
        "slug": "quang-minh",
        "name_with_type": "Xã Quang Minh",
        "path": "Quang Minh, Hiệp Hòa, Bắc Giang",
        "path_with_type": "Xã Quang Minh, Huyện Hiệp Hòa, Tỉnh Bắc Giang",
        "code": "07843",
        "parent_code": "223"
    },
    "07846": {
        "name": "Lương Phong",
        "type": "xa",
        "slug": "luong-phong",
        "name_with_type": "Xã Lương Phong",
        "path": "Lương Phong, Hiệp Hòa, Bắc Giang",
        "path_with_type": "Xã Lương Phong, Huyện Hiệp Hòa, Tỉnh Bắc Giang",
        "code": "07846",
        "parent_code": "223"
    },
    "07849": {
        "name": "Hùng Sơn",
        "type": "xa",
        "slug": "hung-son",
        "name_with_type": "Xã Hùng Sơn",
        "path": "Hùng Sơn, Hiệp Hòa, Bắc Giang",
        "path_with_type": "Xã Hùng Sơn, Huyện Hiệp Hòa, Tỉnh Bắc Giang",
        "code": "07849",
        "parent_code": "223"
    },
    "07852": {
        "name": "Đại Thành",
        "type": "xa",
        "slug": "dai-thanh",
        "name_with_type": "Xã Đại Thành",
        "path": "Đại Thành, Hiệp Hòa, Bắc Giang",
        "path_with_type": "Xã Đại Thành, Huyện Hiệp Hòa, Tỉnh Bắc Giang",
        "code": "07852",
        "parent_code": "223"
    },
    "07855": {
        "name": "Thường Thắng",
        "type": "xa",
        "slug": "thuong-thang",
        "name_with_type": "Xã Thường Thắng",
        "path": "Thường Thắng, Hiệp Hòa, Bắc Giang",
        "path_with_type": "Xã Thường Thắng, Huyện Hiệp Hòa, Tỉnh Bắc Giang",
        "code": "07855",
        "parent_code": "223"
    },
    "07858": {
        "name": "Hợp Thịnh",
        "type": "xa",
        "slug": "hop-thinh",
        "name_with_type": "Xã Hợp Thịnh",
        "path": "Hợp Thịnh, Hiệp Hòa, Bắc Giang",
        "path_with_type": "Xã Hợp Thịnh, Huyện Hiệp Hòa, Tỉnh Bắc Giang",
        "code": "07858",
        "parent_code": "223"
    },
    "07861": {
        "name": "Danh Thắng",
        "type": "xa",
        "slug": "danh-thang",
        "name_with_type": "Xã Danh Thắng",
        "path": "Danh Thắng, Hiệp Hòa, Bắc Giang",
        "path_with_type": "Xã Danh Thắng, Huyện Hiệp Hòa, Tỉnh Bắc Giang",
        "code": "07861",
        "parent_code": "223"
    },
    "07864": {
        "name": "Mai Trung",
        "type": "xa",
        "slug": "mai-trung",
        "name_with_type": "Xã Mai Trung",
        "path": "Mai Trung, Hiệp Hòa, Bắc Giang",
        "path_with_type": "Xã Mai Trung, Huyện Hiệp Hòa, Tỉnh Bắc Giang",
        "code": "07864",
        "parent_code": "223"
    },
    "07867": {
        "name": "Đoan Bái",
        "type": "xa",
        "slug": "doan-bai",
        "name_with_type": "Xã Đoan Bái",
        "path": "Đoan Bái, Hiệp Hòa, Bắc Giang",
        "path_with_type": "Xã Đoan Bái, Huyện Hiệp Hòa, Tỉnh Bắc Giang",
        "code": "07867",
        "parent_code": "223"
    },
    "07870": {
        "name": "Bắc Lý",
        "type": "xa",
        "slug": "bac-ly",
        "name_with_type": "Xã Bắc Lý",
        "path": "Bắc Lý, Hiệp Hòa, Bắc Giang",
        "path_with_type": "Xã Bắc Lý, Huyện Hiệp Hòa, Tỉnh Bắc Giang",
        "code": "07870",
        "parent_code": "223"
    },
    "07873": {
        "name": "Xuân Cẩm",
        "type": "xa",
        "slug": "xuan-cam",
        "name_with_type": "Xã Xuân Cẩm",
        "path": "Xuân Cẩm, Hiệp Hòa, Bắc Giang",
        "path_with_type": "Xã Xuân Cẩm, Huyện Hiệp Hòa, Tỉnh Bắc Giang",
        "code": "07873",
        "parent_code": "223"
    },
    "07876": {
        "name": "Hương Lâm",
        "type": "xa",
        "slug": "huong-lam",
        "name_with_type": "Xã Hương Lâm",
        "path": "Hương Lâm, Hiệp Hòa, Bắc Giang",
        "path_with_type": "Xã Hương Lâm, Huyện Hiệp Hòa, Tỉnh Bắc Giang",
        "code": "07876",
        "parent_code": "223"
    },
    "07879": {
        "name": "Đông Lỗ",
        "type": "xa",
        "slug": "dong-lo",
        "name_with_type": "Xã Đông Lỗ",
        "path": "Đông Lỗ, Hiệp Hòa, Bắc Giang",
        "path_with_type": "Xã Đông Lỗ, Huyện Hiệp Hòa, Tỉnh Bắc Giang",
        "code": "07879",
        "parent_code": "223"
    },
    "07882": {
        "name": "Châu Minh",
        "type": "xa",
        "slug": "chau-minh",
        "name_with_type": "Xã Châu Minh",
        "path": "Châu Minh, Hiệp Hòa, Bắc Giang",
        "path_with_type": "Xã Châu Minh, Huyện Hiệp Hòa, Tỉnh Bắc Giang",
        "code": "07882",
        "parent_code": "223"
    },
    "07885": {
        "name": "Mai Đình",
        "type": "xa",
        "slug": "mai-dinh",
        "name_with_type": "Xã Mai Đình",
        "path": "Mai Đình, Hiệp Hòa, Bắc Giang",
        "path_with_type": "Xã Mai Đình, Huyện Hiệp Hòa, Tỉnh Bắc Giang",
        "code": "07885",
        "parent_code": "223"
    }
}