{
    "08152": {
        "name": "Thanh Ba",
        "type": "thi-tran",
        "slug": "thanh-ba",
        "name_with_type": "Thị trấn Thanh Ba",
        "path": "Thanh Ba, Thanh Ba, Phú Thọ",
        "path_with_type": "Thị trấn Thanh Ba, Huyện Thanh Ba, Tỉnh Phú Thọ",
        "code": "08152",
        "parent_code": "232"
    },
    "08155": {
        "name": "Thanh Vân",
        "type": "xa",
        "slug": "thanh-van",
        "name_with_type": "Xã Thanh Vân",
        "path": "Thanh Vân, Thanh Ba, Phú Thọ",
        "path_with_type": "Xã Thanh Vân, Huyện Thanh Ba, Tỉnh Phú Thọ",
        "code": "08155",
        "parent_code": "232"
    },
    "08156": {
        "name": "Vân Lĩnh",
        "type": "xa",
        "slug": "van-linh",
        "name_with_type": "Xã Vân Lĩnh",
        "path": "Vân Lĩnh, Thanh Ba, Phú Thọ",
        "path_with_type": "Xã Vân Lĩnh, Huyện Thanh Ba, Tỉnh Phú Thọ",
        "code": "08156",
        "parent_code": "232"
    },
    "08158": {
        "name": "Đông Lĩnh",
        "type": "xa",
        "slug": "dong-linh",
        "name_with_type": "Xã Đông Lĩnh",
        "path": "Đông Lĩnh, Thanh Ba, Phú Thọ",
        "path_with_type": "Xã Đông Lĩnh, Huyện Thanh Ba, Tỉnh Phú Thọ",
        "code": "08158",
        "parent_code": "232"
    },
    "08161": {
        "name": "Đại An",
        "type": "xa",
        "slug": "dai-an",
        "name_with_type": "Xã Đại An",
        "path": "Đại An, Thanh Ba, Phú Thọ",
        "path_with_type": "Xã Đại An, Huyện Thanh Ba, Tỉnh Phú Thọ",
        "code": "08161",
        "parent_code": "232"
    },
    "08164": {
        "name": "Hanh Cù",
        "type": "xa",
        "slug": "hanh-cu",
        "name_with_type": "Xã Hanh Cù",
        "path": "Hanh Cù, Thanh Ba, Phú Thọ",
        "path_with_type": "Xã Hanh Cù, Huyện Thanh Ba, Tỉnh Phú Thọ",
        "code": "08164",
        "parent_code": "232"
    },
    "08167": {
        "name": "Thái Ninh",
        "type": "xa",
        "slug": "thai-ninh",
        "name_with_type": "Xã Thái Ninh",
        "path": "Thái Ninh, Thanh Ba, Phú Thọ",
        "path_with_type": "Xã Thái Ninh, Huyện Thanh Ba, Tỉnh Phú Thọ",
        "code": "08167",
        "parent_code": "232"
    },
    "08170": {
        "name": "Đồng Xuân",
        "type": "xa",
        "slug": "dong-xuan",
        "name_with_type": "Xã Đồng Xuân",
        "path": "Đồng Xuân, Thanh Ba, Phú Thọ",
        "path_with_type": "Xã Đồng Xuân, Huyện Thanh Ba, Tỉnh Phú Thọ",
        "code": "08170",
        "parent_code": "232"
    },
    "08173": {
        "name": "Năng Yên",
        "type": "xa",
        "slug": "nang-yen",
        "name_with_type": "Xã Năng Yên",
        "path": "Năng Yên, Thanh Ba, Phú Thọ",
        "path_with_type": "Xã Năng Yên, Huyện Thanh Ba, Tỉnh Phú Thọ",
        "code": "08173",
        "parent_code": "232"
    },
    "08176": {
        "name": "Yển Khê",
        "type": "xa",
        "slug": "yen-khe",
        "name_with_type": "Xã Yển Khê",
        "path": "Yển Khê, Thanh Ba, Phú Thọ",
        "path_with_type": "Xã Yển Khê, Huyện Thanh Ba, Tỉnh Phú Thọ",
        "code": "08176",
        "parent_code": "232"
    },
    "08179": {
        "name": "Ninh Dân",
        "type": "xa",
        "slug": "ninh-dan",
        "name_with_type": "Xã Ninh Dân",
        "path": "Ninh Dân, Thanh Ba, Phú Thọ",
        "path_with_type": "Xã Ninh Dân, Huyện Thanh Ba, Tỉnh Phú Thọ",
        "code": "08179",
        "parent_code": "232"
    },
    "08182": {
        "name": "Quảng Nạp",
        "type": "xa",
        "slug": "quang-nap",
        "name_with_type": "Xã Quảng Nạp",
        "path": "Quảng Nạp, Thanh Ba, Phú Thọ",
        "path_with_type": "Xã Quảng Nạp, Huyện Thanh Ba, Tỉnh Phú Thọ",
        "code": "08182",
        "parent_code": "232"
    },
    "08185": {
        "name": "Vũ Yển",
        "type": "xa",
        "slug": "vu-yen",
        "name_with_type": "Xã Vũ Yển",
        "path": "Vũ Yển, Thanh Ba, Phú Thọ",
        "path_with_type": "Xã Vũ Yển, Huyện Thanh Ba, Tỉnh Phú Thọ",
        "code": "08185",
        "parent_code": "232"
    },
    "08188": {
        "name": "Yên Nội",
        "type": "xa",
        "slug": "yen-noi",
        "name_with_type": "Xã Yên Nội",
        "path": "Yên Nội, Thanh Ba, Phú Thọ",
        "path_with_type": "Xã Yên Nội, Huyện Thanh Ba, Tỉnh Phú Thọ",
        "code": "08188",
        "parent_code": "232"
    },
    "08191": {
        "name": "Phương Lĩnh",
        "type": "xa",
        "slug": "phuong-linh",
        "name_with_type": "Xã Phương Lĩnh",
        "path": "Phương Lĩnh, Thanh Ba, Phú Thọ",
        "path_with_type": "Xã Phương Lĩnh, Huyện Thanh Ba, Tỉnh Phú Thọ",
        "code": "08191",
        "parent_code": "232"
    },
    "08194": {
        "name": "Võ Lao",
        "type": "xa",
        "slug": "vo-lao",
        "name_with_type": "Xã Võ Lao",
        "path": "Võ Lao, Thanh Ba, Phú Thọ",
        "path_with_type": "Xã Võ Lao, Huyện Thanh Ba, Tỉnh Phú Thọ",
        "code": "08194",
        "parent_code": "232"
    },
    "08197": {
        "name": "Khải Xuân",
        "type": "xa",
        "slug": "khai-xuan",
        "name_with_type": "Xã Khải Xuân",
        "path": "Khải Xuân, Thanh Ba, Phú Thọ",
        "path_with_type": "Xã Khải Xuân, Huyện Thanh Ba, Tỉnh Phú Thọ",
        "code": "08197",
        "parent_code": "232"
    },
    "08200": {
        "name": "Mạn Lạn",
        "type": "xa",
        "slug": "man-lan",
        "name_with_type": "Xã Mạn Lạn",
        "path": "Mạn Lạn, Thanh Ba, Phú Thọ",
        "path_with_type": "Xã Mạn Lạn, Huyện Thanh Ba, Tỉnh Phú Thọ",
        "code": "08200",
        "parent_code": "232"
    },
    "08203": {
        "name": "Thanh Xá",
        "type": "xa",
        "slug": "thanh-xa",
        "name_with_type": "Xã Thanh Xá",
        "path": "Thanh Xá, Thanh Ba, Phú Thọ",
        "path_with_type": "Xã Thanh Xá, Huyện Thanh Ba, Tỉnh Phú Thọ",
        "code": "08203",
        "parent_code": "232"
    },
    "08206": {
        "name": "Chí Tiên",
        "type": "xa",
        "slug": "chi-tien",
        "name_with_type": "Xã Chí Tiên",
        "path": "Chí Tiên, Thanh Ba, Phú Thọ",
        "path_with_type": "Xã Chí Tiên, Huyện Thanh Ba, Tỉnh Phú Thọ",
        "code": "08206",
        "parent_code": "232"
    },
    "08209": {
        "name": "Đông Thành",
        "type": "xa",
        "slug": "dong-thanh",
        "name_with_type": "Xã Đông Thành",
        "path": "Đông Thành, Thanh Ba, Phú Thọ",
        "path_with_type": "Xã Đông Thành, Huyện Thanh Ba, Tỉnh Phú Thọ",
        "code": "08209",
        "parent_code": "232"
    },
    "08212": {
        "name": "Hoàng Cương",
        "type": "xa",
        "slug": "hoang-cuong",
        "name_with_type": "Xã Hoàng Cương",
        "path": "Hoàng Cương, Thanh Ba, Phú Thọ",
        "path_with_type": "Xã Hoàng Cương, Huyện Thanh Ba, Tỉnh Phú Thọ",
        "code": "08212",
        "parent_code": "232"
    },
    "08215": {
        "name": "Sơn Cương",
        "type": "xa",
        "slug": "son-cuong",
        "name_with_type": "Xã Sơn Cương",
        "path": "Sơn Cương, Thanh Ba, Phú Thọ",
        "path_with_type": "Xã Sơn Cương, Huyện Thanh Ba, Tỉnh Phú Thọ",
        "code": "08215",
        "parent_code": "232"
    },
    "08218": {
        "name": "Thanh Hà",
        "type": "xa",
        "slug": "thanh-ha",
        "name_with_type": "Xã Thanh Hà",
        "path": "Thanh Hà, Thanh Ba, Phú Thọ",
        "path_with_type": "Xã Thanh Hà, Huyện Thanh Ba, Tỉnh Phú Thọ",
        "code": "08218",
        "parent_code": "232"
    },
    "08221": {
        "name": "Đỗ Sơn",
        "type": "xa",
        "slug": "do-son",
        "name_with_type": "Xã Đỗ Sơn",
        "path": "Đỗ Sơn, Thanh Ba, Phú Thọ",
        "path_with_type": "Xã Đỗ Sơn, Huyện Thanh Ba, Tỉnh Phú Thọ",
        "code": "08221",
        "parent_code": "232"
    },
    "08224": {
        "name": "Đỗ Xuyên",
        "type": "xa",
        "slug": "do-xuyen",
        "name_with_type": "Xã Đỗ Xuyên",
        "path": "Đỗ Xuyên, Thanh Ba, Phú Thọ",
        "path_with_type": "Xã Đỗ Xuyên, Huyện Thanh Ba, Tỉnh Phú Thọ",
        "code": "08224",
        "parent_code": "232"
    },
    "08227": {
        "name": "Lương Lỗ",
        "type": "xa",
        "slug": "luong-lo",
        "name_with_type": "Xã Lương Lỗ",
        "path": "Lương Lỗ, Thanh Ba, Phú Thọ",
        "path_with_type": "Xã Lương Lỗ, Huyện Thanh Ba, Tỉnh Phú Thọ",
        "code": "08227",
        "parent_code": "232"
    }
}