{
    "08341": {
        "name": "Sông Thao",
        "type": "thi-tran",
        "slug": "song-thao",
        "name_with_type": "Thị trấn Sông Thao",
        "path": "Sông Thao, Cẩm Khê, Phú Thọ",
        "path_with_type": "Thị trấn Sông Thao, Huyện Cẩm Khê, Tỉnh Phú Thọ",
        "code": "08341",
        "parent_code": "235"
    },
    "08344": {
        "name": "Tiên Lương",
        "type": "xa",
        "slug": "tien-luong",
        "name_with_type": "Xã Tiên Lương",
        "path": "Tiên Lương, Cẩm Khê, Phú Thọ",
        "path_with_type": "Xã Tiên Lương, Huyện Cẩm Khê, Tỉnh Phú Thọ",
        "code": "08344",
        "parent_code": "235"
    },
    "08347": {
        "name": "Tuy Lộc",
        "type": "xa",
        "slug": "tuy-loc",
        "name_with_type": "Xã Tuy Lộc",
        "path": "Tuy Lộc, Cẩm Khê, Phú Thọ",
        "path_with_type": "Xã Tuy Lộc, Huyện Cẩm Khê, Tỉnh Phú Thọ",
        "code": "08347",
        "parent_code": "235"
    },
    "08350": {
        "name": "Ngô Xá",
        "type": "xa",
        "slug": "ngo-xa",
        "name_with_type": "Xã Ngô Xá",
        "path": "Ngô Xá, Cẩm Khê, Phú Thọ",
        "path_with_type": "Xã Ngô Xá, Huyện Cẩm Khê, Tỉnh Phú Thọ",
        "code": "08350",
        "parent_code": "235"
    },
    "08353": {
        "name": "Phương Xá",
        "type": "xa",
        "slug": "phuong-xa",
        "name_with_type": "Xã Phương Xá",
        "path": "Phương Xá, Cẩm Khê, Phú Thọ",
        "path_with_type": "Xã Phương Xá, Huyện Cẩm Khê, Tỉnh Phú Thọ",
        "code": "08353",
        "parent_code": "235"
    },
    "08356": {
        "name": "Phượng Vĩ",
        "type": "xa",
        "slug": "phuong-vi",
        "name_with_type": "Xã Phượng Vĩ",
        "path": "Phượng Vĩ, Cẩm Khê, Phú Thọ",
        "path_with_type": "Xã Phượng Vĩ, Huyện Cẩm Khê, Tỉnh Phú Thọ",
        "code": "08356",
        "parent_code": "235"
    },
    "08359": {
        "name": "Đồng Cam",
        "type": "xa",
        "slug": "dong-cam",
        "name_with_type": "Xã Đồng Cam",
        "path": "Đồng Cam, Cẩm Khê, Phú Thọ",
        "path_with_type": "Xã Đồng Cam, Huyện Cẩm Khê, Tỉnh Phú Thọ",
        "code": "08359",
        "parent_code": "235"
    },
    "08362": {
        "name": "Thụy Liễu",
        "type": "xa",
        "slug": "thuy-lieu",
        "name_with_type": "Xã Thụy Liễu",
        "path": "Thụy Liễu, Cẩm Khê, Phú Thọ",
        "path_with_type": "Xã Thụy Liễu, Huyện Cẩm Khê, Tỉnh Phú Thọ",
        "code": "08362",
        "parent_code": "235"
    },
    "08365": {
        "name": "Phùng Xá",
        "type": "xa",
        "slug": "phung-xa",
        "name_with_type": "Xã Phùng Xá",
        "path": "Phùng Xá, Cẩm Khê, Phú Thọ",
        "path_with_type": "Xã Phùng Xá, Huyện Cẩm Khê, Tỉnh Phú Thọ",
        "code": "08365",
        "parent_code": "235"
    },
    "08368": {
        "name": "Sơn Nga",
        "type": "xa",
        "slug": "son-nga",
        "name_with_type": "Xã Sơn Nga",
        "path": "Sơn Nga, Cẩm Khê, Phú Thọ",
        "path_with_type": "Xã Sơn Nga, Huyện Cẩm Khê, Tỉnh Phú Thọ",
        "code": "08368",
        "parent_code": "235"
    },
    "08371": {
        "name": "Sai Nga",
        "type": "xa",
        "slug": "sai-nga",
        "name_with_type": "Xã Sai Nga",
        "path": "Sai Nga, Cẩm Khê, Phú Thọ",
        "path_with_type": "Xã Sai Nga, Huyện Cẩm Khê, Tỉnh Phú Thọ",
        "code": "08371",
        "parent_code": "235"
    },
    "08374": {
        "name": "Tùng Khê",
        "type": "xa",
        "slug": "tung-khe",
        "name_with_type": "Xã Tùng Khê",
        "path": "Tùng Khê, Cẩm Khê, Phú Thọ",
        "path_with_type": "Xã Tùng Khê, Huyện Cẩm Khê, Tỉnh Phú Thọ",
        "code": "08374",
        "parent_code": "235"
    },
    "08377": {
        "name": "Tam Sơn",
        "type": "xa",
        "slug": "tam-son",
        "name_with_type": "Xã Tam Sơn",
        "path": "Tam Sơn, Cẩm Khê, Phú Thọ",
        "path_with_type": "Xã Tam Sơn, Huyện Cẩm Khê, Tỉnh Phú Thọ",
        "code": "08377",
        "parent_code": "235"
    },
    "08380": {
        "name": "Văn Bán",
        "type": "xa",
        "slug": "van-ban",
        "name_with_type": "Xã Văn Bán",
        "path": "Văn Bán, Cẩm Khê, Phú Thọ",
        "path_with_type": "Xã Văn Bán, Huyện Cẩm Khê, Tỉnh Phú Thọ",
        "code": "08380",
        "parent_code": "235"
    },
    "08383": {
        "name": "Cấp Dẫn",
        "type": "xa",
        "slug": "cap-dan",
        "name_with_type": "Xã Cấp Dẫn",
        "path": "Cấp Dẫn, Cẩm Khê, Phú Thọ",
        "path_with_type": "Xã Cấp Dẫn, Huyện Cẩm Khê, Tỉnh Phú Thọ",
        "code": "08383",
        "parent_code": "235"
    },
    "08386": {
        "name": "Thanh Nga",
        "type": "xa",
        "slug": "thanh-nga",
        "name_with_type": "Xã Thanh Nga",
        "path": "Thanh Nga, Cẩm Khê, Phú Thọ",
        "path_with_type": "Xã Thanh Nga, Huyện Cẩm Khê, Tỉnh Phú Thọ",
        "code": "08386",
        "parent_code": "235"
    },
    "08389": {
        "name": "Xương Thịnh",
        "type": "xa",
        "slug": "xuong-thinh",
        "name_with_type": "Xã Xương Thịnh",
        "path": "Xương Thịnh, Cẩm Khê, Phú Thọ",
        "path_with_type": "Xã Xương Thịnh, Huyện Cẩm Khê, Tỉnh Phú Thọ",
        "code": "08389",
        "parent_code": "235"
    },
    "08392": {
        "name": "Phú Khê",
        "type": "xa",
        "slug": "phu-khe",
        "name_with_type": "Xã Phú Khê",
        "path": "Phú Khê, Cẩm Khê, Phú Thọ",
        "path_with_type": "Xã Phú Khê, Huyện Cẩm Khê, Tỉnh Phú Thọ",
        "code": "08392",
        "parent_code": "235"
    },
    "08395": {
        "name": "Sơn Tình",
        "type": "xa",
        "slug": "son-tinh",
        "name_with_type": "Xã Sơn Tình",
        "path": "Sơn Tình, Cẩm Khê, Phú Thọ",
        "path_with_type": "Xã Sơn Tình, Huyện Cẩm Khê, Tỉnh Phú Thọ",
        "code": "08395",
        "parent_code": "235"
    },
    "08398": {
        "name": "Yên Tập",
        "type": "xa",
        "slug": "yen-tap",
        "name_with_type": "Xã Yên Tập",
        "path": "Yên Tập, Cẩm Khê, Phú Thọ",
        "path_with_type": "Xã Yên Tập, Huyện Cẩm Khê, Tỉnh Phú Thọ",
        "code": "08398",
        "parent_code": "235"
    },
    "08401": {
        "name": "Hương Lung",
        "type": "xa",
        "slug": "huong-lung",
        "name_with_type": "Xã Hương Lung",
        "path": "Hương Lung, Cẩm Khê, Phú Thọ",
        "path_with_type": "Xã Hương Lung, Huyện Cẩm Khê, Tỉnh Phú Thọ",
        "code": "08401",
        "parent_code": "235"
    },
    "08404": {
        "name": "Tạ Xá",
        "type": "xa",
        "slug": "ta-xa",
        "name_with_type": "Xã Tạ Xá",
        "path": "Tạ Xá, Cẩm Khê, Phú Thọ",
        "path_with_type": "Xã Tạ Xá, Huyện Cẩm Khê, Tỉnh Phú Thọ",
        "code": "08404",
        "parent_code": "235"
    },
    "08407": {
        "name": "Phú Lạc",
        "type": "xa",
        "slug": "phu-lac",
        "name_with_type": "Xã Phú Lạc",
        "path": "Phú Lạc, Cẩm Khê, Phú Thọ",
        "path_with_type": "Xã Phú Lạc, Huyện Cẩm Khê, Tỉnh Phú Thọ",
        "code": "08407",
        "parent_code": "235"
    },
    "08410": {
        "name": "Tình Cương",
        "type": "xa",
        "slug": "tinh-cuong",
        "name_with_type": "Xã Tình Cương",
        "path": "Tình Cương, Cẩm Khê, Phú Thọ",
        "path_with_type": "Xã Tình Cương, Huyện Cẩm Khê, Tỉnh Phú Thọ",
        "code": "08410",
        "parent_code": "235"
    },
    "08413": {
        "name": "Chương Xá",
        "type": "xa",
        "slug": "chuong-xa",
        "name_with_type": "Xã Chương Xá",
        "path": "Chương Xá, Cẩm Khê, Phú Thọ",
        "path_with_type": "Xã Chương Xá, Huyện Cẩm Khê, Tỉnh Phú Thọ",
        "code": "08413",
        "parent_code": "235"
    },
    "08416": {
        "name": "Hiền Đa",
        "type": "xa",
        "slug": "hien-da",
        "name_with_type": "Xã Hiền Đa",
        "path": "Hiền Đa, Cẩm Khê, Phú Thọ",
        "path_with_type": "Xã Hiền Đa, Huyện Cẩm Khê, Tỉnh Phú Thọ",
        "code": "08416",
        "parent_code": "235"
    },
    "08419": {
        "name": "Văn Khúc",
        "type": "xa",
        "slug": "van-khuc",
        "name_with_type": "Xã Văn Khúc",
        "path": "Văn Khúc, Cẩm Khê, Phú Thọ",
        "path_with_type": "Xã Văn Khúc, Huyện Cẩm Khê, Tỉnh Phú Thọ",
        "code": "08419",
        "parent_code": "235"
    },
    "08422": {
        "name": "Yên Dưỡng",
        "type": "xa",
        "slug": "yen-duong",
        "name_with_type": "Xã Yên Dưỡng",
        "path": "Yên Dưỡng, Cẩm Khê, Phú Thọ",
        "path_with_type": "Xã Yên Dưỡng, Huyện Cẩm Khê, Tỉnh Phú Thọ",
        "code": "08422",
        "parent_code": "235"
    },
    "08425": {
        "name": "Cát Trù",
        "type": "xa",
        "slug": "cat-tru",
        "name_with_type": "Xã Cát Trù",
        "path": "Cát Trù, Cẩm Khê, Phú Thọ",
        "path_with_type": "Xã Cát Trù, Huyện Cẩm Khê, Tỉnh Phú Thọ",
        "code": "08425",
        "parent_code": "235"
    },
    "08428": {
        "name": "Điêu Lương",
        "type": "xa",
        "slug": "dieu-luong",
        "name_with_type": "Xã Điêu Lương",
        "path": "Điêu Lương, Cẩm Khê, Phú Thọ",
        "path_with_type": "Xã Điêu Lương, Huyện Cẩm Khê, Tỉnh Phú Thọ",
        "code": "08428",
        "parent_code": "235"
    },
    "08431": {
        "name": "Đồng Lương",
        "type": "xa",
        "slug": "dong-luong",
        "name_with_type": "Xã Đồng Lương",
        "path": "Đồng Lương, Cẩm Khê, Phú Thọ",
        "path_with_type": "Xã Đồng Lương, Huyện Cẩm Khê, Tỉnh Phú Thọ",
        "code": "08431",
        "parent_code": "235"
    }
}