{
    "08542": {
        "name": "Thanh Sơn",
        "type": "thi-tran",
        "slug": "thanh-son",
        "name_with_type": "Thị trấn Thanh Sơn",
        "path": "Thanh Sơn, Thanh Sơn, Phú Thọ",
        "path_with_type": "Thị trấn Thanh Sơn, Huyện Thanh Sơn, Tỉnh Phú Thọ",
        "code": "08542",
        "parent_code": "238"
    },
    "08563": {
        "name": "Sơn Hùng",
        "type": "xa",
        "slug": "son-hung",
        "name_with_type": "Xã Sơn Hùng",
        "path": "Sơn Hùng, Thanh Sơn, Phú Thọ",
        "path_with_type": "Xã Sơn Hùng, Huyện Thanh Sơn, Tỉnh Phú Thọ",
        "code": "08563",
        "parent_code": "238"
    },
    "08572": {
        "name": "Địch Quả",
        "type": "xa",
        "slug": "dich-qua",
        "name_with_type": "Xã Địch Quả",
        "path": "Địch Quả, Thanh Sơn, Phú Thọ",
        "path_with_type": "Xã Địch Quả, Huyện Thanh Sơn, Tỉnh Phú Thọ",
        "code": "08572",
        "parent_code": "238"
    },
    "08575": {
        "name": "Giáp Lai",
        "type": "xa",
        "slug": "giap-lai",
        "name_with_type": "Xã Giáp Lai",
        "path": "Giáp Lai, Thanh Sơn, Phú Thọ",
        "path_with_type": "Xã Giáp Lai, Huyện Thanh Sơn, Tỉnh Phú Thọ",
        "code": "08575",
        "parent_code": "238"
    },
    "08581": {
        "name": "Thục Luyện",
        "type": "xa",
        "slug": "thuc-luyen",
        "name_with_type": "Xã Thục Luyện",
        "path": "Thục Luyện, Thanh Sơn, Phú Thọ",
        "path_with_type": "Xã Thục Luyện, Huyện Thanh Sơn, Tỉnh Phú Thọ",
        "code": "08581",
        "parent_code": "238"
    },
    "08584": {
        "name": "Võ Miếu",
        "type": "xa",
        "slug": "vo-mieu",
        "name_with_type": "Xã Võ Miếu",
        "path": "Võ Miếu, Thanh Sơn, Phú Thọ",
        "path_with_type": "Xã Võ Miếu, Huyện Thanh Sơn, Tỉnh Phú Thọ",
        "code": "08584",
        "parent_code": "238"
    },
    "08587": {
        "name": "Thạch Khoán",
        "type": "xa",
        "slug": "thach-khoan",
        "name_with_type": "Xã Thạch Khoán",
        "path": "Thạch Khoán, Thanh Sơn, Phú Thọ",
        "path_with_type": "Xã Thạch Khoán, Huyện Thanh Sơn, Tỉnh Phú Thọ",
        "code": "08587",
        "parent_code": "238"
    },
    "08602": {
        "name": "Cự Thắng",
        "type": "xa",
        "slug": "cu-thang",
        "name_with_type": "Xã Cự Thắng",
        "path": "Cự Thắng, Thanh Sơn, Phú Thọ",
        "path_with_type": "Xã Cự Thắng, Huyện Thanh Sơn, Tỉnh Phú Thọ",
        "code": "08602",
        "parent_code": "238"
    },
    "08605": {
        "name": "Tất Thắng",
        "type": "xa",
        "slug": "tat-thang",
        "name_with_type": "Xã Tất Thắng",
        "path": "Tất Thắng, Thanh Sơn, Phú Thọ",
        "path_with_type": "Xã Tất Thắng, Huyện Thanh Sơn, Tỉnh Phú Thọ",
        "code": "08605",
        "parent_code": "238"
    },
    "08611": {
        "name": "Văn Miếu",
        "type": "xa",
        "slug": "van-mieu",
        "name_with_type": "Xã Văn Miếu",
        "path": "Văn Miếu, Thanh Sơn, Phú Thọ",
        "path_with_type": "Xã Văn Miếu, Huyện Thanh Sơn, Tỉnh Phú Thọ",
        "code": "08611",
        "parent_code": "238"
    },
    "08614": {
        "name": "Cự Đồng",
        "type": "xa",
        "slug": "cu-dong",
        "name_with_type": "Xã Cự Đồng",
        "path": "Cự Đồng, Thanh Sơn, Phú Thọ",
        "path_with_type": "Xã Cự Đồng, Huyện Thanh Sơn, Tỉnh Phú Thọ",
        "code": "08614",
        "parent_code": "238"
    },
    "08623": {
        "name": "Thắng Sơn",
        "type": "xa",
        "slug": "thang-son",
        "name_with_type": "Xã Thắng Sơn",
        "path": "Thắng Sơn, Thanh Sơn, Phú Thọ",
        "path_with_type": "Xã Thắng Sơn, Huyện Thanh Sơn, Tỉnh Phú Thọ",
        "code": "08623",
        "parent_code": "238"
    },
    "08629": {
        "name": "Tân Minh",
        "type": "xa",
        "slug": "tan-minh",
        "name_with_type": "Xã Tân Minh",
        "path": "Tân Minh, Thanh Sơn, Phú Thọ",
        "path_with_type": "Xã Tân Minh, Huyện Thanh Sơn, Tỉnh Phú Thọ",
        "code": "08629",
        "parent_code": "238"
    },
    "08632": {
        "name": "Hương Cần",
        "type": "xa",
        "slug": "huong-can",
        "name_with_type": "Xã Hương Cần",
        "path": "Hương Cần, Thanh Sơn, Phú Thọ",
        "path_with_type": "Xã Hương Cần, Huyện Thanh Sơn, Tỉnh Phú Thọ",
        "code": "08632",
        "parent_code": "238"
    },
    "08635": {
        "name": "Khả Cửu",
        "type": "xa",
        "slug": "kha-cuu",
        "name_with_type": "Xã Khả Cửu",
        "path": "Khả Cửu, Thanh Sơn, Phú Thọ",
        "path_with_type": "Xã Khả Cửu, Huyện Thanh Sơn, Tỉnh Phú Thọ",
        "code": "08635",
        "parent_code": "238"
    },
    "08638": {
        "name": "Đông Cửu",
        "type": "xa",
        "slug": "dong-cuu",
        "name_with_type": "Xã Đông Cửu",
        "path": "Đông Cửu, Thanh Sơn, Phú Thọ",
        "path_with_type": "Xã Đông Cửu, Huyện Thanh Sơn, Tỉnh Phú Thọ",
        "code": "08638",
        "parent_code": "238"
    },
    "08641": {
        "name": "Tân Lập",
        "type": "xa",
        "slug": "tan-lap",
        "name_with_type": "Xã Tân Lập",
        "path": "Tân Lập, Thanh Sơn, Phú Thọ",
        "path_with_type": "Xã Tân Lập, Huyện Thanh Sơn, Tỉnh Phú Thọ",
        "code": "08641",
        "parent_code": "238"
    },
    "08644": {
        "name": "Yên Lãng",
        "type": "xa",
        "slug": "yen-lang",
        "name_with_type": "Xã Yên Lãng",
        "path": "Yên Lãng, Thanh Sơn, Phú Thọ",
        "path_with_type": "Xã Yên Lãng, Huyện Thanh Sơn, Tỉnh Phú Thọ",
        "code": "08644",
        "parent_code": "238"
    },
    "08647": {
        "name": "Yên Lương",
        "type": "xa",
        "slug": "yen-luong",
        "name_with_type": "Xã Yên Lương",
        "path": "Yên Lương, Thanh Sơn, Phú Thọ",
        "path_with_type": "Xã Yên Lương, Huyện Thanh Sơn, Tỉnh Phú Thọ",
        "code": "08647",
        "parent_code": "238"
    },
    "08650": {
        "name": "Thượng Cửu",
        "type": "xa",
        "slug": "thuong-cuu",
        "name_with_type": "Xã Thượng Cửu",
        "path": "Thượng Cửu, Thanh Sơn, Phú Thọ",
        "path_with_type": "Xã Thượng Cửu, Huyện Thanh Sơn, Tỉnh Phú Thọ",
        "code": "08650",
        "parent_code": "238"
    },
    "08653": {
        "name": "Lương Nha",
        "type": "xa",
        "slug": "luong-nha",
        "name_with_type": "Xã Lương Nha",
        "path": "Lương Nha, Thanh Sơn, Phú Thọ",
        "path_with_type": "Xã Lương Nha, Huyện Thanh Sơn, Tỉnh Phú Thọ",
        "code": "08653",
        "parent_code": "238"
    },
    "08656": {
        "name": "Yên Sơn",
        "type": "xa",
        "slug": "yen-son",
        "name_with_type": "Xã Yên Sơn",
        "path": "Yên Sơn, Thanh Sơn, Phú Thọ",
        "path_with_type": "Xã Yên Sơn, Huyện Thanh Sơn, Tỉnh Phú Thọ",
        "code": "08656",
        "parent_code": "238"
    },
    "08659": {
        "name": "Tinh Nhuệ",
        "type": "xa",
        "slug": "tinh-nhue",
        "name_with_type": "Xã Tinh Nhuệ",
        "path": "Tinh Nhuệ, Thanh Sơn, Phú Thọ",
        "path_with_type": "Xã Tinh Nhuệ, Huyện Thanh Sơn, Tỉnh Phú Thọ",
        "code": "08659",
        "parent_code": "238"
    }
}