{
    "08545": {
        "name": "Thu Cúc",
        "type": "xa",
        "slug": "thu-cuc",
        "name_with_type": "Xã Thu Cúc",
        "path": "Thu Cúc, Tân Sơn, Phú Thọ",
        "path_with_type": "Xã Thu Cúc, Huyện Tân Sơn, Tỉnh Phú Thọ",
        "code": "08545",
        "parent_code": "240"
    },
    "08548": {
        "name": "Thạch Kiệt",
        "type": "xa",
        "slug": "thach-kiet",
        "name_with_type": "Xã Thạch Kiệt",
        "path": "Thạch Kiệt, Tân Sơn, Phú Thọ",
        "path_with_type": "Xã Thạch Kiệt, Huyện Tân Sơn, Tỉnh Phú Thọ",
        "code": "08548",
        "parent_code": "240"
    },
    "08551": {
        "name": "Thu Ngạc",
        "type": "xa",
        "slug": "thu-ngac",
        "name_with_type": "Xã Thu Ngạc",
        "path": "Thu Ngạc, Tân Sơn, Phú Thọ",
        "path_with_type": "Xã Thu Ngạc, Huyện Tân Sơn, Tỉnh Phú Thọ",
        "code": "08551",
        "parent_code": "240"
    },
    "08554": {
        "name": "Kiệt Sơn",
        "type": "xa",
        "slug": "kiet-son",
        "name_with_type": "Xã Kiệt Sơn",
        "path": "Kiệt Sơn, Tân Sơn, Phú Thọ",
        "path_with_type": "Xã Kiệt Sơn, Huyện Tân Sơn, Tỉnh Phú Thọ",
        "code": "08554",
        "parent_code": "240"
    },
    "08557": {
        "name": "Đồng Sơn",
        "type": "xa",
        "slug": "dong-son",
        "name_with_type": "Xã Đồng Sơn",
        "path": "Đồng Sơn, Tân Sơn, Phú Thọ",
        "path_with_type": "Xã Đồng Sơn, Huyện Tân Sơn, Tỉnh Phú Thọ",
        "code": "08557",
        "parent_code": "240"
    },
    "08560": {
        "name": "Lai Đồng",
        "type": "xa",
        "slug": "lai-dong",
        "name_with_type": "Xã Lai Đồng",
        "path": "Lai Đồng, Tân Sơn, Phú Thọ",
        "path_with_type": "Xã Lai Đồng, Huyện Tân Sơn, Tỉnh Phú Thọ",
        "code": "08560",
        "parent_code": "240"
    },
    "08566": {
        "name": "Tân Phú",
        "type": "xa",
        "slug": "tan-phu",
        "name_with_type": "Xã Tân Phú",
        "path": "Tân Phú, Tân Sơn, Phú Thọ",
        "path_with_type": "Xã Tân Phú, Huyện Tân Sơn, Tỉnh Phú Thọ",
        "code": "08566",
        "parent_code": "240"
    },
    "08569": {
        "name": "Mỹ Thuận",
        "type": "xa",
        "slug": "my-thuan",
        "name_with_type": "Xã Mỹ Thuận",
        "path": "Mỹ Thuận, Tân Sơn, Phú Thọ",
        "path_with_type": "Xã Mỹ Thuận, Huyện Tân Sơn, Tỉnh Phú Thọ",
        "code": "08569",
        "parent_code": "240"
    },
    "08578": {
        "name": "Tân Sơn",
        "type": "xa",
        "slug": "tan-son",
        "name_with_type": "Xã Tân Sơn",
        "path": "Tân Sơn, Tân Sơn, Phú Thọ",
        "path_with_type": "Xã Tân Sơn, Huyện Tân Sơn, Tỉnh Phú Thọ",
        "code": "08578",
        "parent_code": "240"
    },
    "08590": {
        "name": "Xuân Đài",
        "type": "xa",
        "slug": "xuan-dai",
        "name_with_type": "Xã Xuân Đài",
        "path": "Xuân Đài, Tân Sơn, Phú Thọ",
        "path_with_type": "Xã Xuân Đài, Huyện Tân Sơn, Tỉnh Phú Thọ",
        "code": "08590",
        "parent_code": "240"
    },
    "08593": {
        "name": "Minh Đài",
        "type": "xa",
        "slug": "minh-dai",
        "name_with_type": "Xã Minh Đài",
        "path": "Minh Đài, Tân Sơn, Phú Thọ",
        "path_with_type": "Xã Minh Đài, Huyện Tân Sơn, Tỉnh Phú Thọ",
        "code": "08593",
        "parent_code": "240"
    },
    "08596": {
        "name": "Văn Luông",
        "type": "xa",
        "slug": "van-luong",
        "name_with_type": "Xã Văn Luông",
        "path": "Văn Luông, Tân Sơn, Phú Thọ",
        "path_with_type": "Xã Văn Luông, Huyện Tân Sơn, Tỉnh Phú Thọ",
        "code": "08596",
        "parent_code": "240"
    },
    "08599": {
        "name": "Xuân Sơn",
        "type": "xa",
        "slug": "xuan-son",
        "name_with_type": "Xã Xuân Sơn",
        "path": "Xuân Sơn, Tân Sơn, Phú Thọ",
        "path_with_type": "Xã Xuân Sơn, Huyện Tân Sơn, Tỉnh Phú Thọ",
        "code": "08599",
        "parent_code": "240"
    },
    "08608": {
        "name": "Long Cốc",
        "type": "xa",
        "slug": "long-coc",
        "name_with_type": "Xã Long Cốc",
        "path": "Long Cốc, Tân Sơn, Phú Thọ",
        "path_with_type": "Xã Long Cốc, Huyện Tân Sơn, Tỉnh Phú Thọ",
        "code": "08608",
        "parent_code": "240"
    },
    "08617": {
        "name": "Kim Thượng",
        "type": "xa",
        "slug": "kim-thuong",
        "name_with_type": "Xã Kim Thượng",
        "path": "Kim Thượng, Tân Sơn, Phú Thọ",
        "path_with_type": "Xã Kim Thượng, Huyện Tân Sơn, Tỉnh Phú Thọ",
        "code": "08617",
        "parent_code": "240"
    },
    "08620": {
        "name": "Tam Thanh",
        "type": "xa",
        "slug": "tam-thanh",
        "name_with_type": "Xã Tam Thanh",
        "path": "Tam Thanh, Tân Sơn, Phú Thọ",
        "path_with_type": "Xã Tam Thanh, Huyện Tân Sơn, Tỉnh Phú Thọ",
        "code": "08620",
        "parent_code": "240"
    },
    "08626": {
        "name": "Vinh Tiền",
        "type": "xa",
        "slug": "vinh-tien",
        "name_with_type": "Xã Vinh Tiền",
        "path": "Vinh Tiền, Tân Sơn, Phú Thọ",
        "path_with_type": "Xã Vinh Tiền, Huyện Tân Sơn, Tỉnh Phú Thọ",
        "code": "08626",
        "parent_code": "240"
    }
}