{
    "08734": {
        "name": "Trưng Trắc",
        "type": "phuong",
        "slug": "trung-trac",
        "name_with_type": "Phường Trưng Trắc",
        "path": "Trưng Trắc, Phúc Yên, Vĩnh Phúc",
        "path_with_type": "Phường Trưng Trắc, Thị xã Phúc Yên, Tỉnh Vĩnh Phúc",
        "code": "08734",
        "parent_code": "244"
    },
    "08737": {
        "name": "Hùng Vương",
        "type": "phuong",
        "slug": "hung-vuong",
        "name_with_type": "Phường Hùng Vương",
        "path": "Hùng Vương, Phúc Yên, Vĩnh Phúc",
        "path_with_type": "Phường Hùng Vương, Thị xã Phúc Yên, Tỉnh Vĩnh Phúc",
        "code": "08737",
        "parent_code": "244"
    },
    "08740": {
        "name": "Trưng Nhị",
        "type": "phuong",
        "slug": "trung-nhi",
        "name_with_type": "Phường Trưng Nhị",
        "path": "Trưng Nhị, Phúc Yên, Vĩnh Phúc",
        "path_with_type": "Phường Trưng Nhị, Thị xã Phúc Yên, Tỉnh Vĩnh Phúc",
        "code": "08740",
        "parent_code": "244"
    },
    "08743": {
        "name": "Phúc Thắng",
        "type": "phuong",
        "slug": "phuc-thang",
        "name_with_type": "Phường Phúc Thắng",
        "path": "Phúc Thắng, Phúc Yên, Vĩnh Phúc",
        "path_with_type": "Phường Phúc Thắng, Thị xã Phúc Yên, Tỉnh Vĩnh Phúc",
        "code": "08743",
        "parent_code": "244"
    },
    "08746": {
        "name": "Xuân Hoà",
        "type": "phuong",
        "slug": "xuan-hoa",
        "name_with_type": "Phường Xuân Hoà",
        "path": "Xuân Hoà, Phúc Yên, Vĩnh Phúc",
        "path_with_type": "Phường Xuân Hoà, Thị xã Phúc Yên, Tỉnh Vĩnh Phúc",
        "code": "08746",
        "parent_code": "244"
    },
    "08747": {
        "name": "Đồng Xuân",
        "type": "phuong",
        "slug": "dong-xuan",
        "name_with_type": "Phường Đồng Xuân",
        "path": "Đồng Xuân, Phúc Yên, Vĩnh Phúc",
        "path_with_type": "Phường Đồng Xuân, Thị xã Phúc Yên, Tỉnh Vĩnh Phúc",
        "code": "08747",
        "parent_code": "244"
    },
    "08749": {
        "name": "Ngọc Thanh",
        "type": "xa",
        "slug": "ngoc-thanh",
        "name_with_type": "Xã Ngọc Thanh",
        "path": "Ngọc Thanh, Phúc Yên, Vĩnh Phúc",
        "path_with_type": "Xã Ngọc Thanh, Thị xã Phúc Yên, Tỉnh Vĩnh Phúc",
        "code": "08749",
        "parent_code": "244"
    },
    "08752": {
        "name": "Cao Minh",
        "type": "xa",
        "slug": "cao-minh",
        "name_with_type": "Xã Cao Minh",
        "path": "Cao Minh, Phúc Yên, Vĩnh Phúc",
        "path_with_type": "Xã Cao Minh, Thị xã Phúc Yên, Tỉnh Vĩnh Phúc",
        "code": "08752",
        "parent_code": "244"
    },
    "08755": {
        "name": "Nam Viêm",
        "type": "xa",
        "slug": "nam-viem",
        "name_with_type": "Xã Nam Viêm",
        "path": "Nam Viêm, Phúc Yên, Vĩnh Phúc",
        "path_with_type": "Xã Nam Viêm, Thị xã Phúc Yên, Tỉnh Vĩnh Phúc",
        "code": "08755",
        "parent_code": "244"
    },
    "08758": {
        "name": "Tiền Châu",
        "type": "xa",
        "slug": "tien-chau",
        "name_with_type": "Xã Tiền Châu",
        "path": "Tiền Châu, Phúc Yên, Vĩnh Phúc",
        "path_with_type": "Xã Tiền Châu, Thị xã Phúc Yên, Tỉnh Vĩnh Phúc",
        "code": "08758",
        "parent_code": "244"
    }
}