{
    "08761": {
        "name": "Lập Thạch",
        "type": "thi-tran",
        "slug": "lap-thach",
        "name_with_type": "Thị trấn Lập Thạch",
        "path": "Lập Thạch, Lập Thạch, Vĩnh Phúc",
        "path_with_type": "Thị trấn Lập Thạch, Huyện Lập Thạch, Tỉnh Vĩnh Phúc",
        "code": "08761",
        "parent_code": "246"
    },
    "08764": {
        "name": "Quang Sơn",
        "type": "xa",
        "slug": "quang-son",
        "name_with_type": "Xã Quang Sơn",
        "path": "Quang Sơn, Lập Thạch, Vĩnh Phúc",
        "path_with_type": "Xã Quang Sơn, Huyện Lập Thạch, Tỉnh Vĩnh Phúc",
        "code": "08764",
        "parent_code": "246"
    },
    "08767": {
        "name": "Ngọc Mỹ",
        "type": "xa",
        "slug": "ngoc-my",
        "name_with_type": "Xã Ngọc Mỹ",
        "path": "Ngọc Mỹ, Lập Thạch, Vĩnh Phúc",
        "path_with_type": "Xã Ngọc Mỹ, Huyện Lập Thạch, Tỉnh Vĩnh Phúc",
        "code": "08767",
        "parent_code": "246"
    },
    "08770": {
        "name": "Hợp Lý",
        "type": "xa",
        "slug": "hop-ly",
        "name_with_type": "Xã Hợp Lý",
        "path": "Hợp Lý, Lập Thạch, Vĩnh Phúc",
        "path_with_type": "Xã Hợp Lý, Huyện Lập Thạch, Tỉnh Vĩnh Phúc",
        "code": "08770",
        "parent_code": "246"
    },
    "08785": {
        "name": "Bắc Bình",
        "type": "xa",
        "slug": "bac-binh",
        "name_with_type": "Xã Bắc Bình",
        "path": "Bắc Bình, Lập Thạch, Vĩnh Phúc",
        "path_with_type": "Xã Bắc Bình, Huyện Lập Thạch, Tỉnh Vĩnh Phúc",
        "code": "08785",
        "parent_code": "246"
    },
    "08788": {
        "name": "Thái Hòa",
        "type": "xa",
        "slug": "thai-hoa",
        "name_with_type": "Xã Thái Hòa",
        "path": "Thái Hòa, Lập Thạch, Vĩnh Phúc",
        "path_with_type": "Xã Thái Hòa, Huyện Lập Thạch, Tỉnh Vĩnh Phúc",
        "code": "08788",
        "parent_code": "246"
    },
    "08789": {
        "name": "Hoa Sơn",
        "type": "thi-tran",
        "slug": "hoa-son",
        "name_with_type": "Thị trấn Hoa Sơn",
        "path": "Hoa Sơn, Lập Thạch, Vĩnh Phúc",
        "path_with_type": "Thị trấn Hoa Sơn, Huyện Lập Thạch, Tỉnh Vĩnh Phúc",
        "code": "08789",
        "parent_code": "246"
    },
    "08791": {
        "name": "Liễn Sơn",
        "type": "xa",
        "slug": "lien-son",
        "name_with_type": "Xã Liễn Sơn",
        "path": "Liễn Sơn, Lập Thạch, Vĩnh Phúc",
        "path_with_type": "Xã Liễn Sơn, Huyện Lập Thạch, Tỉnh Vĩnh Phúc",
        "code": "08791",
        "parent_code": "246"
    },
    "08794": {
        "name": "Xuân Hòa",
        "type": "xa",
        "slug": "xuan-hoa",
        "name_with_type": "Xã Xuân Hòa",
        "path": "Xuân Hòa, Lập Thạch, Vĩnh Phúc",
        "path_with_type": "Xã Xuân Hòa, Huyện Lập Thạch, Tỉnh Vĩnh Phúc",
        "code": "08794",
        "parent_code": "246"
    },
    "08797": {
        "name": "Vân Trục",
        "type": "xa",
        "slug": "van-truc",
        "name_with_type": "Xã Vân Trục",
        "path": "Vân Trục, Lập Thạch, Vĩnh Phúc",
        "path_with_type": "Xã Vân Trục, Huyện Lập Thạch, Tỉnh Vĩnh Phúc",
        "code": "08797",
        "parent_code": "246"
    },
    "08812": {
        "name": "Liên Hòa",
        "type": "xa",
        "slug": "lien-hoa",
        "name_with_type": "Xã Liên Hòa",
        "path": "Liên Hòa, Lập Thạch, Vĩnh Phúc",
        "path_with_type": "Xã Liên Hòa, Huyện Lập Thạch, Tỉnh Vĩnh Phúc",
        "code": "08812",
        "parent_code": "246"
    },
    "08815": {
        "name": "Tử Du",
        "type": "xa",
        "slug": "tu-du",
        "name_with_type": "Xã Tử Du",
        "path": "Tử Du, Lập Thạch, Vĩnh Phúc",
        "path_with_type": "Xã Tử Du, Huyện Lập Thạch, Tỉnh Vĩnh Phúc",
        "code": "08815",
        "parent_code": "246"
    },
    "08833": {
        "name": "Bàn Giản",
        "type": "xa",
        "slug": "ban-gian",
        "name_with_type": "Xã Bàn Giản",
        "path": "Bàn Giản, Lập Thạch, Vĩnh Phúc",
        "path_with_type": "Xã Bàn Giản, Huyện Lập Thạch, Tỉnh Vĩnh Phúc",
        "code": "08833",
        "parent_code": "246"
    },
    "08836": {
        "name": "Xuân Lôi",
        "type": "xa",
        "slug": "xuan-loi",
        "name_with_type": "Xã Xuân Lôi",
        "path": "Xuân Lôi, Lập Thạch, Vĩnh Phúc",
        "path_with_type": "Xã Xuân Lôi, Huyện Lập Thạch, Tỉnh Vĩnh Phúc",
        "code": "08836",
        "parent_code": "246"
    },
    "08839": {
        "name": "Đồng Ích",
        "type": "xa",
        "slug": "dong-ich",
        "name_with_type": "Xã Đồng Ích",
        "path": "Đồng Ích, Lập Thạch, Vĩnh Phúc",
        "path_with_type": "Xã Đồng Ích, Huyện Lập Thạch, Tỉnh Vĩnh Phúc",
        "code": "08839",
        "parent_code": "246"
    },
    "08842": {
        "name": "Tiên Lữ",
        "type": "xa",
        "slug": "tien-lu",
        "name_with_type": "Xã Tiên Lữ",
        "path": "Tiên Lữ, Lập Thạch, Vĩnh Phúc",
        "path_with_type": "Xã Tiên Lữ, Huyện Lập Thạch, Tỉnh Vĩnh Phúc",
        "code": "08842",
        "parent_code": "246"
    },
    "08845": {
        "name": "Văn Quán",
        "type": "xa",
        "slug": "van-quan",
        "name_with_type": "Xã Văn Quán",
        "path": "Văn Quán, Lập Thạch, Vĩnh Phúc",
        "path_with_type": "Xã Văn Quán, Huyện Lập Thạch, Tỉnh Vĩnh Phúc",
        "code": "08845",
        "parent_code": "246"
    },
    "08857": {
        "name": "Đình Chu",
        "type": "xa",
        "slug": "dinh-chu",
        "name_with_type": "Xã Đình Chu",
        "path": "Đình Chu, Lập Thạch, Vĩnh Phúc",
        "path_with_type": "Xã Đình Chu, Huyện Lập Thạch, Tỉnh Vĩnh Phúc",
        "code": "08857",
        "parent_code": "246"
    },
    "08863": {
        "name": "Triệu Đề",
        "type": "xa",
        "slug": "trieu-de",
        "name_with_type": "Xã Triệu Đề",
        "path": "Triệu Đề, Lập Thạch, Vĩnh Phúc",
        "path_with_type": "Xã Triệu Đề, Huyện Lập Thạch, Tỉnh Vĩnh Phúc",
        "code": "08863",
        "parent_code": "246"
    },
    "08866": {
        "name": "Sơn Đông",
        "type": "xa",
        "slug": "son-dong",
        "name_with_type": "Xã Sơn Đông",
        "path": "Sơn Đông, Lập Thạch, Vĩnh Phúc",
        "path_with_type": "Xã Sơn Đông, Huyện Lập Thạch, Tỉnh Vĩnh Phúc",
        "code": "08866",
        "parent_code": "246"
    }
}