{
    "09025": {
        "name": "Yên Lạc",
        "type": "thi-tran",
        "slug": "yen-lac",
        "name_with_type": "Thị trấn Yên Lạc",
        "path": "Yên Lạc, Yên Lạc, Vĩnh Phúc",
        "path_with_type": "Thị trấn Yên Lạc, Huyện Yên Lạc, Tỉnh Vĩnh Phúc",
        "code": "09025",
        "parent_code": "251"
    },
    "09028": {
        "name": "Đồng Cương",
        "type": "xa",
        "slug": "dong-cuong",
        "name_with_type": "Xã Đồng Cương",
        "path": "Đồng Cương, Yên Lạc, Vĩnh Phúc",
        "path_with_type": "Xã Đồng Cương, Huyện Yên Lạc, Tỉnh Vĩnh Phúc",
        "code": "09028",
        "parent_code": "251"
    },
    "09031": {
        "name": "Đồng Văn",
        "type": "xa",
        "slug": "dong-van",
        "name_with_type": "Xã Đồng Văn",
        "path": "Đồng Văn, Yên Lạc, Vĩnh Phúc",
        "path_with_type": "Xã Đồng Văn, Huyện Yên Lạc, Tỉnh Vĩnh Phúc",
        "code": "09031",
        "parent_code": "251"
    },
    "09034": {
        "name": "Bình Định",
        "type": "xa",
        "slug": "binh-dinh",
        "name_with_type": "Xã Bình Định",
        "path": "Bình Định, Yên Lạc, Vĩnh Phúc",
        "path_with_type": "Xã Bình Định, Huyện Yên Lạc, Tỉnh Vĩnh Phúc",
        "code": "09034",
        "parent_code": "251"
    },
    "09037": {
        "name": "Trung Nguyên",
        "type": "xa",
        "slug": "trung-nguyen",
        "name_with_type": "Xã Trung Nguyên",
        "path": "Trung Nguyên, Yên Lạc, Vĩnh Phúc",
        "path_with_type": "Xã Trung Nguyên, Huyện Yên Lạc, Tỉnh Vĩnh Phúc",
        "code": "09037",
        "parent_code": "251"
    },
    "09040": {
        "name": "Tề Lỗ",
        "type": "xa",
        "slug": "te-lo",
        "name_with_type": "Xã Tề Lỗ",
        "path": "Tề Lỗ, Yên Lạc, Vĩnh Phúc",
        "path_with_type": "Xã Tề Lỗ, Huyện Yên Lạc, Tỉnh Vĩnh Phúc",
        "code": "09040",
        "parent_code": "251"
    },
    "09043": {
        "name": "Tam Hồng",
        "type": "xa",
        "slug": "tam-hong",
        "name_with_type": "Xã Tam Hồng",
        "path": "Tam Hồng, Yên Lạc, Vĩnh Phúc",
        "path_with_type": "Xã Tam Hồng, Huyện Yên Lạc, Tỉnh Vĩnh Phúc",
        "code": "09043",
        "parent_code": "251"
    },
    "09046": {
        "name": "Yên Đồng",
        "type": "xa",
        "slug": "yen-dong",
        "name_with_type": "Xã Yên Đồng",
        "path": "Yên Đồng, Yên Lạc, Vĩnh Phúc",
        "path_with_type": "Xã Yên Đồng, Huyện Yên Lạc, Tỉnh Vĩnh Phúc",
        "code": "09046",
        "parent_code": "251"
    },
    "09049": {
        "name": "Văn Tiến",
        "type": "xa",
        "slug": "van-tien",
        "name_with_type": "Xã Văn Tiến",
        "path": "Văn Tiến, Yên Lạc, Vĩnh Phúc",
        "path_with_type": "Xã Văn Tiến, Huyện Yên Lạc, Tỉnh Vĩnh Phúc",
        "code": "09049",
        "parent_code": "251"
    },
    "09052": {
        "name": "Nguyệt Đức",
        "type": "xa",
        "slug": "nguyet-duc",
        "name_with_type": "Xã Nguyệt Đức",
        "path": "Nguyệt Đức, Yên Lạc, Vĩnh Phúc",
        "path_with_type": "Xã Nguyệt Đức, Huyện Yên Lạc, Tỉnh Vĩnh Phúc",
        "code": "09052",
        "parent_code": "251"
    },
    "09055": {
        "name": "Yên Phương",
        "type": "xa",
        "slug": "yen-phuong",
        "name_with_type": "Xã Yên Phương",
        "path": "Yên Phương, Yên Lạc, Vĩnh Phúc",
        "path_with_type": "Xã Yên Phương, Huyện Yên Lạc, Tỉnh Vĩnh Phúc",
        "code": "09055",
        "parent_code": "251"
    },
    "09058": {
        "name": "Hồng Phương",
        "type": "xa",
        "slug": "hong-phuong",
        "name_with_type": "Xã Hồng Phương",
        "path": "Hồng Phương, Yên Lạc, Vĩnh Phúc",
        "path_with_type": "Xã Hồng Phương, Huyện Yên Lạc, Tỉnh Vĩnh Phúc",
        "code": "09058",
        "parent_code": "251"
    },
    "09061": {
        "name": "Trung Kiên",
        "type": "xa",
        "slug": "trung-kien",
        "name_with_type": "Xã Trung Kiên",
        "path": "Trung Kiên, Yên Lạc, Vĩnh Phúc",
        "path_with_type": "Xã Trung Kiên, Huyện Yên Lạc, Tỉnh Vĩnh Phúc",
        "code": "09061",
        "parent_code": "251"
    },
    "09064": {
        "name": "Liên Châu",
        "type": "xa",
        "slug": "lien-chau",
        "name_with_type": "Xã Liên Châu",
        "path": "Liên Châu, Yên Lạc, Vĩnh Phúc",
        "path_with_type": "Xã Liên Châu, Huyện Yên Lạc, Tỉnh Vĩnh Phúc",
        "code": "09064",
        "parent_code": "251"
    },
    "09067": {
        "name": "Đại Tự",
        "type": "xa",
        "slug": "dai-tu",
        "name_with_type": "Xã Đại Tự",
        "path": "Đại Tự, Yên Lạc, Vĩnh Phúc",
        "path_with_type": "Xã Đại Tự, Huyện Yên Lạc, Tỉnh Vĩnh Phúc",
        "code": "09067",
        "parent_code": "251"
    },
    "09070": {
        "name": "Hồng Châu",
        "type": "xa",
        "slug": "hong-chau",
        "name_with_type": "Xã Hồng Châu",
        "path": "Hồng Châu, Yên Lạc, Vĩnh Phúc",
        "path_with_type": "Xã Hồng Châu, Huyện Yên Lạc, Tỉnh Vĩnh Phúc",
        "code": "09070",
        "parent_code": "251"
    },
    "09073": {
        "name": "Trung Hà",
        "type": "xa",
        "slug": "trung-ha",
        "name_with_type": "Xã Trung Hà",
        "path": "Trung Hà, Yên Lạc, Vĩnh Phúc",
        "path_with_type": "Xã Trung Hà, Huyện Yên Lạc, Tỉnh Vĩnh Phúc",
        "code": "09073",
        "parent_code": "251"
    }
}