{
    "09454": {
        "name": "Gia Bình",
        "type": "thi-tran",
        "slug": "gia-binh",
        "name_with_type": "Thị trấn Gia Bình",
        "path": "Gia Bình, Gia Bình, Bắc Ninh",
        "path_with_type": "Thị trấn Gia Bình, Huyện Gia Bình, Tỉnh Bắc Ninh",
        "code": "09454",
        "parent_code": "263"
    },
    "09457": {
        "name": "Vạn Ninh",
        "type": "xa",
        "slug": "van-ninh",
        "name_with_type": "Xã Vạn Ninh",
        "path": "Vạn Ninh, Gia Bình, Bắc Ninh",
        "path_with_type": "Xã Vạn Ninh, Huyện Gia Bình, Tỉnh Bắc Ninh",
        "code": "09457",
        "parent_code": "263"
    },
    "09460": {
        "name": "Thái Bảo",
        "type": "xa",
        "slug": "thai-bao",
        "name_with_type": "Xã Thái Bảo",
        "path": "Thái Bảo, Gia Bình, Bắc Ninh",
        "path_with_type": "Xã Thái Bảo, Huyện Gia Bình, Tỉnh Bắc Ninh",
        "code": "09460",
        "parent_code": "263"
    },
    "09463": {
        "name": "Giang Sơn",
        "type": "xa",
        "slug": "giang-son",
        "name_with_type": "Xã Giang Sơn",
        "path": "Giang Sơn, Gia Bình, Bắc Ninh",
        "path_with_type": "Xã Giang Sơn, Huyện Gia Bình, Tỉnh Bắc Ninh",
        "code": "09463",
        "parent_code": "263"
    },
    "09466": {
        "name": "Cao Đức",
        "type": "xa",
        "slug": "cao-duc",
        "name_with_type": "Xã Cao Đức",
        "path": "Cao Đức, Gia Bình, Bắc Ninh",
        "path_with_type": "Xã Cao Đức, Huyện Gia Bình, Tỉnh Bắc Ninh",
        "code": "09466",
        "parent_code": "263"
    },
    "09469": {
        "name": "Đại Lai",
        "type": "xa",
        "slug": "dai-lai",
        "name_with_type": "Xã Đại Lai",
        "path": "Đại Lai, Gia Bình, Bắc Ninh",
        "path_with_type": "Xã Đại Lai, Huyện Gia Bình, Tỉnh Bắc Ninh",
        "code": "09469",
        "parent_code": "263"
    },
    "09472": {
        "name": "Song Giang",
        "type": "xa",
        "slug": "song-giang",
        "name_with_type": "Xã Song Giang",
        "path": "Song Giang, Gia Bình, Bắc Ninh",
        "path_with_type": "Xã Song Giang, Huyện Gia Bình, Tỉnh Bắc Ninh",
        "code": "09472",
        "parent_code": "263"
    },
    "09475": {
        "name": "Bình Dương",
        "type": "xa",
        "slug": "binh-duong",
        "name_with_type": "Xã Bình Dương",
        "path": "Bình Dương, Gia Bình, Bắc Ninh",
        "path_with_type": "Xã Bình Dương, Huyện Gia Bình, Tỉnh Bắc Ninh",
        "code": "09475",
        "parent_code": "263"
    },
    "09478": {
        "name": "Lãng Ngâm",
        "type": "xa",
        "slug": "lang-ngam",
        "name_with_type": "Xã Lãng Ngâm",
        "path": "Lãng Ngâm, Gia Bình, Bắc Ninh",
        "path_with_type": "Xã Lãng Ngâm, Huyện Gia Bình, Tỉnh Bắc Ninh",
        "code": "09478",
        "parent_code": "263"
    },
    "09481": {
        "name": "Nhân Thắng",
        "type": "xa",
        "slug": "nhan-thang",
        "name_with_type": "Xã Nhân Thắng",
        "path": "Nhân Thắng, Gia Bình, Bắc Ninh",
        "path_with_type": "Xã Nhân Thắng, Huyện Gia Bình, Tỉnh Bắc Ninh",
        "code": "09481",
        "parent_code": "263"
    },
    "09484": {
        "name": "Xuân Lai",
        "type": "xa",
        "slug": "xuan-lai",
        "name_with_type": "Xã Xuân Lai",
        "path": "Xuân Lai, Gia Bình, Bắc Ninh",
        "path_with_type": "Xã Xuân Lai, Huyện Gia Bình, Tỉnh Bắc Ninh",
        "code": "09484",
        "parent_code": "263"
    },
    "09487": {
        "name": "Đông Cứu",
        "type": "xa",
        "slug": "dong-cuu",
        "name_with_type": "Xã Đông Cứu",
        "path": "Đông Cứu, Gia Bình, Bắc Ninh",
        "path_with_type": "Xã Đông Cứu, Huyện Gia Bình, Tỉnh Bắc Ninh",
        "code": "09487",
        "parent_code": "263"
    },
    "09490": {
        "name": "Đại Bái",
        "type": "xa",
        "slug": "dai-bai",
        "name_with_type": "Xã Đại Bái",
        "path": "Đại Bái, Gia Bình, Bắc Ninh",
        "path_with_type": "Xã Đại Bái, Huyện Gia Bình, Tỉnh Bắc Ninh",
        "code": "09490",
        "parent_code": "263"
    },
    "09493": {
        "name": "Quỳnh Phú",
        "type": "xa",
        "slug": "quynh-phu",
        "name_with_type": "Xã Quỳnh Phú",
        "path": "Quỳnh Phú, Gia Bình, Bắc Ninh",
        "path_with_type": "Xã Quỳnh Phú, Huyện Gia Bình, Tỉnh Bắc Ninh",
        "code": "09493",
        "parent_code": "263"
    }
}