{
    "09538": {
        "name": "Nguyễn Trãi",
        "type": "phuong",
        "slug": "nguyen-trai",
        "name_with_type": "Phường Nguyễn Trãi",
        "path": "Nguyễn Trãi, Hà Đông, Hà Nội",
        "path_with_type": "Phường Nguyễn Trãi, Quận Hà Đông, Thành phố Hà Nội",
        "code": "09538",
        "parent_code": "268"
    },
    "09541": {
        "name": "Mộ Lao",
        "type": "phuong",
        "slug": "mo-lao",
        "name_with_type": "Phường Mộ Lao",
        "path": "Mộ Lao, Hà Đông, Hà Nội",
        "path_with_type": "Phường Mộ Lao, Quận Hà Đông, Thành phố Hà Nội",
        "code": "09541",
        "parent_code": "268"
    },
    "09542": {
        "name": "Văn Quán",
        "type": "phuong",
        "slug": "van-quan",
        "name_with_type": "Phường Văn Quán",
        "path": "Văn Quán, Hà Đông, Hà Nội",
        "path_with_type": "Phường Văn Quán, Quận Hà Đông, Thành phố Hà Nội",
        "code": "09542",
        "parent_code": "268"
    },
    "09544": {
        "name": "Vạn Phúc",
        "type": "phuong",
        "slug": "van-phuc",
        "name_with_type": "Phường Vạn Phúc",
        "path": "Vạn Phúc, Hà Đông, Hà Nội",
        "path_with_type": "Phường Vạn Phúc, Quận Hà Đông, Thành phố Hà Nội",
        "code": "09544",
        "parent_code": "268"
    },
    "09547": {
        "name": "Yết Kiêu",
        "type": "phuong",
        "slug": "yet-kieu",
        "name_with_type": "Phường Yết Kiêu",
        "path": "Yết Kiêu, Hà Đông, Hà Nội",
        "path_with_type": "Phường Yết Kiêu, Quận Hà Đông, Thành phố Hà Nội",
        "code": "09547",
        "parent_code": "268"
    },
    "09550": {
        "name": "Quang Trung",
        "type": "phuong",
        "slug": "quang-trung",
        "name_with_type": "Phường Quang Trung",
        "path": "Quang Trung, Hà Đông, Hà Nội",
        "path_with_type": "Phường Quang Trung, Quận Hà Đông, Thành phố Hà Nội",
        "code": "09550",
        "parent_code": "268"
    },
    "09551": {
        "name": "La Khê",
        "type": "phuong",
        "slug": "la-khe",
        "name_with_type": "Phường La Khê",
        "path": "La Khê, Hà Đông, Hà Nội",
        "path_with_type": "Phường La Khê, Quận Hà Đông, Thành phố Hà Nội",
        "code": "09551",
        "parent_code": "268"
    },
    "09552": {
        "name": "Phú La",
        "type": "phuong",
        "slug": "phu-la",
        "name_with_type": "Phường Phú La",
        "path": "Phú La, Hà Đông, Hà Nội",
        "path_with_type": "Phường Phú La, Quận Hà Đông, Thành phố Hà Nội",
        "code": "09552",
        "parent_code": "268"
    },
    "09553": {
        "name": "Phúc La",
        "type": "phuong",
        "slug": "phuc-la",
        "name_with_type": "Phường Phúc La",
        "path": "Phúc La, Hà Đông, Hà Nội",
        "path_with_type": "Phường Phúc La, Quận Hà Đông, Thành phố Hà Nội",
        "code": "09553",
        "parent_code": "268"
    },
    "09556": {
        "name": "Hà Cầu",
        "type": "phuong",
        "slug": "ha-cau",
        "name_with_type": "Phường Hà Cầu",
        "path": "Hà Cầu, Hà Đông, Hà Nội",
        "path_with_type": "Phường Hà Cầu, Quận Hà Đông, Thành phố Hà Nội",
        "code": "09556",
        "parent_code": "268"
    },
    "09562": {
        "name": "Yên Nghĩa",
        "type": "phuong",
        "slug": "yen-nghia",
        "name_with_type": "Phường Yên Nghĩa",
        "path": "Yên Nghĩa, Hà Đông, Hà Nội",
        "path_with_type": "Phường Yên Nghĩa, Quận Hà Đông, Thành phố Hà Nội",
        "code": "09562",
        "parent_code": "268"
    },
    "09565": {
        "name": "Kiến Hưng",
        "type": "phuong",
        "slug": "kien-hung",
        "name_with_type": "Phường Kiến Hưng",
        "path": "Kiến Hưng, Hà Đông, Hà Nội",
        "path_with_type": "Phường Kiến Hưng, Quận Hà Đông, Thành phố Hà Nội",
        "code": "09565",
        "parent_code": "268"
    },
    "09568": {
        "name": "Phú Lãm",
        "type": "phuong",
        "slug": "phu-lam",
        "name_with_type": "Phường Phú Lãm",
        "path": "Phú Lãm, Hà Đông, Hà Nội",
        "path_with_type": "Phường Phú Lãm, Quận Hà Đông, Thành phố Hà Nội",
        "code": "09568",
        "parent_code": "268"
    },
    "09571": {
        "name": "Phú Lương",
        "type": "phuong",
        "slug": "phu-luong",
        "name_with_type": "Phường Phú Lương",
        "path": "Phú Lương, Hà Đông, Hà Nội",
        "path_with_type": "Phường Phú Lương, Quận Hà Đông, Thành phố Hà Nội",
        "code": "09571",
        "parent_code": "268"
    },
    "09886": {
        "name": "Dương Nội",
        "type": "phuong",
        "slug": "duong-noi",
        "name_with_type": "Phường Dương Nội",
        "path": "Dương Nội, Hà Đông, Hà Nội",
        "path_with_type": "Phường Dương Nội, Quận Hà Đông, Thành phố Hà Nội",
        "code": "09886",
        "parent_code": "268"
    },
    "10117": {
        "name": "Đồng Mai",
        "type": "phuong",
        "slug": "dong-mai",
        "name_with_type": "Phường Đồng Mai",
        "path": "Đồng Mai, Hà Đông, Hà Nội",
        "path_with_type": "Phường Đồng Mai, Quận Hà Đông, Thành phố Hà Nội",
        "code": "10117",
        "parent_code": "268"
    },
    "10123": {
        "name": "Biên Giang",
        "type": "phuong",
        "slug": "bien-giang",
        "name_with_type": "Phường Biên Giang",
        "path": "Biên Giang, Hà Đông, Hà Nội",
        "path_with_type": "Phường Biên Giang, Quận Hà Đông, Thành phố Hà Nội",
        "code": "10123",
        "parent_code": "268"
    }
}