{
    "09574": {
        "name": "Lê Lợi",
        "type": "phuong",
        "slug": "le-loi",
        "name_with_type": "Phường Lê Lợi",
        "path": "Lê Lợi, Sơn Tây, Hà Nội",
        "path_with_type": "Phường Lê Lợi, Thị xã Sơn Tây, Thành phố Hà Nội",
        "code": "09574",
        "parent_code": "269"
    },
    "09577": {
        "name": "Phú Thịnh",
        "type": "phuong",
        "slug": "phu-thinh",
        "name_with_type": "Phường Phú Thịnh",
        "path": "Phú Thịnh, Sơn Tây, Hà Nội",
        "path_with_type": "Phường Phú Thịnh, Thị xã Sơn Tây, Thành phố Hà Nội",
        "code": "09577",
        "parent_code": "269"
    },
    "09580": {
        "name": "Ngô Quyền",
        "type": "phuong",
        "slug": "ngo-quyen",
        "name_with_type": "Phường Ngô Quyền",
        "path": "Ngô Quyền, Sơn Tây, Hà Nội",
        "path_with_type": "Phường Ngô Quyền, Thị xã Sơn Tây, Thành phố Hà Nội",
        "code": "09580",
        "parent_code": "269"
    },
    "09583": {
        "name": "Quang Trung",
        "type": "phuong",
        "slug": "quang-trung",
        "name_with_type": "Phường Quang Trung",
        "path": "Quang Trung, Sơn Tây, Hà Nội",
        "path_with_type": "Phường Quang Trung, Thị xã Sơn Tây, Thành phố Hà Nội",
        "code": "09583",
        "parent_code": "269"
    },
    "09586": {
        "name": "Sơn Lộc",
        "type": "phuong",
        "slug": "son-loc",
        "name_with_type": "Phường Sơn Lộc",
        "path": "Sơn Lộc, Sơn Tây, Hà Nội",
        "path_with_type": "Phường Sơn Lộc, Thị xã Sơn Tây, Thành phố Hà Nội",
        "code": "09586",
        "parent_code": "269"
    },
    "09589": {
        "name": "Xuân Khanh",
        "type": "phuong",
        "slug": "xuan-khanh",
        "name_with_type": "Phường Xuân Khanh",
        "path": "Xuân Khanh, Sơn Tây, Hà Nội",
        "path_with_type": "Phường Xuân Khanh, Thị xã Sơn Tây, Thành phố Hà Nội",
        "code": "09589",
        "parent_code": "269"
    },
    "09592": {
        "name": "Đường Lâm",
        "type": "xa",
        "slug": "duong-lam",
        "name_with_type": "Xã Đường Lâm",
        "path": "Đường Lâm, Sơn Tây, Hà Nội",
        "path_with_type": "Xã Đường Lâm, Thị xã Sơn Tây, Thành phố Hà Nội",
        "code": "09592",
        "parent_code": "269"
    },
    "09595": {
        "name": "Viên Sơn",
        "type": "phuong",
        "slug": "vien-son",
        "name_with_type": "Phường Viên Sơn",
        "path": "Viên Sơn, Sơn Tây, Hà Nội",
        "path_with_type": "Phường Viên Sơn, Thị xã Sơn Tây, Thành phố Hà Nội",
        "code": "09595",
        "parent_code": "269"
    },
    "09598": {
        "name": "Xuân Sơn",
        "type": "xa",
        "slug": "xuan-son",
        "name_with_type": "Xã Xuân Sơn",
        "path": "Xuân Sơn, Sơn Tây, Hà Nội",
        "path_with_type": "Xã Xuân Sơn, Thị xã Sơn Tây, Thành phố Hà Nội",
        "code": "09598",
        "parent_code": "269"
    },
    "09601": {
        "name": "Trung Hưng",
        "type": "phuong",
        "slug": "trung-hung",
        "name_with_type": "Phường Trung Hưng",
        "path": "Trung Hưng, Sơn Tây, Hà Nội",
        "path_with_type": "Phường Trung Hưng, Thị xã Sơn Tây, Thành phố Hà Nội",
        "code": "09601",
        "parent_code": "269"
    },
    "09604": {
        "name": "Thanh Mỹ",
        "type": "xa",
        "slug": "thanh-my",
        "name_with_type": "Xã Thanh Mỹ",
        "path": "Thanh Mỹ, Sơn Tây, Hà Nội",
        "path_with_type": "Xã Thanh Mỹ, Thị xã Sơn Tây, Thành phố Hà Nội",
        "code": "09604",
        "parent_code": "269"
    },
    "09607": {
        "name": "Trung Sơn Trầm",
        "type": "phuong",
        "slug": "trung-son-tram",
        "name_with_type": "Phường Trung Sơn Trầm",
        "path": "Trung Sơn Trầm, Sơn Tây, Hà Nội",
        "path_with_type": "Phường Trung Sơn Trầm, Thị xã Sơn Tây, Thành phố Hà Nội",
        "code": "09607",
        "parent_code": "269"
    },
    "09610": {
        "name": "Kim Sơn",
        "type": "xa",
        "slug": "kim-son",
        "name_with_type": "Xã Kim Sơn",
        "path": "Kim Sơn, Sơn Tây, Hà Nội",
        "path_with_type": "Xã Kim Sơn, Thị xã Sơn Tây, Thành phố Hà Nội",
        "code": "09610",
        "parent_code": "269"
    },
    "09613": {
        "name": "Sơn Đông",
        "type": "xa",
        "slug": "son-dong",
        "name_with_type": "Xã Sơn Đông",
        "path": "Sơn Đông, Sơn Tây, Hà Nội",
        "path_with_type": "Xã Sơn Đông, Thị xã Sơn Tây, Thành phố Hà Nội",
        "code": "09613",
        "parent_code": "269"
    },
    "09616": {
        "name": "Cổ Đông",
        "type": "xa",
        "slug": "co-dong",
        "name_with_type": "Xã Cổ Đông",
        "path": "Cổ Đông, Sơn Tây, Hà Nội",
        "path_with_type": "Xã Cổ Đông, Thị xã Sơn Tây, Thành phố Hà Nội",
        "code": "09616",
        "parent_code": "269"
    }
}