{
    "09619": {
        "name": "Tây Đằng",
        "type": "thi-tran",
        "slug": "tay-dang",
        "name_with_type": "Thị trấn Tây Đằng",
        "path": "Tây Đằng, Ba Vì, Hà Nội",
        "path_with_type": "Thị trấn Tây Đằng, Huyện Ba Vì, Thành phố Hà Nội",
        "code": "09619",
        "parent_code": "271"
    },
    "09625": {
        "name": "Phú Cường",
        "type": "xa",
        "slug": "phu-cuong",
        "name_with_type": "Xã Phú Cường",
        "path": "Phú Cường, Ba Vì, Hà Nội",
        "path_with_type": "Xã Phú Cường, Huyện Ba Vì, Thành phố Hà Nội",
        "code": "09625",
        "parent_code": "271"
    },
    "09628": {
        "name": "Cổ Đô",
        "type": "xa",
        "slug": "co-do",
        "name_with_type": "Xã Cổ Đô",
        "path": "Cổ Đô, Ba Vì, Hà Nội",
        "path_with_type": "Xã Cổ Đô, Huyện Ba Vì, Thành phố Hà Nội",
        "code": "09628",
        "parent_code": "271"
    },
    "09631": {
        "name": "Tản Hồng",
        "type": "xa",
        "slug": "tan-hong",
        "name_with_type": "Xã Tản Hồng",
        "path": "Tản Hồng, Ba Vì, Hà Nội",
        "path_with_type": "Xã Tản Hồng, Huyện Ba Vì, Thành phố Hà Nội",
        "code": "09631",
        "parent_code": "271"
    },
    "09634": {
        "name": "Vạn Thắng",
        "type": "xa",
        "slug": "van-thang",
        "name_with_type": "Xã Vạn Thắng",
        "path": "Vạn Thắng, Ba Vì, Hà Nội",
        "path_with_type": "Xã Vạn Thắng, Huyện Ba Vì, Thành phố Hà Nội",
        "code": "09634",
        "parent_code": "271"
    },
    "09637": {
        "name": "Châu Sơn",
        "type": "xa",
        "slug": "chau-son",
        "name_with_type": "Xã Châu Sơn",
        "path": "Châu Sơn, Ba Vì, Hà Nội",
        "path_with_type": "Xã Châu Sơn, Huyện Ba Vì, Thành phố Hà Nội",
        "code": "09637",
        "parent_code": "271"
    },
    "09640": {
        "name": "Phong Vân",
        "type": "xa",
        "slug": "phong-van",
        "name_with_type": "Xã Phong Vân",
        "path": "Phong Vân, Ba Vì, Hà Nội",
        "path_with_type": "Xã Phong Vân, Huyện Ba Vì, Thành phố Hà Nội",
        "code": "09640",
        "parent_code": "271"
    },
    "09643": {
        "name": "Phú Đông",
        "type": "xa",
        "slug": "phu-dong",
        "name_with_type": "Xã Phú Đông",
        "path": "Phú Đông, Ba Vì, Hà Nội",
        "path_with_type": "Xã Phú Đông, Huyện Ba Vì, Thành phố Hà Nội",
        "code": "09643",
        "parent_code": "271"
    },
    "09646": {
        "name": "Phú Phương",
        "type": "xa",
        "slug": "phu-phuong",
        "name_with_type": "Xã Phú Phương",
        "path": "Phú Phương, Ba Vì, Hà Nội",
        "path_with_type": "Xã Phú Phương, Huyện Ba Vì, Thành phố Hà Nội",
        "code": "09646",
        "parent_code": "271"
    },
    "09649": {
        "name": "Phú Châu",
        "type": "xa",
        "slug": "phu-chau",
        "name_with_type": "Xã Phú Châu",
        "path": "Phú Châu, Ba Vì, Hà Nội",
        "path_with_type": "Xã Phú Châu, Huyện Ba Vì, Thành phố Hà Nội",
        "code": "09649",
        "parent_code": "271"
    },
    "09652": {
        "name": "Thái Hòa",
        "type": "xa",
        "slug": "thai-hoa",
        "name_with_type": "Xã Thái Hòa",
        "path": "Thái Hòa, Ba Vì, Hà Nội",
        "path_with_type": "Xã Thái Hòa, Huyện Ba Vì, Thành phố Hà Nội",
        "code": "09652",
        "parent_code": "271"
    },
    "09655": {
        "name": "Đồng Thái",
        "type": "xa",
        "slug": "dong-thai",
        "name_with_type": "Xã Đồng Thái",
        "path": "Đồng Thái, Ba Vì, Hà Nội",
        "path_with_type": "Xã Đồng Thái, Huyện Ba Vì, Thành phố Hà Nội",
        "code": "09655",
        "parent_code": "271"
    },
    "09658": {
        "name": "Phú Sơn",
        "type": "xa",
        "slug": "phu-son",
        "name_with_type": "Xã Phú Sơn",
        "path": "Phú Sơn, Ba Vì, Hà Nội",
        "path_with_type": "Xã Phú Sơn, Huyện Ba Vì, Thành phố Hà Nội",
        "code": "09658",
        "parent_code": "271"
    },
    "09661": {
        "name": "Minh Châu",
        "type": "xa",
        "slug": "minh-chau",
        "name_with_type": "Xã Minh Châu",
        "path": "Minh Châu, Ba Vì, Hà Nội",
        "path_with_type": "Xã Minh Châu, Huyện Ba Vì, Thành phố Hà Nội",
        "code": "09661",
        "parent_code": "271"
    },
    "09664": {
        "name": "Vật Lại",
        "type": "xa",
        "slug": "vat-lai",
        "name_with_type": "Xã Vật Lại",
        "path": "Vật Lại, Ba Vì, Hà Nội",
        "path_with_type": "Xã Vật Lại, Huyện Ba Vì, Thành phố Hà Nội",
        "code": "09664",
        "parent_code": "271"
    },
    "09667": {
        "name": "Chu Minh",
        "type": "xa",
        "slug": "chu-minh",
        "name_with_type": "Xã Chu Minh",
        "path": "Chu Minh, Ba Vì, Hà Nội",
        "path_with_type": "Xã Chu Minh, Huyện Ba Vì, Thành phố Hà Nội",
        "code": "09667",
        "parent_code": "271"
    },
    "09670": {
        "name": "Tòng Bạt",
        "type": "xa",
        "slug": "tong-bat",
        "name_with_type": "Xã Tòng Bạt",
        "path": "Tòng Bạt, Ba Vì, Hà Nội",
        "path_with_type": "Xã Tòng Bạt, Huyện Ba Vì, Thành phố Hà Nội",
        "code": "09670",
        "parent_code": "271"
    },
    "09673": {
        "name": "Cẩm Lĩnh",
        "type": "xa",
        "slug": "cam-linh",
        "name_with_type": "Xã Cẩm Lĩnh",
        "path": "Cẩm Lĩnh, Ba Vì, Hà Nội",
        "path_with_type": "Xã Cẩm Lĩnh, Huyện Ba Vì, Thành phố Hà Nội",
        "code": "09673",
        "parent_code": "271"
    },
    "09676": {
        "name": "Sơn Đà",
        "type": "xa",
        "slug": "son-da",
        "name_with_type": "Xã Sơn Đà",
        "path": "Sơn Đà, Ba Vì, Hà Nội",
        "path_with_type": "Xã Sơn Đà, Huyện Ba Vì, Thành phố Hà Nội",
        "code": "09676",
        "parent_code": "271"
    },
    "09679": {
        "name": "Đông Quang",
        "type": "xa",
        "slug": "dong-quang",
        "name_with_type": "Xã Đông Quang",
        "path": "Đông Quang, Ba Vì, Hà Nội",
        "path_with_type": "Xã Đông Quang, Huyện Ba Vì, Thành phố Hà Nội",
        "code": "09679",
        "parent_code": "271"
    },
    "09682": {
        "name": "Tiên Phong",
        "type": "xa",
        "slug": "tien-phong",
        "name_with_type": "Xã Tiên Phong",
        "path": "Tiên Phong, Ba Vì, Hà Nội",
        "path_with_type": "Xã Tiên Phong, Huyện Ba Vì, Thành phố Hà Nội",
        "code": "09682",
        "parent_code": "271"
    },
    "09685": {
        "name": "Thụy An",
        "type": "xa",
        "slug": "thuy-an",
        "name_with_type": "Xã Thụy An",
        "path": "Thụy An, Ba Vì, Hà Nội",
        "path_with_type": "Xã Thụy An, Huyện Ba Vì, Thành phố Hà Nội",
        "code": "09685",
        "parent_code": "271"
    },
    "09688": {
        "name": "Cam Thượng",
        "type": "xa",
        "slug": "cam-thuong",
        "name_with_type": "Xã Cam Thượng",
        "path": "Cam Thượng, Ba Vì, Hà Nội",
        "path_with_type": "Xã Cam Thượng, Huyện Ba Vì, Thành phố Hà Nội",
        "code": "09688",
        "parent_code": "271"
    },
    "09691": {
        "name": "Thuần Mỹ",
        "type": "xa",
        "slug": "thuan-my",
        "name_with_type": "Xã Thuần Mỹ",
        "path": "Thuần Mỹ, Ba Vì, Hà Nội",
        "path_with_type": "Xã Thuần Mỹ, Huyện Ba Vì, Thành phố Hà Nội",
        "code": "09691",
        "parent_code": "271"
    },
    "09694": {
        "name": "Tản Lĩnh",
        "type": "xa",
        "slug": "tan-linh",
        "name_with_type": "Xã Tản Lĩnh",
        "path": "Tản Lĩnh, Ba Vì, Hà Nội",
        "path_with_type": "Xã Tản Lĩnh, Huyện Ba Vì, Thành phố Hà Nội",
        "code": "09694",
        "parent_code": "271"
    },
    "09697": {
        "name": "Ba Trại",
        "type": "xa",
        "slug": "ba-trai",
        "name_with_type": "Xã Ba Trại",
        "path": "Ba Trại, Ba Vì, Hà Nội",
        "path_with_type": "Xã Ba Trại, Huyện Ba Vì, Thành phố Hà Nội",
        "code": "09697",
        "parent_code": "271"
    },
    "09700": {
        "name": "Minh Quang",
        "type": "xa",
        "slug": "minh-quang",
        "name_with_type": "Xã Minh Quang",
        "path": "Minh Quang, Ba Vì, Hà Nội",
        "path_with_type": "Xã Minh Quang, Huyện Ba Vì, Thành phố Hà Nội",
        "code": "09700",
        "parent_code": "271"
    },
    "09703": {
        "name": "Ba Vì",
        "type": "xa",
        "slug": "ba-vi",
        "name_with_type": "Xã Ba Vì",
        "path": "Ba Vì, Ba Vì, Hà Nội",
        "path_with_type": "Xã Ba Vì, Huyện Ba Vì, Thành phố Hà Nội",
        "code": "09703",
        "parent_code": "271"
    },
    "09706": {
        "name": "Vân Hòa",
        "type": "xa",
        "slug": "van-hoa",
        "name_with_type": "Xã Vân Hòa",
        "path": "Vân Hòa, Ba Vì, Hà Nội",
        "path_with_type": "Xã Vân Hòa, Huyện Ba Vì, Thành phố Hà Nội",
        "code": "09706",
        "parent_code": "271"
    },
    "09709": {
        "name": "Yên Bài",
        "type": "xa",
        "slug": "yen-bai",
        "name_with_type": "Xã Yên Bài",
        "path": "Yên Bài, Ba Vì, Hà Nội",
        "path_with_type": "Xã Yên Bài, Huyện Ba Vì, Thành phố Hà Nội",
        "code": "09709",
        "parent_code": "271"
    },
    "09712": {
        "name": "Khánh Thượng",
        "type": "xa",
        "slug": "khanh-thuong",
        "name_with_type": "Xã Khánh Thượng",
        "path": "Khánh Thượng, Ba Vì, Hà Nội",
        "path_with_type": "Xã Khánh Thượng, Huyện Ba Vì, Thành phố Hà Nội",
        "code": "09712",
        "parent_code": "271"
    }
}