{
    "10015": {
        "name": "Chúc Sơn",
        "type": "thi-tran",
        "slug": "chuc-son",
        "name_with_type": "Thị trấn Chúc Sơn",
        "path": "Chúc Sơn, Chương Mỹ, Hà Nội",
        "path_with_type": "Thị trấn Chúc Sơn, Huyện Chương Mỹ, Thành phố Hà Nội",
        "code": "10015",
        "parent_code": "277"
    },
    "10018": {
        "name": "Xuân Mai",
        "type": "thi-tran",
        "slug": "xuan-mai",
        "name_with_type": "Thị trấn Xuân Mai",
        "path": "Xuân Mai, Chương Mỹ, Hà Nội",
        "path_with_type": "Thị trấn Xuân Mai, Huyện Chương Mỹ, Thành phố Hà Nội",
        "code": "10018",
        "parent_code": "277"
    },
    "10021": {
        "name": "Phụng Châu",
        "type": "xa",
        "slug": "phung-chau",
        "name_with_type": "Xã Phụng Châu",
        "path": "Phụng Châu, Chương Mỹ, Hà Nội",
        "path_with_type": "Xã Phụng Châu, Huyện Chương Mỹ, Thành phố Hà Nội",
        "code": "10021",
        "parent_code": "277"
    },
    "10024": {
        "name": "Tiên Phương",
        "type": "xa",
        "slug": "tien-phuong",
        "name_with_type": "Xã Tiên Phương",
        "path": "Tiên Phương, Chương Mỹ, Hà Nội",
        "path_with_type": "Xã Tiên Phương, Huyện Chương Mỹ, Thành phố Hà Nội",
        "code": "10024",
        "parent_code": "277"
    },
    "10027": {
        "name": "Đông Sơn",
        "type": "xa",
        "slug": "dong-son",
        "name_with_type": "Xã Đông Sơn",
        "path": "Đông Sơn, Chương Mỹ, Hà Nội",
        "path_with_type": "Xã Đông Sơn, Huyện Chương Mỹ, Thành phố Hà Nội",
        "code": "10027",
        "parent_code": "277"
    },
    "10030": {
        "name": "Đông Phương Yên",
        "type": "xa",
        "slug": "dong-phuong-yen",
        "name_with_type": "Xã Đông Phương Yên",
        "path": "Đông Phương Yên, Chương Mỹ, Hà Nội",
        "path_with_type": "Xã Đông Phương Yên, Huyện Chương Mỹ, Thành phố Hà Nội",
        "code": "10030",
        "parent_code": "277"
    },
    "10033": {
        "name": "Phú Nghĩa",
        "type": "xa",
        "slug": "phu-nghia",
        "name_with_type": "Xã Phú Nghĩa",
        "path": "Phú Nghĩa, Chương Mỹ, Hà Nội",
        "path_with_type": "Xã Phú Nghĩa, Huyện Chương Mỹ, Thành phố Hà Nội",
        "code": "10033",
        "parent_code": "277"
    },
    "10039": {
        "name": "Trường Yên",
        "type": "xa",
        "slug": "truong-yen",
        "name_with_type": "Xã Trường Yên",
        "path": "Trường Yên, Chương Mỹ, Hà Nội",
        "path_with_type": "Xã Trường Yên, Huyện Chương Mỹ, Thành phố Hà Nội",
        "code": "10039",
        "parent_code": "277"
    },
    "10042": {
        "name": "Ngọc Hòa",
        "type": "xa",
        "slug": "ngoc-hoa",
        "name_with_type": "Xã Ngọc Hòa",
        "path": "Ngọc Hòa, Chương Mỹ, Hà Nội",
        "path_with_type": "Xã Ngọc Hòa, Huyện Chương Mỹ, Thành phố Hà Nội",
        "code": "10042",
        "parent_code": "277"
    },
    "10045": {
        "name": "Thủy Xuân Tiên",
        "type": "xa",
        "slug": "thuy-xuan-tien",
        "name_with_type": "Xã Thủy Xuân Tiên",
        "path": "Thủy Xuân Tiên, Chương Mỹ, Hà Nội",
        "path_with_type": "Xã Thủy Xuân Tiên, Huyện Chương Mỹ, Thành phố Hà Nội",
        "code": "10045",
        "parent_code": "277"
    },
    "10048": {
        "name": "Thanh Bình",
        "type": "xa",
        "slug": "thanh-binh",
        "name_with_type": "Xã Thanh Bình",
        "path": "Thanh Bình, Chương Mỹ, Hà Nội",
        "path_with_type": "Xã Thanh Bình, Huyện Chương Mỹ, Thành phố Hà Nội",
        "code": "10048",
        "parent_code": "277"
    },
    "10051": {
        "name": "Trung Hòa",
        "type": "xa",
        "slug": "trung-hoa",
        "name_with_type": "Xã Trung Hòa",
        "path": "Trung Hòa, Chương Mỹ, Hà Nội",
        "path_with_type": "Xã Trung Hòa, Huyện Chương Mỹ, Thành phố Hà Nội",
        "code": "10051",
        "parent_code": "277"
    },
    "10054": {
        "name": "Đại Yên",
        "type": "xa",
        "slug": "dai-yen",
        "name_with_type": "Xã Đại Yên",
        "path": "Đại Yên, Chương Mỹ, Hà Nội",
        "path_with_type": "Xã Đại Yên, Huyện Chương Mỹ, Thành phố Hà Nội",
        "code": "10054",
        "parent_code": "277"
    },
    "10057": {
        "name": "Thụy Hương",
        "type": "xa",
        "slug": "thuy-huong",
        "name_with_type": "Xã Thụy Hương",
        "path": "Thụy Hương, Chương Mỹ, Hà Nội",
        "path_with_type": "Xã Thụy Hương, Huyện Chương Mỹ, Thành phố Hà Nội",
        "code": "10057",
        "parent_code": "277"
    },
    "10060": {
        "name": "Tốt Động",
        "type": "xa",
        "slug": "tot-dong",
        "name_with_type": "Xã Tốt Động",
        "path": "Tốt Động, Chương Mỹ, Hà Nội",
        "path_with_type": "Xã Tốt Động, Huyện Chương Mỹ, Thành phố Hà Nội",
        "code": "10060",
        "parent_code": "277"
    },
    "10063": {
        "name": "Lam Điền",
        "type": "xa",
        "slug": "lam-dien",
        "name_with_type": "Xã Lam Điền",
        "path": "Lam Điền, Chương Mỹ, Hà Nội",
        "path_with_type": "Xã Lam Điền, Huyện Chương Mỹ, Thành phố Hà Nội",
        "code": "10063",
        "parent_code": "277"
    },
    "10066": {
        "name": "Tân Tiến",
        "type": "xa",
        "slug": "tan-tien",
        "name_with_type": "Xã Tân Tiến",
        "path": "Tân Tiến, Chương Mỹ, Hà Nội",
        "path_with_type": "Xã Tân Tiến, Huyện Chương Mỹ, Thành phố Hà Nội",
        "code": "10066",
        "parent_code": "277"
    },
    "10069": {
        "name": "Nam Phương Tiến",
        "type": "xa",
        "slug": "nam-phuong-tien",
        "name_with_type": "Xã Nam Phương Tiến",
        "path": "Nam Phương Tiến, Chương Mỹ, Hà Nội",
        "path_with_type": "Xã Nam Phương Tiến, Huyện Chương Mỹ, Thành phố Hà Nội",
        "code": "10069",
        "parent_code": "277"
    },
    "10072": {
        "name": "Hợp Đồng",
        "type": "xa",
        "slug": "hop-dong",
        "name_with_type": "Xã Hợp Đồng",
        "path": "Hợp Đồng, Chương Mỹ, Hà Nội",
        "path_with_type": "Xã Hợp Đồng, Huyện Chương Mỹ, Thành phố Hà Nội",
        "code": "10072",
        "parent_code": "277"
    },
    "10075": {
        "name": "Hoàng Văn Thụ",
        "type": "xa",
        "slug": "hoang-van-thu",
        "name_with_type": "Xã Hoàng Văn Thụ",
        "path": "Hoàng Văn Thụ, Chương Mỹ, Hà Nội",
        "path_with_type": "Xã Hoàng Văn Thụ, Huyện Chương Mỹ, Thành phố Hà Nội",
        "code": "10075",
        "parent_code": "277"
    },
    "10078": {
        "name": "Hoàng Diệu",
        "type": "xa",
        "slug": "hoang-dieu",
        "name_with_type": "Xã Hoàng Diệu",
        "path": "Hoàng Diệu, Chương Mỹ, Hà Nội",
        "path_with_type": "Xã Hoàng Diệu, Huyện Chương Mỹ, Thành phố Hà Nội",
        "code": "10078",
        "parent_code": "277"
    },
    "10081": {
        "name": "Hữu Văn",
        "type": "xa",
        "slug": "huu-van",
        "name_with_type": "Xã Hữu Văn",
        "path": "Hữu Văn, Chương Mỹ, Hà Nội",
        "path_with_type": "Xã Hữu Văn, Huyện Chương Mỹ, Thành phố Hà Nội",
        "code": "10081",
        "parent_code": "277"
    },
    "10084": {
        "name": "Quảng Bị",
        "type": "xa",
        "slug": "quang-bi",
        "name_with_type": "Xã Quảng Bị",
        "path": "Quảng Bị, Chương Mỹ, Hà Nội",
        "path_with_type": "Xã Quảng Bị, Huyện Chương Mỹ, Thành phố Hà Nội",
        "code": "10084",
        "parent_code": "277"
    },
    "10087": {
        "name": "Mỹ Lương",
        "type": "xa",
        "slug": "my-luong",
        "name_with_type": "Xã Mỹ Lương",
        "path": "Mỹ Lương, Chương Mỹ, Hà Nội",
        "path_with_type": "Xã Mỹ Lương, Huyện Chương Mỹ, Thành phố Hà Nội",
        "code": "10087",
        "parent_code": "277"
    },
    "10090": {
        "name": "Thượng Vực",
        "type": "xa",
        "slug": "thuong-vuc",
        "name_with_type": "Xã Thượng Vực",
        "path": "Thượng Vực, Chương Mỹ, Hà Nội",
        "path_with_type": "Xã Thượng Vực, Huyện Chương Mỹ, Thành phố Hà Nội",
        "code": "10090",
        "parent_code": "277"
    },
    "10093": {
        "name": "Hồng Phong",
        "type": "xa",
        "slug": "hong-phong",
        "name_with_type": "Xã Hồng Phong",
        "path": "Hồng Phong, Chương Mỹ, Hà Nội",
        "path_with_type": "Xã Hồng Phong, Huyện Chương Mỹ, Thành phố Hà Nội",
        "code": "10093",
        "parent_code": "277"
    },
    "10096": {
        "name": "Đồng Phú",
        "type": "xa",
        "slug": "dong-phu",
        "name_with_type": "Xã Đồng Phú",
        "path": "Đồng Phú, Chương Mỹ, Hà Nội",
        "path_with_type": "Xã Đồng Phú, Huyện Chương Mỹ, Thành phố Hà Nội",
        "code": "10096",
        "parent_code": "277"
    },
    "10099": {
        "name": "Trần Phú",
        "type": "xa",
        "slug": "tran-phu",
        "name_with_type": "Xã Trần Phú",
        "path": "Trần Phú, Chương Mỹ, Hà Nội",
        "path_with_type": "Xã Trần Phú, Huyện Chương Mỹ, Thành phố Hà Nội",
        "code": "10099",
        "parent_code": "277"
    },
    "10102": {
        "name": "Văn Võ",
        "type": "xa",
        "slug": "van-vo",
        "name_with_type": "Xã Văn Võ",
        "path": "Văn Võ, Chương Mỹ, Hà Nội",
        "path_with_type": "Xã Văn Võ, Huyện Chương Mỹ, Thành phố Hà Nội",
        "code": "10102",
        "parent_code": "277"
    },
    "10105": {
        "name": "Đồng Lạc",
        "type": "xa",
        "slug": "dong-lac",
        "name_with_type": "Xã Đồng Lạc",
        "path": "Đồng Lạc, Chương Mỹ, Hà Nội",
        "path_with_type": "Xã Đồng Lạc, Huyện Chương Mỹ, Thành phố Hà Nội",
        "code": "10105",
        "parent_code": "277"
    },
    "10108": {
        "name": "Hòa Chính",
        "type": "xa",
        "slug": "hoa-chinh",
        "name_with_type": "Xã Hòa Chính",
        "path": "Hòa Chính, Chương Mỹ, Hà Nội",
        "path_with_type": "Xã Hòa Chính, Huyện Chương Mỹ, Thành phố Hà Nội",
        "code": "10108",
        "parent_code": "277"
    },
    "10111": {
        "name": "Phú Nam An",
        "type": "xa",
        "slug": "phu-nam-an",
        "name_with_type": "Xã Phú Nam An",
        "path": "Phú Nam An, Chương Mỹ, Hà Nội",
        "path_with_type": "Xã Phú Nam An, Huyện Chương Mỹ, Thành phố Hà Nội",
        "code": "10111",
        "parent_code": "277"
    }
}