{
    "10441": {
        "name": "Đại Nghĩa",
        "type": "thi-tran",
        "slug": "dai-nghia",
        "name_with_type": "Thị trấn Đại Nghĩa",
        "path": "Đại Nghĩa, Mỹ Đức, Hà Nội",
        "path_with_type": "Thị trấn Đại Nghĩa, Huyện Mỹ Đức, Thành phố Hà Nội",
        "code": "10441",
        "parent_code": "282"
    },
    "10444": {
        "name": "Đồng Tâm",
        "type": "xa",
        "slug": "dong-tam",
        "name_with_type": "Xã Đồng Tâm",
        "path": "Đồng Tâm, Mỹ Đức, Hà Nội",
        "path_with_type": "Xã Đồng Tâm, Huyện Mỹ Đức, Thành phố Hà Nội",
        "code": "10444",
        "parent_code": "282"
    },
    "10447": {
        "name": "Thượng Lâm",
        "type": "xa",
        "slug": "thuong-lam",
        "name_with_type": "Xã Thượng Lâm",
        "path": "Thượng Lâm, Mỹ Đức, Hà Nội",
        "path_with_type": "Xã Thượng Lâm, Huyện Mỹ Đức, Thành phố Hà Nội",
        "code": "10447",
        "parent_code": "282"
    },
    "10450": {
        "name": "Tuy Lai",
        "type": "xa",
        "slug": "tuy-lai",
        "name_with_type": "Xã Tuy Lai",
        "path": "Tuy Lai, Mỹ Đức, Hà Nội",
        "path_with_type": "Xã Tuy Lai, Huyện Mỹ Đức, Thành phố Hà Nội",
        "code": "10450",
        "parent_code": "282"
    },
    "10453": {
        "name": "Phúc Lâm",
        "type": "xa",
        "slug": "phuc-lam",
        "name_with_type": "Xã Phúc Lâm",
        "path": "Phúc Lâm, Mỹ Đức, Hà Nội",
        "path_with_type": "Xã Phúc Lâm, Huyện Mỹ Đức, Thành phố Hà Nội",
        "code": "10453",
        "parent_code": "282"
    },
    "10456": {
        "name": "Mỹ Thành",
        "type": "xa",
        "slug": "my-thanh",
        "name_with_type": "Xã Mỹ Thành",
        "path": "Mỹ Thành, Mỹ Đức, Hà Nội",
        "path_with_type": "Xã Mỹ Thành, Huyện Mỹ Đức, Thành phố Hà Nội",
        "code": "10456",
        "parent_code": "282"
    },
    "10459": {
        "name": "Bột Xuyên",
        "type": "xa",
        "slug": "bot-xuyen",
        "name_with_type": "Xã Bột Xuyên",
        "path": "Bột Xuyên, Mỹ Đức, Hà Nội",
        "path_with_type": "Xã Bột Xuyên, Huyện Mỹ Đức, Thành phố Hà Nội",
        "code": "10459",
        "parent_code": "282"
    },
    "10462": {
        "name": "An Mỹ",
        "type": "xa",
        "slug": "an-my",
        "name_with_type": "Xã An Mỹ",
        "path": "An Mỹ, Mỹ Đức, Hà Nội",
        "path_with_type": "Xã An Mỹ, Huyện Mỹ Đức, Thành phố Hà Nội",
        "code": "10462",
        "parent_code": "282"
    },
    "10465": {
        "name": "Hồng Sơn",
        "type": "xa",
        "slug": "hong-son",
        "name_with_type": "Xã Hồng Sơn",
        "path": "Hồng Sơn, Mỹ Đức, Hà Nội",
        "path_with_type": "Xã Hồng Sơn, Huyện Mỹ Đức, Thành phố Hà Nội",
        "code": "10465",
        "parent_code": "282"
    },
    "10468": {
        "name": "Lê Thanh",
        "type": "xa",
        "slug": "le-thanh",
        "name_with_type": "Xã Lê Thanh",
        "path": "Lê Thanh, Mỹ Đức, Hà Nội",
        "path_with_type": "Xã Lê Thanh, Huyện Mỹ Đức, Thành phố Hà Nội",
        "code": "10468",
        "parent_code": "282"
    },
    "10471": {
        "name": "Xuy Xá",
        "type": "xa",
        "slug": "xuy-xa",
        "name_with_type": "Xã Xuy Xá",
        "path": "Xuy Xá, Mỹ Đức, Hà Nội",
        "path_with_type": "Xã Xuy Xá, Huyện Mỹ Đức, Thành phố Hà Nội",
        "code": "10471",
        "parent_code": "282"
    },
    "10474": {
        "name": "Phùng Xá",
        "type": "xa",
        "slug": "phung-xa",
        "name_with_type": "Xã Phùng Xá",
        "path": "Phùng Xá, Mỹ Đức, Hà Nội",
        "path_with_type": "Xã Phùng Xá, Huyện Mỹ Đức, Thành phố Hà Nội",
        "code": "10474",
        "parent_code": "282"
    },
    "10477": {
        "name": "Phù Lưu Tế",
        "type": "xa",
        "slug": "phu-luu-te",
        "name_with_type": "Xã Phù Lưu Tế",
        "path": "Phù Lưu Tế, Mỹ Đức, Hà Nội",
        "path_with_type": "Xã Phù Lưu Tế, Huyện Mỹ Đức, Thành phố Hà Nội",
        "code": "10477",
        "parent_code": "282"
    },
    "10480": {
        "name": "Đại Hưng",
        "type": "xa",
        "slug": "dai-hung",
        "name_with_type": "Xã Đại Hưng",
        "path": "Đại Hưng, Mỹ Đức, Hà Nội",
        "path_with_type": "Xã Đại Hưng, Huyện Mỹ Đức, Thành phố Hà Nội",
        "code": "10480",
        "parent_code": "282"
    },
    "10483": {
        "name": "Vạn Kim",
        "type": "xa",
        "slug": "van-kim",
        "name_with_type": "Xã Vạn Kim",
        "path": "Vạn Kim, Mỹ Đức, Hà Nội",
        "path_with_type": "Xã Vạn Kim, Huyện Mỹ Đức, Thành phố Hà Nội",
        "code": "10483",
        "parent_code": "282"
    },
    "10486": {
        "name": "Đốc Tín",
        "type": "xa",
        "slug": "doc-tin",
        "name_with_type": "Xã Đốc Tín",
        "path": "Đốc Tín, Mỹ Đức, Hà Nội",
        "path_with_type": "Xã Đốc Tín, Huyện Mỹ Đức, Thành phố Hà Nội",
        "code": "10486",
        "parent_code": "282"
    },
    "10489": {
        "name": "Hương Sơn",
        "type": "xa",
        "slug": "huong-son",
        "name_with_type": "Xã Hương Sơn",
        "path": "Hương Sơn, Mỹ Đức, Hà Nội",
        "path_with_type": "Xã Hương Sơn, Huyện Mỹ Đức, Thành phố Hà Nội",
        "code": "10489",
        "parent_code": "282"
    },
    "10492": {
        "name": "Hùng Tiến",
        "type": "xa",
        "slug": "hung-tien",
        "name_with_type": "Xã Hùng Tiến",
        "path": "Hùng Tiến, Mỹ Đức, Hà Nội",
        "path_with_type": "Xã Hùng Tiến, Huyện Mỹ Đức, Thành phố Hà Nội",
        "code": "10492",
        "parent_code": "282"
    },
    "10495": {
        "name": "An Tiến",
        "type": "xa",
        "slug": "an-tien",
        "name_with_type": "Xã An Tiến",
        "path": "An Tiến, Mỹ Đức, Hà Nội",
        "path_with_type": "Xã An Tiến, Huyện Mỹ Đức, Thành phố Hà Nội",
        "code": "10495",
        "parent_code": "282"
    },
    "10498": {
        "name": "Hợp Tiến",
        "type": "xa",
        "slug": "hop-tien",
        "name_with_type": "Xã Hợp Tiến",
        "path": "Hợp Tiến, Mỹ Đức, Hà Nội",
        "path_with_type": "Xã Hợp Tiến, Huyện Mỹ Đức, Thành phố Hà Nội",
        "code": "10498",
        "parent_code": "282"
    },
    "10501": {
        "name": "Hợp Thanh",
        "type": "xa",
        "slug": "hop-thanh",
        "name_with_type": "Xã Hợp Thanh",
        "path": "Hợp Thanh, Mỹ Đức, Hà Nội",
        "path_with_type": "Xã Hợp Thanh, Huyện Mỹ Đức, Thành phố Hà Nội",
        "code": "10501",
        "parent_code": "282"
    },
    "10504": {
        "name": "An Phú",
        "type": "xa",
        "slug": "an-phu",
        "name_with_type": "Xã An Phú",
        "path": "An Phú, Mỹ Đức, Hà Nội",
        "path_with_type": "Xã An Phú, Huyện Mỹ Đức, Thành phố Hà Nội",
        "code": "10504",
        "parent_code": "282"
    }
}