{
    "10507": {
        "name": "Cẩm Thượng",
        "type": "phuong",
        "slug": "cam-thuong",
        "name_with_type": "Phường Cẩm Thượng",
        "path": "Cẩm Thượng, Hải Dương, Hải Dương",
        "path_with_type": "Phường Cẩm Thượng, Thành phố Hải Dương, Tỉnh Hải Dương",
        "code": "10507",
        "parent_code": "288"
    },
    "10510": {
        "name": "Bình Hàn",
        "type": "phuong",
        "slug": "binh-han",
        "name_with_type": "Phường Bình Hàn",
        "path": "Bình Hàn, Hải Dương, Hải Dương",
        "path_with_type": "Phường Bình Hàn, Thành phố Hải Dương, Tỉnh Hải Dương",
        "code": "10510",
        "parent_code": "288"
    },
    "10513": {
        "name": "Ngọc Châu",
        "type": "phuong",
        "slug": "ngoc-chau",
        "name_with_type": "Phường Ngọc Châu",
        "path": "Ngọc Châu, Hải Dương, Hải Dương",
        "path_with_type": "Phường Ngọc Châu, Thành phố Hải Dương, Tỉnh Hải Dương",
        "code": "10513",
        "parent_code": "288"
    },
    "10514": {
        "name": "Nhị Châu",
        "type": "phuong",
        "slug": "nhi-chau",
        "name_with_type": "Phường Nhị Châu",
        "path": "Nhị Châu, Hải Dương, Hải Dương",
        "path_with_type": "Phường Nhị Châu, Thành phố Hải Dương, Tỉnh Hải Dương",
        "code": "10514",
        "parent_code": "288"
    },
    "10516": {
        "name": "Quang Trung",
        "type": "phuong",
        "slug": "quang-trung",
        "name_with_type": "Phường Quang Trung",
        "path": "Quang Trung, Hải Dương, Hải Dương",
        "path_with_type": "Phường Quang Trung, Thành phố Hải Dương, Tỉnh Hải Dương",
        "code": "10516",
        "parent_code": "288"
    },
    "10519": {
        "name": "Nguyễn Trãi",
        "type": "phuong",
        "slug": "nguyen-trai",
        "name_with_type": "Phường Nguyễn Trãi",
        "path": "Nguyễn Trãi, Hải Dương, Hải Dương",
        "path_with_type": "Phường Nguyễn Trãi, Thành phố Hải Dương, Tỉnh Hải Dương",
        "code": "10519",
        "parent_code": "288"
    },
    "10522": {
        "name": "Phạm Ngũ Lão",
        "type": "phuong",
        "slug": "pham-ngu-lao",
        "name_with_type": "Phường Phạm Ngũ Lão",
        "path": "Phạm Ngũ Lão, Hải Dương, Hải Dương",
        "path_with_type": "Phường Phạm Ngũ Lão, Thành phố Hải Dương, Tỉnh Hải Dương",
        "code": "10522",
        "parent_code": "288"
    },
    "10525": {
        "name": "Trần Hưng Đạo",
        "type": "phuong",
        "slug": "tran-hung-dao",
        "name_with_type": "Phường Trần Hưng Đạo",
        "path": "Trần Hưng Đạo, Hải Dương, Hải Dương",
        "path_with_type": "Phường Trần Hưng Đạo, Thành phố Hải Dương, Tỉnh Hải Dương",
        "code": "10525",
        "parent_code": "288"
    },
    "10528": {
        "name": "Trần Phú",
        "type": "phuong",
        "slug": "tran-phu",
        "name_with_type": "Phường Trần Phú",
        "path": "Trần Phú, Hải Dương, Hải Dương",
        "path_with_type": "Phường Trần Phú, Thành phố Hải Dương, Tỉnh Hải Dương",
        "code": "10528",
        "parent_code": "288"
    },
    "10531": {
        "name": "Thanh Bình",
        "type": "phuong",
        "slug": "thanh-binh",
        "name_with_type": "Phường Thanh Bình",
        "path": "Thanh Bình, Hải Dương, Hải Dương",
        "path_with_type": "Phường Thanh Bình, Thành phố Hải Dương, Tỉnh Hải Dương",
        "code": "10531",
        "parent_code": "288"
    },
    "10532": {
        "name": "Tân Bình",
        "type": "phuong",
        "slug": "tan-binh",
        "name_with_type": "Phường Tân Bình",
        "path": "Tân Bình, Hải Dương, Hải Dương",
        "path_with_type": "Phường Tân Bình, Thành phố Hải Dương, Tỉnh Hải Dương",
        "code": "10532",
        "parent_code": "288"
    },
    "10534": {
        "name": "Lê Thanh Nghị",
        "type": "phuong",
        "slug": "le-thanh-nghi",
        "name_with_type": "Phường Lê Thanh Nghị",
        "path": "Lê Thanh Nghị, Hải Dương, Hải Dương",
        "path_with_type": "Phường Lê Thanh Nghị, Thành phố Hải Dương, Tỉnh Hải Dương",
        "code": "10534",
        "parent_code": "288"
    },
    "10537": {
        "name": "Hải Tân",
        "type": "phuong",
        "slug": "hai-tan",
        "name_with_type": "Phường Hải Tân",
        "path": "Hải Tân, Hải Dương, Hải Dương",
        "path_with_type": "Phường Hải Tân, Thành phố Hải Dương, Tỉnh Hải Dương",
        "code": "10537",
        "parent_code": "288"
    },
    "10540": {
        "name": "Tứ Minh",
        "type": "phuong",
        "slug": "tu-minh",
        "name_with_type": "Phường Tứ Minh",
        "path": "Tứ Minh, Hải Dương, Hải Dương",
        "path_with_type": "Phường Tứ Minh, Thành phố Hải Dương, Tỉnh Hải Dương",
        "code": "10540",
        "parent_code": "288"
    },
    "10543": {
        "name": "Việt Hoà",
        "type": "phuong",
        "slug": "viet-hoa",
        "name_with_type": "Phường Việt Hoà",
        "path": "Việt Hoà, Hải Dương, Hải Dương",
        "path_with_type": "Phường Việt Hoà, Thành phố Hải Dương, Tỉnh Hải Dương",
        "code": "10543",
        "parent_code": "288"
    },
    "10660": {
        "name": "Ái Quốc",
        "type": "phuong",
        "slug": "ai-quoc",
        "name_with_type": "Phường Ái Quốc",
        "path": "Ái Quốc, Hải Dương, Hải Dương",
        "path_with_type": "Phường Ái Quốc, Thành phố Hải Dương, Tỉnh Hải Dương",
        "code": "10660",
        "parent_code": "288"
    },
    "10663": {
        "name": "An Châu",
        "type": "xa",
        "slug": "an-chau",
        "name_with_type": "Xã An Châu",
        "path": "An Châu, Hải Dương, Hải Dương",
        "path_with_type": "Xã An Châu, Thành phố Hải Dương, Tỉnh Hải Dương",
        "code": "10663",
        "parent_code": "288"
    },
    "10669": {
        "name": "Thượng Đạt",
        "type": "xa",
        "slug": "thuong-dat",
        "name_with_type": "Xã Thượng Đạt",
        "path": "Thượng Đạt, Hải Dương, Hải Dương",
        "path_with_type": "Xã Thượng Đạt, Thành phố Hải Dương, Tỉnh Hải Dương",
        "code": "10669",
        "parent_code": "288"
    },
    "10672": {
        "name": "Nam Đồng",
        "type": "xa",
        "slug": "nam-dong",
        "name_with_type": "Xã Nam Đồng",
        "path": "Nam Đồng, Hải Dương, Hải Dương",
        "path_with_type": "Xã Nam Đồng, Thành phố Hải Dương, Tỉnh Hải Dương",
        "code": "10672",
        "parent_code": "288"
    },
    "11002": {
        "name": "Thạch Khôi",
        "type": "phuong",
        "slug": "thach-khoi",
        "name_with_type": "Phường Thạch Khôi",
        "path": "Thạch Khôi, Hải Dương, Hải Dương",
        "path_with_type": "Phường Thạch Khôi, Thành phố Hải Dương, Tỉnh Hải Dương",
        "code": "11002",
        "parent_code": "288"
    },
    "11011": {
        "name": "Tân Hưng",
        "type": "xa",
        "slug": "tan-hung",
        "name_with_type": "Xã Tân Hưng",
        "path": "Tân Hưng, Hải Dương, Hải Dương",
        "path_with_type": "Xã Tân Hưng, Thành phố Hải Dương, Tỉnh Hải Dương",
        "code": "11011",
        "parent_code": "288"
    }
}