{
    "10999": {
        "name": "Gia Lộc",
        "type": "thi-tran",
        "slug": "gia-loc",
        "name_with_type": "Thị trấn Gia Lộc",
        "path": "Gia Lộc, Gia Lộc, Hải Dương",
        "path_with_type": "Thị trấn Gia Lộc, Huyện Gia Lộc, Tỉnh Hải Dương",
        "code": "10999",
        "parent_code": "297"
    },
    "11005": {
        "name": "Liên Hồng",
        "type": "xa",
        "slug": "lien-hong",
        "name_with_type": "Xã Liên Hồng",
        "path": "Liên Hồng, Gia Lộc, Hải Dương",
        "path_with_type": "Xã Liên Hồng, Huyện Gia Lộc, Tỉnh Hải Dương",
        "code": "11005",
        "parent_code": "297"
    },
    "11008": {
        "name": "Thống Nhất",
        "type": "xa",
        "slug": "thong-nhat",
        "name_with_type": "Xã Thống Nhất",
        "path": "Thống Nhất, Gia Lộc, Hải Dương",
        "path_with_type": "Xã Thống Nhất, Huyện Gia Lộc, Tỉnh Hải Dương",
        "code": "11008",
        "parent_code": "297"
    },
    "11014": {
        "name": "Trùng Khánh",
        "type": "xa",
        "slug": "trung-khanh",
        "name_with_type": "Xã Trùng Khánh",
        "path": "Trùng Khánh, Gia Lộc, Hải Dương",
        "path_with_type": "Xã Trùng Khánh, Huyện Gia Lộc, Tỉnh Hải Dương",
        "code": "11014",
        "parent_code": "297"
    },
    "11017": {
        "name": "Gia Xuyên",
        "type": "xa",
        "slug": "gia-xuyen",
        "name_with_type": "Xã Gia Xuyên",
        "path": "Gia Xuyên, Gia Lộc, Hải Dương",
        "path_with_type": "Xã Gia Xuyên, Huyện Gia Lộc, Tỉnh Hải Dương",
        "code": "11017",
        "parent_code": "297"
    },
    "11020": {
        "name": "Yết Kiêu",
        "type": "xa",
        "slug": "yet-kieu",
        "name_with_type": "Xã Yết Kiêu",
        "path": "Yết Kiêu, Gia Lộc, Hải Dương",
        "path_with_type": "Xã Yết Kiêu, Huyện Gia Lộc, Tỉnh Hải Dương",
        "code": "11020",
        "parent_code": "297"
    },
    "11023": {
        "name": "Gia Hòa",
        "type": "xa",
        "slug": "gia-hoa",
        "name_with_type": "Xã Gia Hòa",
        "path": "Gia Hòa, Gia Lộc, Hải Dương",
        "path_with_type": "Xã Gia Hòa, Huyện Gia Lộc, Tỉnh Hải Dương",
        "code": "11023",
        "parent_code": "297"
    },
    "11026": {
        "name": "Phương Hưng",
        "type": "xa",
        "slug": "phuong-hung",
        "name_with_type": "Xã Phương Hưng",
        "path": "Phương Hưng, Gia Lộc, Hải Dương",
        "path_with_type": "Xã Phương Hưng, Huyện Gia Lộc, Tỉnh Hải Dương",
        "code": "11026",
        "parent_code": "297"
    },
    "11029": {
        "name": "Gia Tân",
        "type": "xa",
        "slug": "gia-tan",
        "name_with_type": "Xã Gia Tân",
        "path": "Gia Tân, Gia Lộc, Hải Dương",
        "path_with_type": "Xã Gia Tân, Huyện Gia Lộc, Tỉnh Hải Dương",
        "code": "11029",
        "parent_code": "297"
    },
    "11032": {
        "name": "Tân Tiến",
        "type": "xa",
        "slug": "tan-tien",
        "name_with_type": "Xã Tân Tiến",
        "path": "Tân Tiến, Gia Lộc, Hải Dương",
        "path_with_type": "Xã Tân Tiến, Huyện Gia Lộc, Tỉnh Hải Dương",
        "code": "11032",
        "parent_code": "297"
    },
    "11035": {
        "name": "Gia Khánh",
        "type": "xa",
        "slug": "gia-khanh",
        "name_with_type": "Xã Gia Khánh",
        "path": "Gia Khánh, Gia Lộc, Hải Dương",
        "path_with_type": "Xã Gia Khánh, Huyện Gia Lộc, Tỉnh Hải Dương",
        "code": "11035",
        "parent_code": "297"
    },
    "11038": {
        "name": "Gia Lương",
        "type": "xa",
        "slug": "gia-luong",
        "name_with_type": "Xã Gia Lương",
        "path": "Gia Lương, Gia Lộc, Hải Dương",
        "path_with_type": "Xã Gia Lương, Huyện Gia Lộc, Tỉnh Hải Dương",
        "code": "11038",
        "parent_code": "297"
    },
    "11041": {
        "name": "Lê Lợi",
        "type": "xa",
        "slug": "le-loi",
        "name_with_type": "Xã Lê Lợi",
        "path": "Lê Lợi, Gia Lộc, Hải Dương",
        "path_with_type": "Xã Lê Lợi, Huyện Gia Lộc, Tỉnh Hải Dương",
        "code": "11041",
        "parent_code": "297"
    },
    "11044": {
        "name": "Toàn Thắng",
        "type": "xa",
        "slug": "toan-thang",
        "name_with_type": "Xã Toàn Thắng",
        "path": "Toàn Thắng, Gia Lộc, Hải Dương",
        "path_with_type": "Xã Toàn Thắng, Huyện Gia Lộc, Tỉnh Hải Dương",
        "code": "11044",
        "parent_code": "297"
    },
    "11047": {
        "name": "Hoàng Diệu",
        "type": "xa",
        "slug": "hoang-dieu",
        "name_with_type": "Xã Hoàng Diệu",
        "path": "Hoàng Diệu, Gia Lộc, Hải Dương",
        "path_with_type": "Xã Hoàng Diệu, Huyện Gia Lộc, Tỉnh Hải Dương",
        "code": "11047",
        "parent_code": "297"
    },
    "11050": {
        "name": "Hồng Hưng",
        "type": "xa",
        "slug": "hong-hung",
        "name_with_type": "Xã Hồng Hưng",
        "path": "Hồng Hưng, Gia Lộc, Hải Dương",
        "path_with_type": "Xã Hồng Hưng, Huyện Gia Lộc, Tỉnh Hải Dương",
        "code": "11050",
        "parent_code": "297"
    },
    "11053": {
        "name": "Phạm Trấn",
        "type": "xa",
        "slug": "pham-tran",
        "name_with_type": "Xã Phạm Trấn",
        "path": "Phạm Trấn, Gia Lộc, Hải Dương",
        "path_with_type": "Xã Phạm Trấn, Huyện Gia Lộc, Tỉnh Hải Dương",
        "code": "11053",
        "parent_code": "297"
    },
    "11056": {
        "name": "Đoàn Thượng",
        "type": "xa",
        "slug": "doan-thuong",
        "name_with_type": "Xã Đoàn Thượng",
        "path": "Đoàn Thượng, Gia Lộc, Hải Dương",
        "path_with_type": "Xã Đoàn Thượng, Huyện Gia Lộc, Tỉnh Hải Dương",
        "code": "11056",
        "parent_code": "297"
    },
    "11059": {
        "name": "Thống Kênh",
        "type": "xa",
        "slug": "thong-kenh",
        "name_with_type": "Xã Thống Kênh",
        "path": "Thống Kênh, Gia Lộc, Hải Dương",
        "path_with_type": "Xã Thống Kênh, Huyện Gia Lộc, Tỉnh Hải Dương",
        "code": "11059",
        "parent_code": "297"
    },
    "11062": {
        "name": "Quang Minh",
        "type": "xa",
        "slug": "quang-minh",
        "name_with_type": "Xã Quang Minh",
        "path": "Quang Minh, Gia Lộc, Hải Dương",
        "path_with_type": "Xã Quang Minh, Huyện Gia Lộc, Tỉnh Hải Dương",
        "code": "11062",
        "parent_code": "297"
    },
    "11065": {
        "name": "Đồng Quang",
        "type": "xa",
        "slug": "dong-quang",
        "name_with_type": "Xã Đồng Quang",
        "path": "Đồng Quang, Gia Lộc, Hải Dương",
        "path_with_type": "Xã Đồng Quang, Huyện Gia Lộc, Tỉnh Hải Dương",
        "code": "11065",
        "parent_code": "297"
    },
    "11068": {
        "name": "Nhật Tân",
        "type": "xa",
        "slug": "nhat-tan",
        "name_with_type": "Xã Nhật Tân",
        "path": "Nhật Tân, Gia Lộc, Hải Dương",
        "path_with_type": "Xã Nhật Tân, Huyện Gia Lộc, Tỉnh Hải Dương",
        "code": "11068",
        "parent_code": "297"
    },
    "11071": {
        "name": "Đức Xương",
        "type": "xa",
        "slug": "duc-xuong",
        "name_with_type": "Xã Đức Xương",
        "path": "Đức Xương, Gia Lộc, Hải Dương",
        "path_with_type": "Xã Đức Xương, Huyện Gia Lộc, Tỉnh Hải Dương",
        "code": "11071",
        "parent_code": "297"
    }
}