{
    "11074": {
        "name": "Tứ Kỳ",
        "type": "thi-tran",
        "slug": "tu-ky",
        "name_with_type": "Thị trấn Tứ Kỳ",
        "path": "Tứ Kỳ, Tứ Kỳ, Hải Dương",
        "path_with_type": "Thị trấn Tứ Kỳ, Huyện Tứ Kỳ, Tỉnh Hải Dương",
        "code": "11074",
        "parent_code": "298"
    },
    "11077": {
        "name": "Ngọc Sơn",
        "type": "xa",
        "slug": "ngoc-son",
        "name_with_type": "Xã Ngọc Sơn",
        "path": "Ngọc Sơn, Tứ Kỳ, Hải Dương",
        "path_with_type": "Xã Ngọc Sơn, Huyện Tứ Kỳ, Tỉnh Hải Dương",
        "code": "11077",
        "parent_code": "298"
    },
    "11080": {
        "name": "Kỳ Sơn",
        "type": "xa",
        "slug": "ky-son",
        "name_with_type": "Xã Kỳ Sơn",
        "path": "Kỳ Sơn, Tứ Kỳ, Hải Dương",
        "path_with_type": "Xã Kỳ Sơn, Huyện Tứ Kỳ, Tỉnh Hải Dương",
        "code": "11080",
        "parent_code": "298"
    },
    "11083": {
        "name": "Đại Đồng",
        "type": "xa",
        "slug": "dai-dong",
        "name_with_type": "Xã Đại Đồng",
        "path": "Đại Đồng, Tứ Kỳ, Hải Dương",
        "path_with_type": "Xã Đại Đồng, Huyện Tứ Kỳ, Tỉnh Hải Dương",
        "code": "11083",
        "parent_code": "298"
    },
    "11086": {
        "name": "Hưng Đạo",
        "type": "xa",
        "slug": "hung-dao",
        "name_with_type": "Xã Hưng Đạo",
        "path": "Hưng Đạo, Tứ Kỳ, Hải Dương",
        "path_with_type": "Xã Hưng Đạo, Huyện Tứ Kỳ, Tỉnh Hải Dương",
        "code": "11086",
        "parent_code": "298"
    },
    "11089": {
        "name": "Ngọc Kỳ",
        "type": "xa",
        "slug": "ngoc-ky",
        "name_with_type": "Xã Ngọc Kỳ",
        "path": "Ngọc Kỳ, Tứ Kỳ, Hải Dương",
        "path_with_type": "Xã Ngọc Kỳ, Huyện Tứ Kỳ, Tỉnh Hải Dương",
        "code": "11089",
        "parent_code": "298"
    },
    "11092": {
        "name": "Bình Lăng",
        "type": "xa",
        "slug": "binh-lang",
        "name_with_type": "Xã Bình Lăng",
        "path": "Bình Lăng, Tứ Kỳ, Hải Dương",
        "path_with_type": "Xã Bình Lăng, Huyện Tứ Kỳ, Tỉnh Hải Dương",
        "code": "11092",
        "parent_code": "298"
    },
    "11095": {
        "name": "Tứ Xuyên",
        "type": "xa",
        "slug": "tu-xuyen",
        "name_with_type": "Xã Tứ Xuyên",
        "path": "Tứ Xuyên, Tứ Kỳ, Hải Dương",
        "path_with_type": "Xã Tứ Xuyên, Huyện Tứ Kỳ, Tỉnh Hải Dương",
        "code": "11095",
        "parent_code": "298"
    },
    "11098": {
        "name": "Tái Sơn",
        "type": "xa",
        "slug": "tai-son",
        "name_with_type": "Xã Tái Sơn",
        "path": "Tái Sơn, Tứ Kỳ, Hải Dương",
        "path_with_type": "Xã Tái Sơn, Huyện Tứ Kỳ, Tỉnh Hải Dương",
        "code": "11098",
        "parent_code": "298"
    },
    "11101": {
        "name": "Quang Phục",
        "type": "xa",
        "slug": "quang-phuc",
        "name_with_type": "Xã Quang Phục",
        "path": "Quang Phục, Tứ Kỳ, Hải Dương",
        "path_with_type": "Xã Quang Phục, Huyện Tứ Kỳ, Tỉnh Hải Dương",
        "code": "11101",
        "parent_code": "298"
    },
    "11104": {
        "name": "Đông Kỳ",
        "type": "xa",
        "slug": "dong-ky",
        "name_with_type": "Xã Đông Kỳ",
        "path": "Đông Kỳ, Tứ Kỳ, Hải Dương",
        "path_with_type": "Xã Đông Kỳ, Huyện Tứ Kỳ, Tỉnh Hải Dương",
        "code": "11104",
        "parent_code": "298"
    },
    "11107": {
        "name": "Tây Kỳ",
        "type": "xa",
        "slug": "tay-ky",
        "name_with_type": "Xã Tây Kỳ",
        "path": "Tây Kỳ, Tứ Kỳ, Hải Dương",
        "path_with_type": "Xã Tây Kỳ, Huyện Tứ Kỳ, Tỉnh Hải Dương",
        "code": "11107",
        "parent_code": "298"
    },
    "11110": {
        "name": "Dân Chủ",
        "type": "xa",
        "slug": "dan-chu",
        "name_with_type": "Xã Dân Chủ",
        "path": "Dân Chủ, Tứ Kỳ, Hải Dương",
        "path_with_type": "Xã Dân Chủ, Huyện Tứ Kỳ, Tỉnh Hải Dương",
        "code": "11110",
        "parent_code": "298"
    },
    "11113": {
        "name": "Tân Kỳ",
        "type": "xa",
        "slug": "tan-ky",
        "name_with_type": "Xã Tân Kỳ",
        "path": "Tân Kỳ, Tứ Kỳ, Hải Dương",
        "path_with_type": "Xã Tân Kỳ, Huyện Tứ Kỳ, Tỉnh Hải Dương",
        "code": "11113",
        "parent_code": "298"
    },
    "11116": {
        "name": "Quang Khải",
        "type": "xa",
        "slug": "quang-khai",
        "name_with_type": "Xã Quang Khải",
        "path": "Quang Khải, Tứ Kỳ, Hải Dương",
        "path_with_type": "Xã Quang Khải, Huyện Tứ Kỳ, Tỉnh Hải Dương",
        "code": "11116",
        "parent_code": "298"
    },
    "11119": {
        "name": "Đại Hợp",
        "type": "xa",
        "slug": "dai-hop",
        "name_with_type": "Xã Đại Hợp",
        "path": "Đại Hợp, Tứ Kỳ, Hải Dương",
        "path_with_type": "Xã Đại Hợp, Huyện Tứ Kỳ, Tỉnh Hải Dương",
        "code": "11119",
        "parent_code": "298"
    },
    "11122": {
        "name": "Quảng Nghiệp",
        "type": "xa",
        "slug": "quang-nghiep",
        "name_with_type": "Xã Quảng Nghiệp",
        "path": "Quảng Nghiệp, Tứ Kỳ, Hải Dương",
        "path_with_type": "Xã Quảng Nghiệp, Huyện Tứ Kỳ, Tỉnh Hải Dương",
        "code": "11122",
        "parent_code": "298"
    },
    "11125": {
        "name": "An Thanh",
        "type": "xa",
        "slug": "an-thanh",
        "name_with_type": "Xã An Thanh",
        "path": "An Thanh, Tứ Kỳ, Hải Dương",
        "path_with_type": "Xã An Thanh, Huyện Tứ Kỳ, Tỉnh Hải Dương",
        "code": "11125",
        "parent_code": "298"
    },
    "11128": {
        "name": "Minh Đức",
        "type": "xa",
        "slug": "minh-duc",
        "name_with_type": "Xã Minh Đức",
        "path": "Minh Đức, Tứ Kỳ, Hải Dương",
        "path_with_type": "Xã Minh Đức, Huyện Tứ Kỳ, Tỉnh Hải Dương",
        "code": "11128",
        "parent_code": "298"
    },
    "11131": {
        "name": "Văn Tố",
        "type": "xa",
        "slug": "van-to",
        "name_with_type": "Xã Văn Tố",
        "path": "Văn Tố, Tứ Kỳ, Hải Dương",
        "path_with_type": "Xã Văn Tố, Huyện Tứ Kỳ, Tỉnh Hải Dương",
        "code": "11131",
        "parent_code": "298"
    },
    "11134": {
        "name": "Quang Trung",
        "type": "xa",
        "slug": "quang-trung",
        "name_with_type": "Xã Quang Trung",
        "path": "Quang Trung, Tứ Kỳ, Hải Dương",
        "path_with_type": "Xã Quang Trung, Huyện Tứ Kỳ, Tỉnh Hải Dương",
        "code": "11134",
        "parent_code": "298"
    },
    "11137": {
        "name": "Phượng Kỳ",
        "type": "xa",
        "slug": "phuong-ky",
        "name_with_type": "Xã Phượng Kỳ",
        "path": "Phượng Kỳ, Tứ Kỳ, Hải Dương",
        "path_with_type": "Xã Phượng Kỳ, Huyện Tứ Kỳ, Tỉnh Hải Dương",
        "code": "11137",
        "parent_code": "298"
    },
    "11140": {
        "name": "Cộng Lạc",
        "type": "xa",
        "slug": "cong-lac",
        "name_with_type": "Xã Cộng Lạc",
        "path": "Cộng Lạc, Tứ Kỳ, Hải Dương",
        "path_with_type": "Xã Cộng Lạc, Huyện Tứ Kỳ, Tỉnh Hải Dương",
        "code": "11140",
        "parent_code": "298"
    },
    "11143": {
        "name": "Tiên Động",
        "type": "xa",
        "slug": "tien-dong",
        "name_with_type": "Xã Tiên Động",
        "path": "Tiên Động, Tứ Kỳ, Hải Dương",
        "path_with_type": "Xã Tiên Động, Huyện Tứ Kỳ, Tỉnh Hải Dương",
        "code": "11143",
        "parent_code": "298"
    },
    "11146": {
        "name": "Nguyên Giáp",
        "type": "xa",
        "slug": "nguyen-giap",
        "name_with_type": "Xã Nguyên Giáp",
        "path": "Nguyên Giáp, Tứ Kỳ, Hải Dương",
        "path_with_type": "Xã Nguyên Giáp, Huyện Tứ Kỳ, Tỉnh Hải Dương",
        "code": "11146",
        "parent_code": "298"
    },
    "11149": {
        "name": "Hà Kỳ",
        "type": "xa",
        "slug": "ha-ky",
        "name_with_type": "Xã Hà Kỳ",
        "path": "Hà Kỳ, Tứ Kỳ, Hải Dương",
        "path_with_type": "Xã Hà Kỳ, Huyện Tứ Kỳ, Tỉnh Hải Dương",
        "code": "11149",
        "parent_code": "298"
    },
    "11152": {
        "name": "Hà Thanh",
        "type": "xa",
        "slug": "ha-thanh",
        "name_with_type": "Xã Hà Thanh",
        "path": "Hà Thanh, Tứ Kỳ, Hải Dương",
        "path_with_type": "Xã Hà Thanh, Huyện Tứ Kỳ, Tỉnh Hải Dương",
        "code": "11152",
        "parent_code": "298"
    }
}