{
    "11410": {
        "name": "Đông Hải 1",
        "type": "phuong",
        "slug": "dong-hai-1",
        "name_with_type": "Phường Đông Hải 1",
        "path": "Đông Hải 1, Hải An, Hải Phòng",
        "path_with_type": "Phường Đông Hải 1, Quận Hải An, Thành phố Hải Phòng",
        "code": "11410",
        "parent_code": "306"
    },
    "11411": {
        "name": "Đông Hải 2",
        "type": "phuong",
        "slug": "dong-hai-2",
        "name_with_type": "Phường Đông Hải 2",
        "path": "Đông Hải 2, Hải An, Hải Phòng",
        "path_with_type": "Phường Đông Hải 2, Quận Hải An, Thành phố Hải Phòng",
        "code": "11411",
        "parent_code": "306"
    },
    "11413": {
        "name": "Đằng Lâm",
        "type": "phuong",
        "slug": "dang-lam",
        "name_with_type": "Phường Đằng Lâm",
        "path": "Đằng Lâm, Hải An, Hải Phòng",
        "path_with_type": "Phường Đằng Lâm, Quận Hải An, Thành phố Hải Phòng",
        "code": "11413",
        "parent_code": "306"
    },
    "11414": {
        "name": "Thành Tô",
        "type": "phuong",
        "slug": "thanh-to",
        "name_with_type": "Phường Thành Tô",
        "path": "Thành Tô, Hải An, Hải Phòng",
        "path_with_type": "Phường Thành Tô, Quận Hải An, Thành phố Hải Phòng",
        "code": "11414",
        "parent_code": "306"
    },
    "11416": {
        "name": "Đằng Hải",
        "type": "phuong",
        "slug": "dang-hai",
        "name_with_type": "Phường Đằng Hải",
        "path": "Đằng Hải, Hải An, Hải Phòng",
        "path_with_type": "Phường Đằng Hải, Quận Hải An, Thành phố Hải Phòng",
        "code": "11416",
        "parent_code": "306"
    },
    "11419": {
        "name": "Nam Hải",
        "type": "phuong",
        "slug": "nam-hai",
        "name_with_type": "Phường Nam Hải",
        "path": "Nam Hải, Hải An, Hải Phòng",
        "path_with_type": "Phường Nam Hải, Quận Hải An, Thành phố Hải Phòng",
        "code": "11419",
        "parent_code": "306"
    },
    "11422": {
        "name": "Cát Bi",
        "type": "phuong",
        "slug": "cat-bi",
        "name_with_type": "Phường Cát Bi",
        "path": "Cát Bi, Hải An, Hải Phòng",
        "path_with_type": "Phường Cát Bi, Quận Hải An, Thành phố Hải Phòng",
        "code": "11422",
        "parent_code": "306"
    },
    "11425": {
        "name": "Tràng Cát",
        "type": "phuong",
        "slug": "trang-cat",
        "name_with_type": "Phường Tràng Cát",
        "path": "Tràng Cát, Hải An, Hải Phòng",
        "path_with_type": "Phường Tràng Cát, Quận Hải An, Thành phố Hải Phòng",
        "code": "11425",
        "parent_code": "306"
    }
}