{
    "11428": {
        "name": "Quán Trữ",
        "type": "phuong",
        "slug": "quan-tru",
        "name_with_type": "Phường Quán Trữ",
        "path": "Quán Trữ, Kiến An, Hải Phòng",
        "path_with_type": "Phường Quán Trữ, Quận Kiến An, Thành phố Hải Phòng",
        "code": "11428",
        "parent_code": "307"
    },
    "11429": {
        "name": "Lãm Hà",
        "type": "phuong",
        "slug": "lam-ha",
        "name_with_type": "Phường Lãm Hà",
        "path": "Lãm Hà, Kiến An, Hải Phòng",
        "path_with_type": "Phường Lãm Hà, Quận Kiến An, Thành phố Hải Phòng",
        "code": "11429",
        "parent_code": "307"
    },
    "11431": {
        "name": "Đồng Hoà",
        "type": "phuong",
        "slug": "dong-hoa",
        "name_with_type": "Phường Đồng Hoà",
        "path": "Đồng Hoà, Kiến An, Hải Phòng",
        "path_with_type": "Phường Đồng Hoà, Quận Kiến An, Thành phố Hải Phòng",
        "code": "11431",
        "parent_code": "307"
    },
    "11434": {
        "name": "Bắc Sơn",
        "type": "phuong",
        "slug": "bac-son",
        "name_with_type": "Phường Bắc Sơn",
        "path": "Bắc Sơn, Kiến An, Hải Phòng",
        "path_with_type": "Phường Bắc Sơn, Quận Kiến An, Thành phố Hải Phòng",
        "code": "11434",
        "parent_code": "307"
    },
    "11437": {
        "name": "Nam Sơn",
        "type": "phuong",
        "slug": "nam-son",
        "name_with_type": "Phường Nam Sơn",
        "path": "Nam Sơn, Kiến An, Hải Phòng",
        "path_with_type": "Phường Nam Sơn, Quận Kiến An, Thành phố Hải Phòng",
        "code": "11437",
        "parent_code": "307"
    },
    "11440": {
        "name": "Ngọc Sơn",
        "type": "phuong",
        "slug": "ngoc-son",
        "name_with_type": "Phường Ngọc Sơn",
        "path": "Ngọc Sơn, Kiến An, Hải Phòng",
        "path_with_type": "Phường Ngọc Sơn, Quận Kiến An, Thành phố Hải Phòng",
        "code": "11440",
        "parent_code": "307"
    },
    "11443": {
        "name": "Trần Thành Ngọ",
        "type": "phuong",
        "slug": "tran-thanh-ngo",
        "name_with_type": "Phường Trần Thành Ngọ",
        "path": "Trần Thành Ngọ, Kiến An, Hải Phòng",
        "path_with_type": "Phường Trần Thành Ngọ, Quận Kiến An, Thành phố Hải Phòng",
        "code": "11443",
        "parent_code": "307"
    },
    "11446": {
        "name": "Văn Đẩu",
        "type": "phuong",
        "slug": "van-dau",
        "name_with_type": "Phường Văn Đẩu",
        "path": "Văn Đẩu, Kiến An, Hải Phòng",
        "path_with_type": "Phường Văn Đẩu, Quận Kiến An, Thành phố Hải Phòng",
        "code": "11446",
        "parent_code": "307"
    },
    "11449": {
        "name": "Phù Liễn",
        "type": "phuong",
        "slug": "phu-lien",
        "name_with_type": "Phường Phù Liễn",
        "path": "Phù Liễn, Kiến An, Hải Phòng",
        "path_with_type": "Phường Phù Liễn, Quận Kiến An, Thành phố Hải Phòng",
        "code": "11449",
        "parent_code": "307"
    },
    "11452": {
        "name": "Tràng Minh",
        "type": "phuong",
        "slug": "trang-minh",
        "name_with_type": "Phường Tràng Minh",
        "path": "Tràng Minh, Kiến An, Hải Phòng",
        "path_with_type": "Phường Tràng Minh, Quận Kiến An, Thành phố Hải Phòng",
        "code": "11452",
        "parent_code": "307"
    }
}