{
    "11683": {
        "name": "Đa Phúc",
        "type": "phuong",
        "slug": "da-phuc",
        "name_with_type": "Phường Đa Phúc",
        "path": "Đa Phúc, Dương Kinh, Hải Phòng",
        "path_with_type": "Phường Đa Phúc, Quận Dương Kinh, Thành phố Hải Phòng",
        "code": "11683",
        "parent_code": "309"
    },
    "11686": {
        "name": "Hưng Đạo",
        "type": "phuong",
        "slug": "hung-dao",
        "name_with_type": "Phường Hưng Đạo",
        "path": "Hưng Đạo, Dương Kinh, Hải Phòng",
        "path_with_type": "Phường Hưng Đạo, Quận Dương Kinh, Thành phố Hải Phòng",
        "code": "11686",
        "parent_code": "309"
    },
    "11689": {
        "name": "Anh Dũng",
        "type": "phuong",
        "slug": "anh-dung",
        "name_with_type": "Phường Anh Dũng",
        "path": "Anh Dũng, Dương Kinh, Hải Phòng",
        "path_with_type": "Phường Anh Dũng, Quận Dương Kinh, Thành phố Hải Phòng",
        "code": "11689",
        "parent_code": "309"
    },
    "11692": {
        "name": "Hải Thành",
        "type": "phuong",
        "slug": "hai-thanh",
        "name_with_type": "Phường Hải Thành",
        "path": "Hải Thành, Dương Kinh, Hải Phòng",
        "path_with_type": "Phường Hải Thành, Quận Dương Kinh, Thành phố Hải Phòng",
        "code": "11692",
        "parent_code": "309"
    },
    "11707": {
        "name": "Hoà Nghĩa",
        "type": "phuong",
        "slug": "hoa-nghia",
        "name_with_type": "Phường Hoà Nghĩa",
        "path": "Hoà Nghĩa, Dương Kinh, Hải Phòng",
        "path_with_type": "Phường Hoà Nghĩa, Quận Dương Kinh, Thành phố Hải Phòng",
        "code": "11707",
        "parent_code": "309"
    },
    "11740": {
        "name": "Tân Thành",
        "type": "phuong",
        "slug": "tan-thanh",
        "name_with_type": "Phường Tân Thành",
        "path": "Tân Thành, Dương Kinh, Hải Phòng",
        "path_with_type": "Phường Tân Thành, Quận Dương Kinh, Thành phố Hải Phòng",
        "code": "11740",
        "parent_code": "309"
    }
}