{
    "11824": {
        "name": "Vĩnh Bảo",
        "type": "thi-tran",
        "slug": "vinh-bao",
        "name_with_type": "Thị trấn Vĩnh Bảo",
        "path": "Vĩnh Bảo, Vĩnh Bảo, Hải Phòng",
        "path_with_type": "Thị trấn Vĩnh Bảo, Huyện Vĩnh Bảo, Thành phố Hải Phòng",
        "code": "11824",
        "parent_code": "316"
    },
    "11827": {
        "name": "Dũng Tiến",
        "type": "xa",
        "slug": "dung-tien",
        "name_with_type": "Xã Dũng Tiến",
        "path": "Dũng Tiến, Vĩnh Bảo, Hải Phòng",
        "path_with_type": "Xã Dũng Tiến, Huyện Vĩnh Bảo, Thành phố Hải Phòng",
        "code": "11827",
        "parent_code": "316"
    },
    "11830": {
        "name": "Giang Biên",
        "type": "xa",
        "slug": "giang-bien",
        "name_with_type": "Xã Giang Biên",
        "path": "Giang Biên, Vĩnh Bảo, Hải Phòng",
        "path_with_type": "Xã Giang Biên, Huyện Vĩnh Bảo, Thành phố Hải Phòng",
        "code": "11830",
        "parent_code": "316"
    },
    "11833": {
        "name": "Thắng Thuỷ",
        "type": "xa",
        "slug": "thang-thuy",
        "name_with_type": "Xã Thắng Thuỷ",
        "path": "Thắng Thuỷ, Vĩnh Bảo, Hải Phòng",
        "path_with_type": "Xã Thắng Thuỷ, Huyện Vĩnh Bảo, Thành phố Hải Phòng",
        "code": "11833",
        "parent_code": "316"
    },
    "11836": {
        "name": "Trung Lập",
        "type": "xa",
        "slug": "trung-lap",
        "name_with_type": "Xã Trung Lập",
        "path": "Trung Lập, Vĩnh Bảo, Hải Phòng",
        "path_with_type": "Xã Trung Lập, Huyện Vĩnh Bảo, Thành phố Hải Phòng",
        "code": "11836",
        "parent_code": "316"
    },
    "11839": {
        "name": "Việt Tiến",
        "type": "xa",
        "slug": "viet-tien",
        "name_with_type": "Xã Việt Tiến",
        "path": "Việt Tiến, Vĩnh Bảo, Hải Phòng",
        "path_with_type": "Xã Việt Tiến, Huyện Vĩnh Bảo, Thành phố Hải Phòng",
        "code": "11839",
        "parent_code": "316"
    },
    "11842": {
        "name": "Vĩnh An",
        "type": "xa",
        "slug": "vinh-an",
        "name_with_type": "Xã Vĩnh An",
        "path": "Vĩnh An, Vĩnh Bảo, Hải Phòng",
        "path_with_type": "Xã Vĩnh An, Huyện Vĩnh Bảo, Thành phố Hải Phòng",
        "code": "11842",
        "parent_code": "316"
    },
    "11845": {
        "name": "Vĩnh Long",
        "type": "xa",
        "slug": "vinh-long",
        "name_with_type": "Xã Vĩnh Long",
        "path": "Vĩnh Long, Vĩnh Bảo, Hải Phòng",
        "path_with_type": "Xã Vĩnh Long, Huyện Vĩnh Bảo, Thành phố Hải Phòng",
        "code": "11845",
        "parent_code": "316"
    },
    "11848": {
        "name": "Hiệp Hoà",
        "type": "xa",
        "slug": "hiep-hoa",
        "name_with_type": "Xã Hiệp Hoà",
        "path": "Hiệp Hoà, Vĩnh Bảo, Hải Phòng",
        "path_with_type": "Xã Hiệp Hoà, Huyện Vĩnh Bảo, Thành phố Hải Phòng",
        "code": "11848",
        "parent_code": "316"
    },
    "11851": {
        "name": "Hùng Tiến",
        "type": "xa",
        "slug": "hung-tien",
        "name_with_type": "Xã Hùng Tiến",
        "path": "Hùng Tiến, Vĩnh Bảo, Hải Phòng",
        "path_with_type": "Xã Hùng Tiến, Huyện Vĩnh Bảo, Thành phố Hải Phòng",
        "code": "11851",
        "parent_code": "316"
    },
    "11854": {
        "name": "An Hoà",
        "type": "xa",
        "slug": "an-hoa",
        "name_with_type": "Xã An Hoà",
        "path": "An Hoà, Vĩnh Bảo, Hải Phòng",
        "path_with_type": "Xã An Hoà, Huyện Vĩnh Bảo, Thành phố Hải Phòng",
        "code": "11854",
        "parent_code": "316"
    },
    "11857": {
        "name": "Tân Hưng",
        "type": "xa",
        "slug": "tan-hung",
        "name_with_type": "Xã Tân Hưng",
        "path": "Tân Hưng, Vĩnh Bảo, Hải Phòng",
        "path_with_type": "Xã Tân Hưng, Huyện Vĩnh Bảo, Thành phố Hải Phòng",
        "code": "11857",
        "parent_code": "316"
    },
    "11860": {
        "name": "Tân Liên",
        "type": "xa",
        "slug": "tan-lien",
        "name_with_type": "Xã Tân Liên",
        "path": "Tân Liên, Vĩnh Bảo, Hải Phòng",
        "path_with_type": "Xã Tân Liên, Huyện Vĩnh Bảo, Thành phố Hải Phòng",
        "code": "11860",
        "parent_code": "316"
    },
    "11863": {
        "name": "Nhân Hoà",
        "type": "xa",
        "slug": "nhan-hoa",
        "name_with_type": "Xã Nhân Hoà",
        "path": "Nhân Hoà, Vĩnh Bảo, Hải Phòng",
        "path_with_type": "Xã Nhân Hoà, Huyện Vĩnh Bảo, Thành phố Hải Phòng",
        "code": "11863",
        "parent_code": "316"
    },
    "11866": {
        "name": "Tam Đa",
        "type": "xa",
        "slug": "tam-da",
        "name_with_type": "Xã Tam Đa",
        "path": "Tam Đa, Vĩnh Bảo, Hải Phòng",
        "path_with_type": "Xã Tam Đa, Huyện Vĩnh Bảo, Thành phố Hải Phòng",
        "code": "11866",
        "parent_code": "316"
    },
    "11869": {
        "name": "Hưng Nhân",
        "type": "xa",
        "slug": "hung-nhan",
        "name_with_type": "Xã Hưng Nhân",
        "path": "Hưng Nhân, Vĩnh Bảo, Hải Phòng",
        "path_with_type": "Xã Hưng Nhân, Huyện Vĩnh Bảo, Thành phố Hải Phòng",
        "code": "11869",
        "parent_code": "316"
    },
    "11872": {
        "name": "Vinh Quang",
        "type": "xa",
        "slug": "vinh-quang",
        "name_with_type": "Xã Vinh Quang",
        "path": "Vinh Quang, Vĩnh Bảo, Hải Phòng",
        "path_with_type": "Xã Vinh Quang, Huyện Vĩnh Bảo, Thành phố Hải Phòng",
        "code": "11872",
        "parent_code": "316"
    },
    "11875": {
        "name": "Đồng Minh",
        "type": "xa",
        "slug": "dong-minh",
        "name_with_type": "Xã Đồng Minh",
        "path": "Đồng Minh, Vĩnh Bảo, Hải Phòng",
        "path_with_type": "Xã Đồng Minh, Huyện Vĩnh Bảo, Thành phố Hải Phòng",
        "code": "11875",
        "parent_code": "316"
    },
    "11878": {
        "name": "Thanh Lương",
        "type": "xa",
        "slug": "thanh-luong",
        "name_with_type": "Xã Thanh Lương",
        "path": "Thanh Lương, Vĩnh Bảo, Hải Phòng",
        "path_with_type": "Xã Thanh Lương, Huyện Vĩnh Bảo, Thành phố Hải Phòng",
        "code": "11878",
        "parent_code": "316"
    },
    "11881": {
        "name": "Liên Am",
        "type": "xa",
        "slug": "lien-am",
        "name_with_type": "Xã Liên Am",
        "path": "Liên Am, Vĩnh Bảo, Hải Phòng",
        "path_with_type": "Xã Liên Am, Huyện Vĩnh Bảo, Thành phố Hải Phòng",
        "code": "11881",
        "parent_code": "316"
    },
    "11884": {
        "name": "Lý Học",
        "type": "xa",
        "slug": "ly-hoc",
        "name_with_type": "Xã Lý Học",
        "path": "Lý Học, Vĩnh Bảo, Hải Phòng",
        "path_with_type": "Xã Lý Học, Huyện Vĩnh Bảo, Thành phố Hải Phòng",
        "code": "11884",
        "parent_code": "316"
    },
    "11887": {
        "name": "Tam Cường",
        "type": "xa",
        "slug": "tam-cuong",
        "name_with_type": "Xã Tam Cường",
        "path": "Tam Cường, Vĩnh Bảo, Hải Phòng",
        "path_with_type": "Xã Tam Cường, Huyện Vĩnh Bảo, Thành phố Hải Phòng",
        "code": "11887",
        "parent_code": "316"
    },
    "11890": {
        "name": "Hoà Bình",
        "type": "xa",
        "slug": "hoa-binh",
        "name_with_type": "Xã Hoà Bình",
        "path": "Hoà Bình, Vĩnh Bảo, Hải Phòng",
        "path_with_type": "Xã Hoà Bình, Huyện Vĩnh Bảo, Thành phố Hải Phòng",
        "code": "11890",
        "parent_code": "316"
    },
    "11893": {
        "name": "Tiền Phong",
        "type": "xa",
        "slug": "tien-phong",
        "name_with_type": "Xã Tiền Phong",
        "path": "Tiền Phong, Vĩnh Bảo, Hải Phòng",
        "path_with_type": "Xã Tiền Phong, Huyện Vĩnh Bảo, Thành phố Hải Phòng",
        "code": "11893",
        "parent_code": "316"
    },
    "11896": {
        "name": "Vĩnh Phong",
        "type": "xa",
        "slug": "vinh-phong",
        "name_with_type": "Xã Vĩnh Phong",
        "path": "Vĩnh Phong, Vĩnh Bảo, Hải Phòng",
        "path_with_type": "Xã Vĩnh Phong, Huyện Vĩnh Bảo, Thành phố Hải Phòng",
        "code": "11896",
        "parent_code": "316"
    },
    "11899": {
        "name": "Cộng Hiền",
        "type": "xa",
        "slug": "cong-hien",
        "name_with_type": "Xã Cộng Hiền",
        "path": "Cộng Hiền, Vĩnh Bảo, Hải Phòng",
        "path_with_type": "Xã Cộng Hiền, Huyện Vĩnh Bảo, Thành phố Hải Phòng",
        "code": "11899",
        "parent_code": "316"
    },
    "11902": {
        "name": "Cao Minh",
        "type": "xa",
        "slug": "cao-minh",
        "name_with_type": "Xã Cao Minh",
        "path": "Cao Minh, Vĩnh Bảo, Hải Phòng",
        "path_with_type": "Xã Cao Minh, Huyện Vĩnh Bảo, Thành phố Hải Phòng",
        "code": "11902",
        "parent_code": "316"
    },
    "11905": {
        "name": "Cổ Am",
        "type": "xa",
        "slug": "co-am",
        "name_with_type": "Xã Cổ Am",
        "path": "Cổ Am, Vĩnh Bảo, Hải Phòng",
        "path_with_type": "Xã Cổ Am, Huyện Vĩnh Bảo, Thành phố Hải Phòng",
        "code": "11905",
        "parent_code": "316"
    },
    "11908": {
        "name": "Vĩnh Tiến",
        "type": "xa",
        "slug": "vinh-tien",
        "name_with_type": "Xã Vĩnh Tiến",
        "path": "Vĩnh Tiến, Vĩnh Bảo, Hải Phòng",
        "path_with_type": "Xã Vĩnh Tiến, Huyện Vĩnh Bảo, Thành phố Hải Phòng",
        "code": "11908",
        "parent_code": "316"
    },
    "11911": {
        "name": "Trấn Dương",
        "type": "xa",
        "slug": "tran-duong",
        "name_with_type": "Xã Trấn Dương",
        "path": "Trấn Dương, Vĩnh Bảo, Hải Phòng",
        "path_with_type": "Xã Trấn Dương, Huyện Vĩnh Bảo, Thành phố Hải Phòng",
        "code": "11911",
        "parent_code": "316"
    }
}