{
    "11914": {
        "name": "Cát Bà",
        "type": "thi-tran",
        "slug": "cat-ba",
        "name_with_type": "Thị trấn Cát Bà",
        "path": "Cát Bà, Cát Hải, Hải Phòng",
        "path_with_type": "Thị trấn Cát Bà, Huyện Cát Hải, Thành phố Hải Phòng",
        "code": "11914",
        "parent_code": "317"
    },
    "11917": {
        "name": "Cát Hải",
        "type": "thi-tran",
        "slug": "cat-hai",
        "name_with_type": "Thị trấn Cát Hải",
        "path": "Cát Hải, Cát Hải, Hải Phòng",
        "path_with_type": "Thị trấn Cát Hải, Huyện Cát Hải, Thành phố Hải Phòng",
        "code": "11917",
        "parent_code": "317"
    },
    "11920": {
        "name": "Nghĩa Lộ",
        "type": "xa",
        "slug": "nghia-lo",
        "name_with_type": "Xã Nghĩa Lộ",
        "path": "Nghĩa Lộ, Cát Hải, Hải Phòng",
        "path_with_type": "Xã Nghĩa Lộ, Huyện Cát Hải, Thành phố Hải Phòng",
        "code": "11920",
        "parent_code": "317"
    },
    "11923": {
        "name": "Đồng Bài",
        "type": "xa",
        "slug": "dong-bai",
        "name_with_type": "Xã Đồng Bài",
        "path": "Đồng Bài, Cát Hải, Hải Phòng",
        "path_with_type": "Xã Đồng Bài, Huyện Cát Hải, Thành phố Hải Phòng",
        "code": "11923",
        "parent_code": "317"
    },
    "11926": {
        "name": "Hoàng Châu",
        "type": "xa",
        "slug": "hoang-chau",
        "name_with_type": "Xã Hoàng Châu",
        "path": "Hoàng Châu, Cát Hải, Hải Phòng",
        "path_with_type": "Xã Hoàng Châu, Huyện Cát Hải, Thành phố Hải Phòng",
        "code": "11926",
        "parent_code": "317"
    },
    "11929": {
        "name": "Văn Phong",
        "type": "xa",
        "slug": "van-phong",
        "name_with_type": "Xã Văn Phong",
        "path": "Văn Phong, Cát Hải, Hải Phòng",
        "path_with_type": "Xã Văn Phong, Huyện Cát Hải, Thành phố Hải Phòng",
        "code": "11929",
        "parent_code": "317"
    },
    "11932": {
        "name": "Phù Long",
        "type": "xa",
        "slug": "phu-long",
        "name_with_type": "Xã Phù Long",
        "path": "Phù Long, Cát Hải, Hải Phòng",
        "path_with_type": "Xã Phù Long, Huyện Cát Hải, Thành phố Hải Phòng",
        "code": "11932",
        "parent_code": "317"
    },
    "11935": {
        "name": "Gia Luận",
        "type": "xa",
        "slug": "gia-luan",
        "name_with_type": "Xã Gia Luận",
        "path": "Gia Luận, Cát Hải, Hải Phòng",
        "path_with_type": "Xã Gia Luận, Huyện Cát Hải, Thành phố Hải Phòng",
        "code": "11935",
        "parent_code": "317"
    },
    "11938": {
        "name": "Hiền Hào",
        "type": "xa",
        "slug": "hien-hao",
        "name_with_type": "Xã Hiền Hào",
        "path": "Hiền Hào, Cát Hải, Hải Phòng",
        "path_with_type": "Xã Hiền Hào, Huyện Cát Hải, Thành phố Hải Phòng",
        "code": "11938",
        "parent_code": "317"
    },
    "11941": {
        "name": "Trân Châu",
        "type": "xa",
        "slug": "tran-chau",
        "name_with_type": "Xã Trân Châu",
        "path": "Trân Châu, Cát Hải, Hải Phòng",
        "path_with_type": "Xã Trân Châu, Huyện Cát Hải, Thành phố Hải Phòng",
        "code": "11941",
        "parent_code": "317"
    },
    "11944": {
        "name": "Việt Hải",
        "type": "xa",
        "slug": "viet-hai",
        "name_with_type": "Xã Việt Hải",
        "path": "Việt Hải, Cát Hải, Hải Phòng",
        "path_with_type": "Xã Việt Hải, Huyện Cát Hải, Thành phố Hải Phòng",
        "code": "11944",
        "parent_code": "317"
    },
    "11947": {
        "name": "Xuân Đám",
        "type": "xa",
        "slug": "xuan-dam",
        "name_with_type": "Xã Xuân Đám",
        "path": "Xuân Đám, Cát Hải, Hải Phòng",
        "path_with_type": "Xã Xuân Đám, Huyện Cát Hải, Thành phố Hải Phòng",
        "code": "11947",
        "parent_code": "317"
    }
}