{
    "11986": {
        "name": "Như Quỳnh",
        "type": "thi-tran",
        "slug": "nhu-quynh",
        "name_with_type": "Thị trấn Như Quỳnh",
        "path": "Như Quỳnh, Văn Lâm, Hưng Yên",
        "path_with_type": "Thị trấn Như Quỳnh, Huyện Văn Lâm, Tỉnh Hưng Yên",
        "code": "11986",
        "parent_code": "325"
    },
    "11989": {
        "name": "Lạc Đạo",
        "type": "xa",
        "slug": "lac-dao",
        "name_with_type": "Xã Lạc Đạo",
        "path": "Lạc Đạo, Văn Lâm, Hưng Yên",
        "path_with_type": "Xã Lạc Đạo, Huyện Văn Lâm, Tỉnh Hưng Yên",
        "code": "11989",
        "parent_code": "325"
    },
    "11992": {
        "name": "Chỉ Đạo",
        "type": "xa",
        "slug": "chi-dao",
        "name_with_type": "Xã Chỉ Đạo",
        "path": "Chỉ Đạo, Văn Lâm, Hưng Yên",
        "path_with_type": "Xã Chỉ Đạo, Huyện Văn Lâm, Tỉnh Hưng Yên",
        "code": "11992",
        "parent_code": "325"
    },
    "11995": {
        "name": "Đại Đồng",
        "type": "xa",
        "slug": "dai-dong",
        "name_with_type": "Xã Đại Đồng",
        "path": "Đại Đồng, Văn Lâm, Hưng Yên",
        "path_with_type": "Xã Đại Đồng, Huyện Văn Lâm, Tỉnh Hưng Yên",
        "code": "11995",
        "parent_code": "325"
    },
    "11998": {
        "name": "Việt Hưng",
        "type": "xa",
        "slug": "viet-hung",
        "name_with_type": "Xã Việt Hưng",
        "path": "Việt Hưng, Văn Lâm, Hưng Yên",
        "path_with_type": "Xã Việt Hưng, Huyện Văn Lâm, Tỉnh Hưng Yên",
        "code": "11998",
        "parent_code": "325"
    },
    "12001": {
        "name": "Tân Quang",
        "type": "xa",
        "slug": "tan-quang",
        "name_with_type": "Xã Tân Quang",
        "path": "Tân Quang, Văn Lâm, Hưng Yên",
        "path_with_type": "Xã Tân Quang, Huyện Văn Lâm, Tỉnh Hưng Yên",
        "code": "12001",
        "parent_code": "325"
    },
    "12004": {
        "name": "Đình Dù",
        "type": "xa",
        "slug": "dinh-du",
        "name_with_type": "Xã Đình Dù",
        "path": "Đình Dù, Văn Lâm, Hưng Yên",
        "path_with_type": "Xã Đình Dù, Huyện Văn Lâm, Tỉnh Hưng Yên",
        "code": "12004",
        "parent_code": "325"
    },
    "12007": {
        "name": "Minh Hải",
        "type": "xa",
        "slug": "minh-hai",
        "name_with_type": "Xã Minh Hải",
        "path": "Minh Hải, Văn Lâm, Hưng Yên",
        "path_with_type": "Xã Minh Hải, Huyện Văn Lâm, Tỉnh Hưng Yên",
        "code": "12007",
        "parent_code": "325"
    },
    "12010": {
        "name": "Lương Tài",
        "type": "xa",
        "slug": "luong-tai",
        "name_with_type": "Xã Lương Tài",
        "path": "Lương Tài, Văn Lâm, Hưng Yên",
        "path_with_type": "Xã Lương Tài, Huyện Văn Lâm, Tỉnh Hưng Yên",
        "code": "12010",
        "parent_code": "325"
    },
    "12013": {
        "name": "Trưng Trắc",
        "type": "xa",
        "slug": "trung-trac",
        "name_with_type": "Xã Trưng Trắc",
        "path": "Trưng Trắc, Văn Lâm, Hưng Yên",
        "path_with_type": "Xã Trưng Trắc, Huyện Văn Lâm, Tỉnh Hưng Yên",
        "code": "12013",
        "parent_code": "325"
    },
    "12016": {
        "name": "Lạc Hồng",
        "type": "xa",
        "slug": "lac-hong",
        "name_with_type": "Xã Lạc Hồng",
        "path": "Lạc Hồng, Văn Lâm, Hưng Yên",
        "path_with_type": "Xã Lạc Hồng, Huyện Văn Lâm, Tỉnh Hưng Yên",
        "code": "12016",
        "parent_code": "325"
    }
}