{
    "12337": {
        "name": "Vương",
        "type": "thi-tran",
        "slug": "vuong",
        "name_with_type": "Thị trấn Vương",
        "path": "Vương, Tiên Lữ, Hưng Yên",
        "path_with_type": "Thị trấn Vương, Huyện Tiên Lữ, Tỉnh Hưng Yên",
        "code": "12337",
        "parent_code": "332"
    },
    "12340": {
        "name": "Hưng Đạo",
        "type": "xa",
        "slug": "hung-dao",
        "name_with_type": "Xã Hưng Đạo",
        "path": "Hưng Đạo, Tiên Lữ, Hưng Yên",
        "path_with_type": "Xã Hưng Đạo, Huyện Tiên Lữ, Tỉnh Hưng Yên",
        "code": "12340",
        "parent_code": "332"
    },
    "12343": {
        "name": "Ngô Quyền",
        "type": "xa",
        "slug": "ngo-quyen",
        "name_with_type": "Xã Ngô Quyền",
        "path": "Ngô Quyền, Tiên Lữ, Hưng Yên",
        "path_with_type": "Xã Ngô Quyền, Huyện Tiên Lữ, Tỉnh Hưng Yên",
        "code": "12343",
        "parent_code": "332"
    },
    "12346": {
        "name": "Nhật Tân",
        "type": "xa",
        "slug": "nhat-tan",
        "name_with_type": "Xã Nhật Tân",
        "path": "Nhật Tân, Tiên Lữ, Hưng Yên",
        "path_with_type": "Xã Nhật Tân, Huyện Tiên Lữ, Tỉnh Hưng Yên",
        "code": "12346",
        "parent_code": "332"
    },
    "12349": {
        "name": "Dị Chế",
        "type": "xa",
        "slug": "di-che",
        "name_with_type": "Xã Dị Chế",
        "path": "Dị Chế, Tiên Lữ, Hưng Yên",
        "path_with_type": "Xã Dị Chế, Huyện Tiên Lữ, Tỉnh Hưng Yên",
        "code": "12349",
        "parent_code": "332"
    },
    "12352": {
        "name": "Lệ Xá",
        "type": "xa",
        "slug": "le-xa",
        "name_with_type": "Xã Lệ Xá",
        "path": "Lệ Xá, Tiên Lữ, Hưng Yên",
        "path_with_type": "Xã Lệ Xá, Huyện Tiên Lữ, Tỉnh Hưng Yên",
        "code": "12352",
        "parent_code": "332"
    },
    "12355": {
        "name": "An Viên",
        "type": "xa",
        "slug": "an-vien",
        "name_with_type": "Xã An Viên",
        "path": "An Viên, Tiên Lữ, Hưng Yên",
        "path_with_type": "Xã An Viên, Huyện Tiên Lữ, Tỉnh Hưng Yên",
        "code": "12355",
        "parent_code": "332"
    },
    "12358": {
        "name": "Đức Thắng",
        "type": "xa",
        "slug": "duc-thang",
        "name_with_type": "Xã Đức Thắng",
        "path": "Đức Thắng, Tiên Lữ, Hưng Yên",
        "path_with_type": "Xã Đức Thắng, Huyện Tiên Lữ, Tỉnh Hưng Yên",
        "code": "12358",
        "parent_code": "332"
    },
    "12361": {
        "name": "Trung Dũng",
        "type": "xa",
        "slug": "trung-dung",
        "name_with_type": "Xã Trung Dũng",
        "path": "Trung Dũng, Tiên Lữ, Hưng Yên",
        "path_with_type": "Xã Trung Dũng, Huyện Tiên Lữ, Tỉnh Hưng Yên",
        "code": "12361",
        "parent_code": "332"
    },
    "12364": {
        "name": "Hải Triều",
        "type": "xa",
        "slug": "hai-trieu",
        "name_with_type": "Xã Hải Triều",
        "path": "Hải Triều, Tiên Lữ, Hưng Yên",
        "path_with_type": "Xã Hải Triều, Huyện Tiên Lữ, Tỉnh Hưng Yên",
        "code": "12364",
        "parent_code": "332"
    },
    "12367": {
        "name": "Thủ Sỹ",
        "type": "xa",
        "slug": "thu-sy",
        "name_with_type": "Xã Thủ Sỹ",
        "path": "Thủ Sỹ, Tiên Lữ, Hưng Yên",
        "path_with_type": "Xã Thủ Sỹ, Huyện Tiên Lữ, Tỉnh Hưng Yên",
        "code": "12367",
        "parent_code": "332"
    },
    "12370": {
        "name": "Thiện Phiến",
        "type": "xa",
        "slug": "thien-phien",
        "name_with_type": "Xã Thiện Phiến",
        "path": "Thiện Phiến, Tiên Lữ, Hưng Yên",
        "path_with_type": "Xã Thiện Phiến, Huyện Tiên Lữ, Tỉnh Hưng Yên",
        "code": "12370",
        "parent_code": "332"
    },
    "12373": {
        "name": "Thụy Lôi",
        "type": "xa",
        "slug": "thuy-loi",
        "name_with_type": "Xã Thụy Lôi",
        "path": "Thụy Lôi, Tiên Lữ, Hưng Yên",
        "path_with_type": "Xã Thụy Lôi, Huyện Tiên Lữ, Tỉnh Hưng Yên",
        "code": "12373",
        "parent_code": "332"
    },
    "12376": {
        "name": "Cương Chính",
        "type": "xa",
        "slug": "cuong-chinh",
        "name_with_type": "Xã Cương Chính",
        "path": "Cương Chính, Tiên Lữ, Hưng Yên",
        "path_with_type": "Xã Cương Chính, Huyện Tiên Lữ, Tỉnh Hưng Yên",
        "code": "12376",
        "parent_code": "332"
    },
    "12379": {
        "name": "Minh Phương",
        "type": "xa",
        "slug": "minh-phuong",
        "name_with_type": "Xã Minh Phương",
        "path": "Minh Phương, Tiên Lữ, Hưng Yên",
        "path_with_type": "Xã Minh Phương, Huyện Tiên Lữ, Tỉnh Hưng Yên",
        "code": "12379",
        "parent_code": "332"
    }
}