{
    "12433": {
        "name": "Lê Hồng Phong",
        "type": "phuong",
        "slug": "le-hong-phong",
        "name_with_type": "Phường Lê Hồng Phong",
        "path": "Lê Hồng Phong, Thái Bình, Thái Bình",
        "path_with_type": "Phường Lê Hồng Phong, Thành phố Thái Bình, Tỉnh Thái Bình",
        "code": "12433",
        "parent_code": "336"
    },
    "12436": {
        "name": "Bồ Xuyên",
        "type": "phuong",
        "slug": "bo-xuyen",
        "name_with_type": "Phường Bồ Xuyên",
        "path": "Bồ Xuyên, Thái Bình, Thái Bình",
        "path_with_type": "Phường Bồ Xuyên, Thành phố Thái Bình, Tỉnh Thái Bình",
        "code": "12436",
        "parent_code": "336"
    },
    "12439": {
        "name": "Đề Thám",
        "type": "phuong",
        "slug": "de-tham",
        "name_with_type": "Phường Đề Thám",
        "path": "Đề Thám, Thái Bình, Thái Bình",
        "path_with_type": "Phường Đề Thám, Thành phố Thái Bình, Tỉnh Thái Bình",
        "code": "12439",
        "parent_code": "336"
    },
    "12442": {
        "name": "Kỳ Bá",
        "type": "phuong",
        "slug": "ky-ba",
        "name_with_type": "Phường Kỳ Bá",
        "path": "Kỳ Bá, Thái Bình, Thái Bình",
        "path_with_type": "Phường Kỳ Bá, Thành phố Thái Bình, Tỉnh Thái Bình",
        "code": "12442",
        "parent_code": "336"
    },
    "12445": {
        "name": "Quang Trung",
        "type": "phuong",
        "slug": "quang-trung",
        "name_with_type": "Phường Quang Trung",
        "path": "Quang Trung, Thái Bình, Thái Bình",
        "path_with_type": "Phường Quang Trung, Thành phố Thái Bình, Tỉnh Thái Bình",
        "code": "12445",
        "parent_code": "336"
    },
    "12448": {
        "name": "Phú Khánh",
        "type": "phuong",
        "slug": "phu-khanh",
        "name_with_type": "Phường Phú Khánh",
        "path": "Phú Khánh, Thái Bình, Thái Bình",
        "path_with_type": "Phường Phú Khánh, Thành phố Thái Bình, Tỉnh Thái Bình",
        "code": "12448",
        "parent_code": "336"
    },
    "12451": {
        "name": "Tiền Phong",
        "type": "phuong",
        "slug": "tien-phong",
        "name_with_type": "Phường Tiền Phong",
        "path": "Tiền Phong, Thái Bình, Thái Bình",
        "path_with_type": "Phường Tiền Phong, Thành phố Thái Bình, Tỉnh Thái Bình",
        "code": "12451",
        "parent_code": "336"
    },
    "12452": {
        "name": "Trần Hưng Đạo",
        "type": "phuong",
        "slug": "tran-hung-dao",
        "name_with_type": "Phường Trần Hưng Đạo",
        "path": "Trần Hưng Đạo, Thái Bình, Thái Bình",
        "path_with_type": "Phường Trần Hưng Đạo, Thành phố Thái Bình, Tỉnh Thái Bình",
        "code": "12452",
        "parent_code": "336"
    },
    "12454": {
        "name": "Trần Lãm",
        "type": "phuong",
        "slug": "tran-lam",
        "name_with_type": "Phường Trần Lãm",
        "path": "Trần Lãm, Thái Bình, Thái Bình",
        "path_with_type": "Phường Trần Lãm, Thành phố Thái Bình, Tỉnh Thái Bình",
        "code": "12454",
        "parent_code": "336"
    },
    "12457": {
        "name": "Đông Hòa",
        "type": "xa",
        "slug": "dong-hoa",
        "name_with_type": "Xã Đông Hòa",
        "path": "Đông Hòa, Thái Bình, Thái Bình",
        "path_with_type": "Xã Đông Hòa, Thành phố Thái Bình, Tỉnh Thái Bình",
        "code": "12457",
        "parent_code": "336"
    },
    "12460": {
        "name": "Hoàng Diệu",
        "type": "phuong",
        "slug": "hoang-dieu",
        "name_with_type": "Phường Hoàng Diệu",
        "path": "Hoàng Diệu, Thái Bình, Thái Bình",
        "path_with_type": "Phường Hoàng Diệu, Thành phố Thái Bình, Tỉnh Thái Bình",
        "code": "12460",
        "parent_code": "336"
    },
    "12463": {
        "name": "Phú Xuân",
        "type": "xa",
        "slug": "phu-xuan",
        "name_with_type": "Xã Phú Xuân",
        "path": "Phú Xuân, Thái Bình, Thái Bình",
        "path_with_type": "Xã Phú Xuân, Thành phố Thái Bình, Tỉnh Thái Bình",
        "code": "12463",
        "parent_code": "336"
    },
    "12466": {
        "name": "Vũ Phúc",
        "type": "xa",
        "slug": "vu-phuc",
        "name_with_type": "Xã Vũ Phúc",
        "path": "Vũ Phúc, Thái Bình, Thái Bình",
        "path_with_type": "Xã Vũ Phúc, Thành phố Thái Bình, Tỉnh Thái Bình",
        "code": "12466",
        "parent_code": "336"
    },
    "12469": {
        "name": "Vũ Chính",
        "type": "xa",
        "slug": "vu-chinh",
        "name_with_type": "Xã Vũ Chính",
        "path": "Vũ Chính, Thái Bình, Thái Bình",
        "path_with_type": "Xã Vũ Chính, Thành phố Thái Bình, Tỉnh Thái Bình",
        "code": "12469",
        "parent_code": "336"
    },
    "12817": {
        "name": "Đông Mỹ",
        "type": "xa",
        "slug": "dong-my",
        "name_with_type": "Xã Đông Mỹ",
        "path": "Đông Mỹ, Thái Bình, Thái Bình",
        "path_with_type": "Xã Đông Mỹ, Thành phố Thái Bình, Tỉnh Thái Bình",
        "code": "12817",
        "parent_code": "336"
    },
    "12820": {
        "name": "Đông Thọ",
        "type": "xa",
        "slug": "dong-tho",
        "name_with_type": "Xã Đông Thọ",
        "path": "Đông Thọ, Thái Bình, Thái Bình",
        "path_with_type": "Xã Đông Thọ, Thành phố Thái Bình, Tỉnh Thái Bình",
        "code": "12820",
        "parent_code": "336"
    },
    "13084": {
        "name": "Vũ Đông",
        "type": "xa",
        "slug": "vu-dong",
        "name_with_type": "Xã Vũ Đông",
        "path": "Vũ Đông, Thái Bình, Thái Bình",
        "path_with_type": "Xã Vũ Đông, Thành phố Thái Bình, Tỉnh Thái Bình",
        "code": "13084",
        "parent_code": "336"
    },
    "13108": {
        "name": "Vũ Lạc",
        "type": "xa",
        "slug": "vu-lac",
        "name_with_type": "Xã Vũ Lạc",
        "path": "Vũ Lạc, Thái Bình, Thái Bình",
        "path_with_type": "Xã Vũ Lạc, Thành phố Thái Bình, Tỉnh Thái Bình",
        "code": "13108",
        "parent_code": "336"
    },
    "13225": {
        "name": "Tân Bình",
        "type": "xa",
        "slug": "tan-binh",
        "name_with_type": "Xã Tân Bình",
        "path": "Tân Bình, Thái Bình, Thái Bình",
        "path_with_type": "Xã Tân Bình, Thành phố Thái Bình, Tỉnh Thái Bình",
        "code": "13225",
        "parent_code": "336"
    }
}