{
    "12586": {
        "name": "Hưng Hà",
        "type": "thi-tran",
        "slug": "hung-ha",
        "name_with_type": "Thị trấn Hưng Hà",
        "path": "Hưng Hà, Hưng Hà, Thái Bình",
        "path_with_type": "Thị trấn Hưng Hà, Huyện Hưng Hà, Tỉnh Thái Bình",
        "code": "12586",
        "parent_code": "339"
    },
    "12589": {
        "name": "Điệp Nông",
        "type": "xa",
        "slug": "diep-nong",
        "name_with_type": "Xã Điệp Nông",
        "path": "Điệp Nông, Hưng Hà, Thái Bình",
        "path_with_type": "Xã Điệp Nông, Huyện Hưng Hà, Tỉnh Thái Bình",
        "code": "12589",
        "parent_code": "339"
    },
    "12592": {
        "name": "Tân Lễ",
        "type": "xa",
        "slug": "tan-le",
        "name_with_type": "Xã Tân Lễ",
        "path": "Tân Lễ, Hưng Hà, Thái Bình",
        "path_with_type": "Xã Tân Lễ, Huyện Hưng Hà, Tỉnh Thái Bình",
        "code": "12592",
        "parent_code": "339"
    },
    "12595": {
        "name": "Cộng Hòa",
        "type": "xa",
        "slug": "cong-hoa",
        "name_with_type": "Xã Cộng Hòa",
        "path": "Cộng Hòa, Hưng Hà, Thái Bình",
        "path_with_type": "Xã Cộng Hòa, Huyện Hưng Hà, Tỉnh Thái Bình",
        "code": "12595",
        "parent_code": "339"
    },
    "12598": {
        "name": "Dân Chủ",
        "type": "xa",
        "slug": "dan-chu",
        "name_with_type": "Xã Dân Chủ",
        "path": "Dân Chủ, Hưng Hà, Thái Bình",
        "path_with_type": "Xã Dân Chủ, Huyện Hưng Hà, Tỉnh Thái Bình",
        "code": "12598",
        "parent_code": "339"
    },
    "12601": {
        "name": "Canh Tân",
        "type": "xa",
        "slug": "canh-tan",
        "name_with_type": "Xã Canh Tân",
        "path": "Canh Tân, Hưng Hà, Thái Bình",
        "path_with_type": "Xã Canh Tân, Huyện Hưng Hà, Tỉnh Thái Bình",
        "code": "12601",
        "parent_code": "339"
    },
    "12604": {
        "name": "Hòa Tiến",
        "type": "xa",
        "slug": "hoa-tien",
        "name_with_type": "Xã Hòa Tiến",
        "path": "Hòa Tiến, Hưng Hà, Thái Bình",
        "path_with_type": "Xã Hòa Tiến, Huyện Hưng Hà, Tỉnh Thái Bình",
        "code": "12604",
        "parent_code": "339"
    },
    "12607": {
        "name": "Hùng Dũng",
        "type": "xa",
        "slug": "hung-dung",
        "name_with_type": "Xã Hùng Dũng",
        "path": "Hùng Dũng, Hưng Hà, Thái Bình",
        "path_with_type": "Xã Hùng Dũng, Huyện Hưng Hà, Tỉnh Thái Bình",
        "code": "12607",
        "parent_code": "339"
    },
    "12610": {
        "name": "Tân Tiến",
        "type": "xa",
        "slug": "tan-tien",
        "name_with_type": "Xã Tân Tiến",
        "path": "Tân Tiến, Hưng Hà, Thái Bình",
        "path_with_type": "Xã Tân Tiến, Huyện Hưng Hà, Tỉnh Thái Bình",
        "code": "12610",
        "parent_code": "339"
    },
    "12613": {
        "name": "Hưng Nhân",
        "type": "thi-tran",
        "slug": "hung-nhan",
        "name_with_type": "Thị trấn Hưng Nhân",
        "path": "Hưng Nhân, Hưng Hà, Thái Bình",
        "path_with_type": "Thị trấn Hưng Nhân, Huyện Hưng Hà, Tỉnh Thái Bình",
        "code": "12613",
        "parent_code": "339"
    },
    "12616": {
        "name": "Đoan Hùng",
        "type": "xa",
        "slug": "doan-hung",
        "name_with_type": "Xã Đoan Hùng",
        "path": "Đoan Hùng, Hưng Hà, Thái Bình",
        "path_with_type": "Xã Đoan Hùng, Huyện Hưng Hà, Tỉnh Thái Bình",
        "code": "12616",
        "parent_code": "339"
    },
    "12619": {
        "name": "Duyên Hải",
        "type": "xa",
        "slug": "duyen-hai",
        "name_with_type": "Xã Duyên Hải",
        "path": "Duyên Hải, Hưng Hà, Thái Bình",
        "path_with_type": "Xã Duyên Hải, Huyện Hưng Hà, Tỉnh Thái Bình",
        "code": "12619",
        "parent_code": "339"
    },
    "12622": {
        "name": "Tân Hòa",
        "type": "xa",
        "slug": "tan-hoa",
        "name_with_type": "Xã Tân Hòa",
        "path": "Tân Hòa, Hưng Hà, Thái Bình",
        "path_with_type": "Xã Tân Hòa, Huyện Hưng Hà, Tỉnh Thái Bình",
        "code": "12622",
        "parent_code": "339"
    },
    "12625": {
        "name": "Văn Cẩm",
        "type": "xa",
        "slug": "van-cam",
        "name_with_type": "Xã Văn Cẩm",
        "path": "Văn Cẩm, Hưng Hà, Thái Bình",
        "path_with_type": "Xã Văn Cẩm, Huyện Hưng Hà, Tỉnh Thái Bình",
        "code": "12625",
        "parent_code": "339"
    },
    "12628": {
        "name": "Bắc Sơn",
        "type": "xa",
        "slug": "bac-son",
        "name_with_type": "Xã Bắc Sơn",
        "path": "Bắc Sơn, Hưng Hà, Thái Bình",
        "path_with_type": "Xã Bắc Sơn, Huyện Hưng Hà, Tỉnh Thái Bình",
        "code": "12628",
        "parent_code": "339"
    },
    "12631": {
        "name": "Đông Đô",
        "type": "xa",
        "slug": "dong-do",
        "name_with_type": "Xã Đông Đô",
        "path": "Đông Đô, Hưng Hà, Thái Bình",
        "path_with_type": "Xã Đông Đô, Huyện Hưng Hà, Tỉnh Thái Bình",
        "code": "12631",
        "parent_code": "339"
    },
    "12634": {
        "name": "Phúc Khánh",
        "type": "xa",
        "slug": "phuc-khanh",
        "name_with_type": "Xã Phúc Khánh",
        "path": "Phúc Khánh, Hưng Hà, Thái Bình",
        "path_with_type": "Xã Phúc Khánh, Huyện Hưng Hà, Tỉnh Thái Bình",
        "code": "12634",
        "parent_code": "339"
    },
    "12637": {
        "name": "Liên Hiệp",
        "type": "xa",
        "slug": "lien-hiep",
        "name_with_type": "Xã Liên Hiệp",
        "path": "Liên Hiệp, Hưng Hà, Thái Bình",
        "path_with_type": "Xã Liên Hiệp, Huyện Hưng Hà, Tỉnh Thái Bình",
        "code": "12637",
        "parent_code": "339"
    },
    "12640": {
        "name": "Tây Đô",
        "type": "xa",
        "slug": "tay-do",
        "name_with_type": "Xã Tây Đô",
        "path": "Tây Đô, Hưng Hà, Thái Bình",
        "path_with_type": "Xã Tây Đô, Huyện Hưng Hà, Tỉnh Thái Bình",
        "code": "12640",
        "parent_code": "339"
    },
    "12643": {
        "name": "Thống Nhất",
        "type": "xa",
        "slug": "thong-nhat",
        "name_with_type": "Xã Thống Nhất",
        "path": "Thống Nhất, Hưng Hà, Thái Bình",
        "path_with_type": "Xã Thống Nhất, Huyện Hưng Hà, Tỉnh Thái Bình",
        "code": "12643",
        "parent_code": "339"
    },
    "12646": {
        "name": "Tiến Đức",
        "type": "xa",
        "slug": "tien-duc",
        "name_with_type": "Xã Tiến Đức",
        "path": "Tiến Đức, Hưng Hà, Thái Bình",
        "path_with_type": "Xã Tiến Đức, Huyện Hưng Hà, Tỉnh Thái Bình",
        "code": "12646",
        "parent_code": "339"
    },
    "12649": {
        "name": "Thái Hưng",
        "type": "xa",
        "slug": "thai-hung",
        "name_with_type": "Xã Thái Hưng",
        "path": "Thái Hưng, Hưng Hà, Thái Bình",
        "path_with_type": "Xã Thái Hưng, Huyện Hưng Hà, Tỉnh Thái Bình",
        "code": "12649",
        "parent_code": "339"
    },
    "12652": {
        "name": "Thái Phương",
        "type": "xa",
        "slug": "thai-phuong",
        "name_with_type": "Xã Thái Phương",
        "path": "Thái Phương, Hưng Hà, Thái Bình",
        "path_with_type": "Xã Thái Phương, Huyện Hưng Hà, Tỉnh Thái Bình",
        "code": "12652",
        "parent_code": "339"
    },
    "12655": {
        "name": "Hòa Bình",
        "type": "xa",
        "slug": "hoa-binh",
        "name_with_type": "Xã Hòa Bình",
        "path": "Hòa Bình, Hưng Hà, Thái Bình",
        "path_with_type": "Xã Hòa Bình, Huyện Hưng Hà, Tỉnh Thái Bình",
        "code": "12655",
        "parent_code": "339"
    },
    "12656": {
        "name": "Chi Lăng",
        "type": "xa",
        "slug": "chi-lang",
        "name_with_type": "Xã Chi Lăng",
        "path": "Chi Lăng, Hưng Hà, Thái Bình",
        "path_with_type": "Xã Chi Lăng, Huyện Hưng Hà, Tỉnh Thái Bình",
        "code": "12656",
        "parent_code": "339"
    },
    "12658": {
        "name": "Minh Khai",
        "type": "xa",
        "slug": "minh-khai",
        "name_with_type": "Xã Minh Khai",
        "path": "Minh Khai, Hưng Hà, Thái Bình",
        "path_with_type": "Xã Minh Khai, Huyện Hưng Hà, Tỉnh Thái Bình",
        "code": "12658",
        "parent_code": "339"
    },
    "12661": {
        "name": "Hồng An",
        "type": "xa",
        "slug": "hong-an",
        "name_with_type": "Xã Hồng An",
        "path": "Hồng An, Hưng Hà, Thái Bình",
        "path_with_type": "Xã Hồng An, Huyện Hưng Hà, Tỉnh Thái Bình",
        "code": "12661",
        "parent_code": "339"
    },
    "12664": {
        "name": "Kim Chung",
        "type": "xa",
        "slug": "kim-chung",
        "name_with_type": "Xã Kim Chung",
        "path": "Kim Chung, Hưng Hà, Thái Bình",
        "path_with_type": "Xã Kim Chung, Huyện Hưng Hà, Tỉnh Thái Bình",
        "code": "12664",
        "parent_code": "339"
    },
    "12667": {
        "name": "Hồng Lĩnh",
        "type": "xa",
        "slug": "hong-linh",
        "name_with_type": "Xã Hồng Lĩnh",
        "path": "Hồng Lĩnh, Hưng Hà, Thái Bình",
        "path_with_type": "Xã Hồng Lĩnh, Huyện Hưng Hà, Tỉnh Thái Bình",
        "code": "12667",
        "parent_code": "339"
    },
    "12670": {
        "name": "Minh Tân",
        "type": "xa",
        "slug": "minh-tan",
        "name_with_type": "Xã Minh Tân",
        "path": "Minh Tân, Hưng Hà, Thái Bình",
        "path_with_type": "Xã Minh Tân, Huyện Hưng Hà, Tỉnh Thái Bình",
        "code": "12670",
        "parent_code": "339"
    },
    "12673": {
        "name": "Văn Lang",
        "type": "xa",
        "slug": "van-lang",
        "name_with_type": "Xã Văn Lang",
        "path": "Văn Lang, Hưng Hà, Thái Bình",
        "path_with_type": "Xã Văn Lang, Huyện Hưng Hà, Tỉnh Thái Bình",
        "code": "12673",
        "parent_code": "339"
    },
    "12676": {
        "name": "Độc Lập",
        "type": "xa",
        "slug": "doc-lap",
        "name_with_type": "Xã Độc Lập",
        "path": "Độc Lập, Hưng Hà, Thái Bình",
        "path_with_type": "Xã Độc Lập, Huyện Hưng Hà, Tỉnh Thái Bình",
        "code": "12676",
        "parent_code": "339"
    },
    "12679": {
        "name": "Chí Hòa",
        "type": "xa",
        "slug": "chi-hoa",
        "name_with_type": "Xã Chí Hòa",
        "path": "Chí Hòa, Hưng Hà, Thái Bình",
        "path_with_type": "Xã Chí Hòa, Huyện Hưng Hà, Tỉnh Thái Bình",
        "code": "12679",
        "parent_code": "339"
    },
    "12682": {
        "name": "Minh Hòa",
        "type": "xa",
        "slug": "minh-hoa",
        "name_with_type": "Xã Minh Hòa",
        "path": "Minh Hòa, Hưng Hà, Thái Bình",
        "path_with_type": "Xã Minh Hòa, Huyện Hưng Hà, Tỉnh Thái Bình",
        "code": "12682",
        "parent_code": "339"
    },
    "12685": {
        "name": "Hồng Minh",
        "type": "xa",
        "slug": "hong-minh",
        "name_with_type": "Xã Hồng Minh",
        "path": "Hồng Minh, Hưng Hà, Thái Bình",
        "path_with_type": "Xã Hồng Minh, Huyện Hưng Hà, Tỉnh Thái Bình",
        "code": "12685",
        "parent_code": "339"
    }
}