{
    "12826": {
        "name": "Diêm Điền",
        "type": "thi-tran",
        "slug": "diem-dien",
        "name_with_type": "Thị trấn Diêm Điền",
        "path": "Diêm Điền, Thái Thụy, Thái Bình",
        "path_with_type": "Thị trấn Diêm Điền, Huyện Thái Thụy, Tỉnh Thái Bình",
        "code": "12826",
        "parent_code": "341"
    },
    "12829": {
        "name": "Thụy Tân",
        "type": "xa",
        "slug": "thuy-tan",
        "name_with_type": "Xã Thụy Tân",
        "path": "Thụy Tân, Thái Thụy, Thái Bình",
        "path_with_type": "Xã Thụy Tân, Huyện Thái Thụy, Tỉnh Thái Bình",
        "code": "12829",
        "parent_code": "341"
    },
    "12832": {
        "name": "Thụy Trường",
        "type": "xa",
        "slug": "thuy-truong",
        "name_with_type": "Xã Thụy Trường",
        "path": "Thụy Trường, Thái Thụy, Thái Bình",
        "path_with_type": "Xã Thụy Trường, Huyện Thái Thụy, Tỉnh Thái Bình",
        "code": "12832",
        "parent_code": "341"
    },
    "12835": {
        "name": "Hồng Quỳnh",
        "type": "xa",
        "slug": "hong-quynh",
        "name_with_type": "Xã Hồng Quỳnh",
        "path": "Hồng Quỳnh, Thái Thụy, Thái Bình",
        "path_with_type": "Xã Hồng Quỳnh, Huyện Thái Thụy, Tỉnh Thái Bình",
        "code": "12835",
        "parent_code": "341"
    },
    "12838": {
        "name": "Thụy Dũng",
        "type": "xa",
        "slug": "thuy-dung",
        "name_with_type": "Xã Thụy Dũng",
        "path": "Thụy Dũng, Thái Thụy, Thái Bình",
        "path_with_type": "Xã Thụy Dũng, Huyện Thái Thụy, Tỉnh Thái Bình",
        "code": "12838",
        "parent_code": "341"
    },
    "12841": {
        "name": "Thụy Hồng",
        "type": "xa",
        "slug": "thuy-hong",
        "name_with_type": "Xã Thụy Hồng",
        "path": "Thụy Hồng, Thái Thụy, Thái Bình",
        "path_with_type": "Xã Thụy Hồng, Huyện Thái Thụy, Tỉnh Thái Bình",
        "code": "12841",
        "parent_code": "341"
    },
    "12844": {
        "name": "Thụy Quỳnh",
        "type": "xa",
        "slug": "thuy-quynh",
        "name_with_type": "Xã Thụy Quỳnh",
        "path": "Thụy Quỳnh, Thái Thụy, Thái Bình",
        "path_with_type": "Xã Thụy Quỳnh, Huyện Thái Thụy, Tỉnh Thái Bình",
        "code": "12844",
        "parent_code": "341"
    },
    "12847": {
        "name": "Thụy An",
        "type": "xa",
        "slug": "thuy-an",
        "name_with_type": "Xã Thụy An",
        "path": "Thụy An, Thái Thụy, Thái Bình",
        "path_with_type": "Xã Thụy An, Huyện Thái Thụy, Tỉnh Thái Bình",
        "code": "12847",
        "parent_code": "341"
    },
    "12850": {
        "name": "Thụy Ninh",
        "type": "xa",
        "slug": "thuy-ninh",
        "name_with_type": "Xã Thụy Ninh",
        "path": "Thụy Ninh, Thái Thụy, Thái Bình",
        "path_with_type": "Xã Thụy Ninh, Huyện Thái Thụy, Tỉnh Thái Bình",
        "code": "12850",
        "parent_code": "341"
    },
    "12853": {
        "name": "Thụy Hưng",
        "type": "xa",
        "slug": "thuy-hung",
        "name_with_type": "Xã Thụy Hưng",
        "path": "Thụy Hưng, Thái Thụy, Thái Bình",
        "path_with_type": "Xã Thụy Hưng, Huyện Thái Thụy, Tỉnh Thái Bình",
        "code": "12853",
        "parent_code": "341"
    },
    "12856": {
        "name": "Thụy Việt",
        "type": "xa",
        "slug": "thuy-viet",
        "name_with_type": "Xã Thụy Việt",
        "path": "Thụy Việt, Thái Thụy, Thái Bình",
        "path_with_type": "Xã Thụy Việt, Huyện Thái Thụy, Tỉnh Thái Bình",
        "code": "12856",
        "parent_code": "341"
    },
    "12859": {
        "name": "Thụy Văn",
        "type": "xa",
        "slug": "thuy-van",
        "name_with_type": "Xã Thụy Văn",
        "path": "Thụy Văn, Thái Thụy, Thái Bình",
        "path_with_type": "Xã Thụy Văn, Huyện Thái Thụy, Tỉnh Thái Bình",
        "code": "12859",
        "parent_code": "341"
    },
    "12862": {
        "name": "Thụy Xuân",
        "type": "xa",
        "slug": "thuy-xuan",
        "name_with_type": "Xã Thụy Xuân",
        "path": "Thụy Xuân, Thái Thụy, Thái Bình",
        "path_with_type": "Xã Thụy Xuân, Huyện Thái Thụy, Tỉnh Thái Bình",
        "code": "12862",
        "parent_code": "341"
    },
    "12865": {
        "name": "Thụy Dương",
        "type": "xa",
        "slug": "thuy-duong",
        "name_with_type": "Xã Thụy Dương",
        "path": "Thụy Dương, Thái Thụy, Thái Bình",
        "path_with_type": "Xã Thụy Dương, Huyện Thái Thụy, Tỉnh Thái Bình",
        "code": "12865",
        "parent_code": "341"
    },
    "12868": {
        "name": "Thụy Trình",
        "type": "xa",
        "slug": "thuy-trinh",
        "name_with_type": "Xã Thụy Trình",
        "path": "Thụy Trình, Thái Thụy, Thái Bình",
        "path_with_type": "Xã Thụy Trình, Huyện Thái Thụy, Tỉnh Thái Bình",
        "code": "12868",
        "parent_code": "341"
    },
    "12871": {
        "name": "Thụy Bình",
        "type": "xa",
        "slug": "thuy-binh",
        "name_with_type": "Xã Thụy Bình",
        "path": "Thụy Bình, Thái Thụy, Thái Bình",
        "path_with_type": "Xã Thụy Bình, Huyện Thái Thụy, Tỉnh Thái Bình",
        "code": "12871",
        "parent_code": "341"
    },
    "12874": {
        "name": "Thụy Chính",
        "type": "xa",
        "slug": "thuy-chinh",
        "name_with_type": "Xã Thụy Chính",
        "path": "Thụy Chính, Thái Thụy, Thái Bình",
        "path_with_type": "Xã Thụy Chính, Huyện Thái Thụy, Tỉnh Thái Bình",
        "code": "12874",
        "parent_code": "341"
    },
    "12877": {
        "name": "Thụy Dân",
        "type": "xa",
        "slug": "thuy-dan",
        "name_with_type": "Xã Thụy Dân",
        "path": "Thụy Dân, Thái Thụy, Thái Bình",
        "path_with_type": "Xã Thụy Dân, Huyện Thái Thụy, Tỉnh Thái Bình",
        "code": "12877",
        "parent_code": "341"
    },
    "12880": {
        "name": "Thụy Hải",
        "type": "xa",
        "slug": "thuy-hai",
        "name_with_type": "Xã Thụy Hải",
        "path": "Thụy Hải, Thái Thụy, Thái Bình",
        "path_with_type": "Xã Thụy Hải, Huyện Thái Thụy, Tỉnh Thái Bình",
        "code": "12880",
        "parent_code": "341"
    },
    "12883": {
        "name": "Thụy Phúc",
        "type": "xa",
        "slug": "thuy-phuc",
        "name_with_type": "Xã Thụy Phúc",
        "path": "Thụy Phúc, Thái Thụy, Thái Bình",
        "path_with_type": "Xã Thụy Phúc, Huyện Thái Thụy, Tỉnh Thái Bình",
        "code": "12883",
        "parent_code": "341"
    },
    "12886": {
        "name": "Thụy Lương",
        "type": "xa",
        "slug": "thuy-luong",
        "name_with_type": "Xã Thụy Lương",
        "path": "Thụy Lương, Thái Thụy, Thái Bình",
        "path_with_type": "Xã Thụy Lương, Huyện Thái Thụy, Tỉnh Thái Bình",
        "code": "12886",
        "parent_code": "341"
    },
    "12889": {
        "name": "Thụy Liên",
        "type": "xa",
        "slug": "thuy-lien",
        "name_with_type": "Xã Thụy Liên",
        "path": "Thụy Liên, Thái Thụy, Thái Bình",
        "path_with_type": "Xã Thụy Liên, Huyện Thái Thụy, Tỉnh Thái Bình",
        "code": "12889",
        "parent_code": "341"
    },
    "12892": {
        "name": "Thụy Duyên",
        "type": "xa",
        "slug": "thuy-duyen",
        "name_with_type": "Xã Thụy Duyên",
        "path": "Thụy Duyên, Thái Thụy, Thái Bình",
        "path_with_type": "Xã Thụy Duyên, Huyện Thái Thụy, Tỉnh Thái Bình",
        "code": "12892",
        "parent_code": "341"
    },
    "12895": {
        "name": "Thụy Hà",
        "type": "xa",
        "slug": "thuy-ha",
        "name_with_type": "Xã Thụy Hà",
        "path": "Thụy Hà, Thái Thụy, Thái Bình",
        "path_with_type": "Xã Thụy Hà, Huyện Thái Thụy, Tỉnh Thái Bình",
        "code": "12895",
        "parent_code": "341"
    },
    "12898": {
        "name": "Thụy Thanh",
        "type": "xa",
        "slug": "thuy-thanh",
        "name_with_type": "Xã Thụy Thanh",
        "path": "Thụy Thanh, Thái Thụy, Thái Bình",
        "path_with_type": "Xã Thụy Thanh, Huyện Thái Thụy, Tỉnh Thái Bình",
        "code": "12898",
        "parent_code": "341"
    },
    "12901": {
        "name": "Thụy Sơn",
        "type": "xa",
        "slug": "thuy-son",
        "name_with_type": "Xã Thụy Sơn",
        "path": "Thụy Sơn, Thái Thụy, Thái Bình",
        "path_with_type": "Xã Thụy Sơn, Huyện Thái Thụy, Tỉnh Thái Bình",
        "code": "12901",
        "parent_code": "341"
    },
    "12904": {
        "name": "Thụy Phong",
        "type": "xa",
        "slug": "thuy-phong",
        "name_with_type": "Xã Thụy Phong",
        "path": "Thụy Phong, Thái Thụy, Thái Bình",
        "path_with_type": "Xã Thụy Phong, Huyện Thái Thụy, Tỉnh Thái Bình",
        "code": "12904",
        "parent_code": "341"
    },
    "12907": {
        "name": "Thái Thượng",
        "type": "xa",
        "slug": "thai-thuong",
        "name_with_type": "Xã Thái Thượng",
        "path": "Thái Thượng, Thái Thụy, Thái Bình",
        "path_with_type": "Xã Thái Thượng, Huyện Thái Thụy, Tỉnh Thái Bình",
        "code": "12907",
        "parent_code": "341"
    },
    "12910": {
        "name": "Thái Nguyên",
        "type": "xa",
        "slug": "thai-nguyen",
        "name_with_type": "Xã Thái Nguyên",
        "path": "Thái Nguyên, Thái Thụy, Thái Bình",
        "path_with_type": "Xã Thái Nguyên, Huyện Thái Thụy, Tỉnh Thái Bình",
        "code": "12910",
        "parent_code": "341"
    },
    "12913": {
        "name": "Thái Thủy",
        "type": "xa",
        "slug": "thai-thuy",
        "name_with_type": "Xã Thái Thủy",
        "path": "Thái Thủy, Thái Thụy, Thái Bình",
        "path_with_type": "Xã Thái Thủy, Huyện Thái Thụy, Tỉnh Thái Bình",
        "code": "12913",
        "parent_code": "341"
    },
    "12916": {
        "name": "Thái Dương",
        "type": "xa",
        "slug": "thai-duong",
        "name_with_type": "Xã Thái Dương",
        "path": "Thái Dương, Thái Thụy, Thái Bình",
        "path_with_type": "Xã Thái Dương, Huyện Thái Thụy, Tỉnh Thái Bình",
        "code": "12916",
        "parent_code": "341"
    },
    "12919": {
        "name": "Thái Giang",
        "type": "xa",
        "slug": "thai-giang",
        "name_with_type": "Xã Thái Giang",
        "path": "Thái Giang, Thái Thụy, Thái Bình",
        "path_with_type": "Xã Thái Giang, Huyện Thái Thụy, Tỉnh Thái Bình",
        "code": "12919",
        "parent_code": "341"
    },
    "12922": {
        "name": "Thái Hòa",
        "type": "xa",
        "slug": "thai-hoa",
        "name_with_type": "Xã Thái Hòa",
        "path": "Thái Hòa, Thái Thụy, Thái Bình",
        "path_with_type": "Xã Thái Hòa, Huyện Thái Thụy, Tỉnh Thái Bình",
        "code": "12922",
        "parent_code": "341"
    },
    "12925": {
        "name": "Thái Sơn",
        "type": "xa",
        "slug": "thai-son",
        "name_with_type": "Xã Thái Sơn",
        "path": "Thái Sơn, Thái Thụy, Thái Bình",
        "path_with_type": "Xã Thái Sơn, Huyện Thái Thụy, Tỉnh Thái Bình",
        "code": "12925",
        "parent_code": "341"
    },
    "12928": {
        "name": "Thái Hồng",
        "type": "xa",
        "slug": "thai-hong",
        "name_with_type": "Xã Thái Hồng",
        "path": "Thái Hồng, Thái Thụy, Thái Bình",
        "path_with_type": "Xã Thái Hồng, Huyện Thái Thụy, Tỉnh Thái Bình",
        "code": "12928",
        "parent_code": "341"
    },
    "12931": {
        "name": "Thái An",
        "type": "xa",
        "slug": "thai-an",
        "name_with_type": "Xã Thái An",
        "path": "Thái An, Thái Thụy, Thái Bình",
        "path_with_type": "Xã Thái An, Huyện Thái Thụy, Tỉnh Thái Bình",
        "code": "12931",
        "parent_code": "341"
    },
    "12934": {
        "name": "Thái Phúc",
        "type": "xa",
        "slug": "thai-phuc",
        "name_with_type": "Xã Thái Phúc",
        "path": "Thái Phúc, Thái Thụy, Thái Bình",
        "path_with_type": "Xã Thái Phúc, Huyện Thái Thụy, Tỉnh Thái Bình",
        "code": "12934",
        "parent_code": "341"
    },
    "12937": {
        "name": "Thái Hưng",
        "type": "xa",
        "slug": "thai-hung",
        "name_with_type": "Xã Thái Hưng",
        "path": "Thái Hưng, Thái Thụy, Thái Bình",
        "path_with_type": "Xã Thái Hưng, Huyện Thái Thụy, Tỉnh Thái Bình",
        "code": "12937",
        "parent_code": "341"
    },
    "12940": {
        "name": "Thái Đô",
        "type": "xa",
        "slug": "thai-do",
        "name_with_type": "Xã Thái Đô",
        "path": "Thái Đô, Thái Thụy, Thái Bình",
        "path_with_type": "Xã Thái Đô, Huyện Thái Thụy, Tỉnh Thái Bình",
        "code": "12940",
        "parent_code": "341"
    },
    "12943": {
        "name": "Thái Xuyên",
        "type": "xa",
        "slug": "thai-xuyen",
        "name_with_type": "Xã Thái Xuyên",
        "path": "Thái Xuyên, Thái Thụy, Thái Bình",
        "path_with_type": "Xã Thái Xuyên, Huyện Thái Thụy, Tỉnh Thái Bình",
        "code": "12943",
        "parent_code": "341"
    },
    "12946": {
        "name": "Thái Hà",
        "type": "xa",
        "slug": "thai-ha",
        "name_with_type": "Xã Thái Hà",
        "path": "Thái Hà, Thái Thụy, Thái Bình",
        "path_with_type": "Xã Thái Hà, Huyện Thái Thụy, Tỉnh Thái Bình",
        "code": "12946",
        "parent_code": "341"
    },
    "12949": {
        "name": "Mỹ Lộc",
        "type": "xa",
        "slug": "my-loc",
        "name_with_type": "Xã  Mỹ Lộc",
        "path": "Mỹ Lộc, Thái Thụy, Thái Bình",
        "path_with_type": "Xã  Mỹ Lộc, Huyện Thái Thụy, Tỉnh Thái Bình",
        "code": "12949",
        "parent_code": "341"
    },
    "12952": {
        "name": "Thái Tân",
        "type": "xa",
        "slug": "thai-tan",
        "name_with_type": "Xã Thái Tân",
        "path": "Thái Tân, Thái Thụy, Thái Bình",
        "path_with_type": "Xã Thái Tân, Huyện Thái Thụy, Tỉnh Thái Bình",
        "code": "12952",
        "parent_code": "341"
    },
    "12955": {
        "name": "Thái Thuần",
        "type": "xa",
        "slug": "thai-thuan",
        "name_with_type": "Xã Thái Thuần",
        "path": "Thái Thuần, Thái Thụy, Thái Bình",
        "path_with_type": "Xã Thái Thuần, Huyện Thái Thụy, Tỉnh Thái Bình",
        "code": "12955",
        "parent_code": "341"
    },
    "12958": {
        "name": "Thái Học",
        "type": "xa",
        "slug": "thai-hoc",
        "name_with_type": "Xã Thái Học",
        "path": "Thái Học, Thái Thụy, Thái Bình",
        "path_with_type": "Xã Thái Học, Huyện Thái Thụy, Tỉnh Thái Bình",
        "code": "12958",
        "parent_code": "341"
    },
    "12961": {
        "name": "Thái Thịnh",
        "type": "xa",
        "slug": "thai-thinh",
        "name_with_type": "Xã Thái Thịnh",
        "path": "Thái Thịnh, Thái Thụy, Thái Bình",
        "path_with_type": "Xã Thái Thịnh, Huyện Thái Thụy, Tỉnh Thái Bình",
        "code": "12961",
        "parent_code": "341"
    },
    "12964": {
        "name": "Thái Thành",
        "type": "xa",
        "slug": "thai-thanh",
        "name_with_type": "Xã Thái Thành",
        "path": "Thái Thành, Thái Thụy, Thái Bình",
        "path_with_type": "Xã Thái Thành, Huyện Thái Thụy, Tỉnh Thái Bình",
        "code": "12964",
        "parent_code": "341"
    },
    "12967": {
        "name": "Thái Thọ",
        "type": "xa",
        "slug": "thai-tho",
        "name_with_type": "Xã Thái Thọ",
        "path": "Thái Thọ, Thái Thụy, Thái Bình",
        "path_with_type": "Xã Thái Thọ, Huyện Thái Thụy, Tỉnh Thái Bình",
        "code": "12967",
        "parent_code": "341"
    }
}