{
    "13384": {
        "name": "Quế",
        "type": "thi-tran",
        "slug": "que",
        "name_with_type": "Thị trấn Quế",
        "path": "Quế, Kim Bảng, Hà Nam",
        "path_with_type": "Thị trấn Quế, Huyện Kim Bảng, Tỉnh Hà Nam",
        "code": "13384",
        "parent_code": "350"
    },
    "13387": {
        "name": "Nguyễn Úy",
        "type": "xa",
        "slug": "nguyen-uy",
        "name_with_type": "Xã Nguyễn Úy",
        "path": "Nguyễn Úy, Kim Bảng, Hà Nam",
        "path_with_type": "Xã Nguyễn Úy, Huyện Kim Bảng, Tỉnh Hà Nam",
        "code": "13387",
        "parent_code": "350"
    },
    "13390": {
        "name": "Đại Cương",
        "type": "xa",
        "slug": "dai-cuong",
        "name_with_type": "Xã Đại Cương",
        "path": "Đại Cương, Kim Bảng, Hà Nam",
        "path_with_type": "Xã Đại Cương, Huyện Kim Bảng, Tỉnh Hà Nam",
        "code": "13390",
        "parent_code": "350"
    },
    "13393": {
        "name": "Lê Hồ",
        "type": "xa",
        "slug": "le-ho",
        "name_with_type": "Xã Lê Hồ",
        "path": "Lê Hồ, Kim Bảng, Hà Nam",
        "path_with_type": "Xã Lê Hồ, Huyện Kim Bảng, Tỉnh Hà Nam",
        "code": "13393",
        "parent_code": "350"
    },
    "13396": {
        "name": "Tượng Lĩnh",
        "type": "xa",
        "slug": "tuong-linh",
        "name_with_type": "Xã Tượng Lĩnh",
        "path": "Tượng Lĩnh, Kim Bảng, Hà Nam",
        "path_with_type": "Xã Tượng Lĩnh, Huyện Kim Bảng, Tỉnh Hà Nam",
        "code": "13396",
        "parent_code": "350"
    },
    "13399": {
        "name": "Nhật Tựu",
        "type": "xa",
        "slug": "nhat-tuu",
        "name_with_type": "Xã Nhật Tựu",
        "path": "Nhật Tựu, Kim Bảng, Hà Nam",
        "path_with_type": "Xã Nhật Tựu, Huyện Kim Bảng, Tỉnh Hà Nam",
        "code": "13399",
        "parent_code": "350"
    },
    "13402": {
        "name": "Nhật Tân",
        "type": "xa",
        "slug": "nhat-tan",
        "name_with_type": "Xã Nhật Tân",
        "path": "Nhật Tân, Kim Bảng, Hà Nam",
        "path_with_type": "Xã Nhật Tân, Huyện Kim Bảng, Tỉnh Hà Nam",
        "code": "13402",
        "parent_code": "350"
    },
    "13405": {
        "name": "Đồng Hóa",
        "type": "xa",
        "slug": "dong-hoa",
        "name_with_type": "Xã Đồng Hóa",
        "path": "Đồng Hóa, Kim Bảng, Hà Nam",
        "path_with_type": "Xã Đồng Hóa, Huyện Kim Bảng, Tỉnh Hà Nam",
        "code": "13405",
        "parent_code": "350"
    },
    "13408": {
        "name": "Hoàng Tây",
        "type": "xa",
        "slug": "hoang-tay",
        "name_with_type": "Xã Hoàng Tây",
        "path": "Hoàng Tây, Kim Bảng, Hà Nam",
        "path_with_type": "Xã Hoàng Tây, Huyện Kim Bảng, Tỉnh Hà Nam",
        "code": "13408",
        "parent_code": "350"
    },
    "13411": {
        "name": "Tân Sơn",
        "type": "xa",
        "slug": "tan-son",
        "name_with_type": "Xã Tân Sơn",
        "path": "Tân Sơn, Kim Bảng, Hà Nam",
        "path_with_type": "Xã Tân Sơn, Huyện Kim Bảng, Tỉnh Hà Nam",
        "code": "13411",
        "parent_code": "350"
    },
    "13414": {
        "name": "Thụy Lôi",
        "type": "xa",
        "slug": "thuy-loi",
        "name_with_type": "Xã Thụy Lôi",
        "path": "Thụy Lôi, Kim Bảng, Hà Nam",
        "path_with_type": "Xã Thụy Lôi, Huyện Kim Bảng, Tỉnh Hà Nam",
        "code": "13414",
        "parent_code": "350"
    },
    "13417": {
        "name": "Văn Xá",
        "type": "xa",
        "slug": "van-xa",
        "name_with_type": "Xã Văn Xá",
        "path": "Văn Xá, Kim Bảng, Hà Nam",
        "path_with_type": "Xã Văn Xá, Huyện Kim Bảng, Tỉnh Hà Nam",
        "code": "13417",
        "parent_code": "350"
    },
    "13420": {
        "name": "Khả Phong",
        "type": "xa",
        "slug": "kha-phong",
        "name_with_type": "Xã Khả Phong",
        "path": "Khả Phong, Kim Bảng, Hà Nam",
        "path_with_type": "Xã Khả Phong, Huyện Kim Bảng, Tỉnh Hà Nam",
        "code": "13420",
        "parent_code": "350"
    },
    "13423": {
        "name": "Ngọc Sơn",
        "type": "xa",
        "slug": "ngoc-son",
        "name_with_type": "Xã Ngọc Sơn",
        "path": "Ngọc Sơn, Kim Bảng, Hà Nam",
        "path_with_type": "Xã Ngọc Sơn, Huyện Kim Bảng, Tỉnh Hà Nam",
        "code": "13423",
        "parent_code": "350"
    },
    "13429": {
        "name": "Ba Sao",
        "type": "thi-tran",
        "slug": "ba-sao",
        "name_with_type": "Thị trấn Ba Sao",
        "path": "Ba Sao, Kim Bảng, Hà Nam",
        "path_with_type": "Thị trấn Ba Sao, Huyện Kim Bảng, Tỉnh Hà Nam",
        "code": "13429",
        "parent_code": "350"
    },
    "13432": {
        "name": "Liên Sơn",
        "type": "xa",
        "slug": "lien-son",
        "name_with_type": "Xã Liên Sơn",
        "path": "Liên Sơn, Kim Bảng, Hà Nam",
        "path_with_type": "Xã Liên Sơn, Huyện Kim Bảng, Tỉnh Hà Nam",
        "code": "13432",
        "parent_code": "350"
    },
    "13435": {
        "name": "Thi Sơn",
        "type": "xa",
        "slug": "thi-son",
        "name_with_type": "Xã Thi Sơn",
        "path": "Thi Sơn, Kim Bảng, Hà Nam",
        "path_with_type": "Xã Thi Sơn, Huyện Kim Bảng, Tỉnh Hà Nam",
        "code": "13435",
        "parent_code": "350"
    },
    "13438": {
        "name": "Thanh Sơn",
        "type": "xa",
        "slug": "thanh-son",
        "name_with_type": "Xã Thanh Sơn",
        "path": "Thanh Sơn, Kim Bảng, Hà Nam",
        "path_with_type": "Xã Thanh Sơn, Huyện Kim Bảng, Tỉnh Hà Nam",
        "code": "13438",
        "parent_code": "350"
    }
}