{
    "13564": {
        "name": "Vĩnh Trụ",
        "type": "thi-tran",
        "slug": "vinh-tru",
        "name_with_type": "Thị trấn Vĩnh Trụ",
        "path": "Vĩnh Trụ, Lý Nhân, Hà Nam",
        "path_with_type": "Thị trấn Vĩnh Trụ, Huyện Lý Nhân, Tỉnh Hà Nam",
        "code": "13564",
        "parent_code": "353"
    },
    "13567": {
        "name": "Hợp Lý",
        "type": "xa",
        "slug": "hop-ly",
        "name_with_type": "Xã Hợp Lý",
        "path": "Hợp Lý, Lý Nhân, Hà Nam",
        "path_with_type": "Xã Hợp Lý, Huyện Lý Nhân, Tỉnh Hà Nam",
        "code": "13567",
        "parent_code": "353"
    },
    "13570": {
        "name": "Nguyên Lý",
        "type": "xa",
        "slug": "nguyen-ly",
        "name_with_type": "Xã Nguyên Lý",
        "path": "Nguyên Lý, Lý Nhân, Hà Nam",
        "path_with_type": "Xã Nguyên Lý, Huyện Lý Nhân, Tỉnh Hà Nam",
        "code": "13570",
        "parent_code": "353"
    },
    "13573": {
        "name": "Chính Lý",
        "type": "xa",
        "slug": "chinh-ly",
        "name_with_type": "Xã Chính Lý",
        "path": "Chính Lý, Lý Nhân, Hà Nam",
        "path_with_type": "Xã Chính Lý, Huyện Lý Nhân, Tỉnh Hà Nam",
        "code": "13573",
        "parent_code": "353"
    },
    "13576": {
        "name": "Chân Lý",
        "type": "xa",
        "slug": "chan-ly",
        "name_with_type": "Xã Chân Lý",
        "path": "Chân Lý, Lý Nhân, Hà Nam",
        "path_with_type": "Xã Chân Lý, Huyện Lý Nhân, Tỉnh Hà Nam",
        "code": "13576",
        "parent_code": "353"
    },
    "13579": {
        "name": "Đạo Lý",
        "type": "xa",
        "slug": "dao-ly",
        "name_with_type": "Xã Đạo Lý",
        "path": "Đạo Lý, Lý Nhân, Hà Nam",
        "path_with_type": "Xã Đạo Lý, Huyện Lý Nhân, Tỉnh Hà Nam",
        "code": "13579",
        "parent_code": "353"
    },
    "13582": {
        "name": "Công Lý",
        "type": "xa",
        "slug": "cong-ly",
        "name_with_type": "Xã Công Lý",
        "path": "Công Lý, Lý Nhân, Hà Nam",
        "path_with_type": "Xã Công Lý, Huyện Lý Nhân, Tỉnh Hà Nam",
        "code": "13582",
        "parent_code": "353"
    },
    "13585": {
        "name": "Văn Lý",
        "type": "xa",
        "slug": "van-ly",
        "name_with_type": "Xã Văn Lý",
        "path": "Văn Lý, Lý Nhân, Hà Nam",
        "path_with_type": "Xã Văn Lý, Huyện Lý Nhân, Tỉnh Hà Nam",
        "code": "13585",
        "parent_code": "353"
    },
    "13588": {
        "name": "Bắc Lý",
        "type": "xa",
        "slug": "bac-ly",
        "name_with_type": "Xã Bắc Lý",
        "path": "Bắc Lý, Lý Nhân, Hà Nam",
        "path_with_type": "Xã Bắc Lý, Huyện Lý Nhân, Tỉnh Hà Nam",
        "code": "13588",
        "parent_code": "353"
    },
    "13591": {
        "name": "Đức Lý",
        "type": "xa",
        "slug": "duc-ly",
        "name_with_type": "Xã Đức Lý",
        "path": "Đức Lý, Lý Nhân, Hà Nam",
        "path_with_type": "Xã Đức Lý, Huyện Lý Nhân, Tỉnh Hà Nam",
        "code": "13591",
        "parent_code": "353"
    },
    "13594": {
        "name": "Nhân Đạo",
        "type": "xa",
        "slug": "nhan-dao",
        "name_with_type": "Xã Nhân Đạo",
        "path": "Nhân Đạo, Lý Nhân, Hà Nam",
        "path_with_type": "Xã Nhân Đạo, Huyện Lý Nhân, Tỉnh Hà Nam",
        "code": "13594",
        "parent_code": "353"
    },
    "13597": {
        "name": "Đồng Lý",
        "type": "xa",
        "slug": "dong-ly",
        "name_with_type": "Xã Đồng Lý",
        "path": "Đồng Lý, Lý Nhân, Hà Nam",
        "path_with_type": "Xã Đồng Lý, Huyện Lý Nhân, Tỉnh Hà Nam",
        "code": "13597",
        "parent_code": "353"
    },
    "13600": {
        "name": "Nhân Thịnh",
        "type": "xa",
        "slug": "nhan-thinh",
        "name_with_type": "Xã Nhân Thịnh",
        "path": "Nhân Thịnh, Lý Nhân, Hà Nam",
        "path_with_type": "Xã Nhân Thịnh, Huyện Lý Nhân, Tỉnh Hà Nam",
        "code": "13600",
        "parent_code": "353"
    },
    "13603": {
        "name": "Nhân Hưng",
        "type": "xa",
        "slug": "nhan-hung",
        "name_with_type": "Xã Nhân Hưng",
        "path": "Nhân Hưng, Lý Nhân, Hà Nam",
        "path_with_type": "Xã Nhân Hưng, Huyện Lý Nhân, Tỉnh Hà Nam",
        "code": "13603",
        "parent_code": "353"
    },
    "13606": {
        "name": "Nhân Khang",
        "type": "xa",
        "slug": "nhan-khang",
        "name_with_type": "Xã Nhân Khang",
        "path": "Nhân Khang, Lý Nhân, Hà Nam",
        "path_with_type": "Xã Nhân Khang, Huyện Lý Nhân, Tỉnh Hà Nam",
        "code": "13606",
        "parent_code": "353"
    },
    "13609": {
        "name": "Nhân Mỹ",
        "type": "xa",
        "slug": "nhan-my",
        "name_with_type": "Xã Nhân Mỹ",
        "path": "Nhân Mỹ, Lý Nhân, Hà Nam",
        "path_with_type": "Xã Nhân Mỹ, Huyện Lý Nhân, Tỉnh Hà Nam",
        "code": "13609",
        "parent_code": "353"
    },
    "13612": {
        "name": "Nhân Nghĩa",
        "type": "xa",
        "slug": "nhan-nghia",
        "name_with_type": "Xã Nhân Nghĩa",
        "path": "Nhân Nghĩa, Lý Nhân, Hà Nam",
        "path_with_type": "Xã Nhân Nghĩa, Huyện Lý Nhân, Tỉnh Hà Nam",
        "code": "13612",
        "parent_code": "353"
    },
    "13615": {
        "name": "Nhân Chính",
        "type": "xa",
        "slug": "nhan-chinh",
        "name_with_type": "Xã Nhân Chính",
        "path": "Nhân Chính, Lý Nhân, Hà Nam",
        "path_with_type": "Xã Nhân Chính, Huyện Lý Nhân, Tỉnh Hà Nam",
        "code": "13615",
        "parent_code": "353"
    },
    "13618": {
        "name": "Nhân Bình",
        "type": "xa",
        "slug": "nhan-binh",
        "name_with_type": "Xã Nhân Bình",
        "path": "Nhân Bình, Lý Nhân, Hà Nam",
        "path_with_type": "Xã Nhân Bình, Huyện Lý Nhân, Tỉnh Hà Nam",
        "code": "13618",
        "parent_code": "353"
    },
    "13621": {
        "name": "Phú Phúc",
        "type": "xa",
        "slug": "phu-phuc",
        "name_with_type": "Xã Phú Phúc",
        "path": "Phú Phúc, Lý Nhân, Hà Nam",
        "path_with_type": "Xã Phú Phúc, Huyện Lý Nhân, Tỉnh Hà Nam",
        "code": "13621",
        "parent_code": "353"
    },
    "13624": {
        "name": "Xuân Khê",
        "type": "xa",
        "slug": "xuan-khe",
        "name_with_type": "Xã Xuân Khê",
        "path": "Xuân Khê, Lý Nhân, Hà Nam",
        "path_with_type": "Xã Xuân Khê, Huyện Lý Nhân, Tỉnh Hà Nam",
        "code": "13624",
        "parent_code": "353"
    },
    "13627": {
        "name": "Tiến Thắng",
        "type": "xa",
        "slug": "tien-thang",
        "name_with_type": "Xã Tiến Thắng",
        "path": "Tiến Thắng, Lý Nhân, Hà Nam",
        "path_with_type": "Xã Tiến Thắng, Huyện Lý Nhân, Tỉnh Hà Nam",
        "code": "13627",
        "parent_code": "353"
    },
    "13630": {
        "name": "Hòa Hậu",
        "type": "xa",
        "slug": "hoa-hau",
        "name_with_type": "Xã Hòa Hậu",
        "path": "Hòa Hậu, Lý Nhân, Hà Nam",
        "path_with_type": "Xã Hòa Hậu, Huyện Lý Nhân, Tỉnh Hà Nam",
        "code": "13630",
        "parent_code": "353"
    }
}