{
    "13741": {
        "name": "Gôi",
        "type": "thi-tran",
        "slug": "goi",
        "name_with_type": "Thị trấn Gôi",
        "path": "Gôi, Vụ Bản, Nam Định",
        "path_with_type": "Thị trấn Gôi, Huyện Vụ Bản, Tỉnh Nam Định",
        "code": "13741",
        "parent_code": "359"
    },
    "13744": {
        "name": "Minh Thuận",
        "type": "xa",
        "slug": "minh-thuan",
        "name_with_type": "Xã Minh Thuận",
        "path": "Minh Thuận, Vụ Bản, Nam Định",
        "path_with_type": "Xã Minh Thuận, Huyện Vụ Bản, Tỉnh Nam Định",
        "code": "13744",
        "parent_code": "359"
    },
    "13747": {
        "name": "Hiển Khánh",
        "type": "xa",
        "slug": "hien-khanh",
        "name_with_type": "Xã Hiển Khánh",
        "path": "Hiển Khánh, Vụ Bản, Nam Định",
        "path_with_type": "Xã Hiển Khánh, Huyện Vụ Bản, Tỉnh Nam Định",
        "code": "13747",
        "parent_code": "359"
    },
    "13750": {
        "name": "Tân Khánh",
        "type": "xa",
        "slug": "tan-khanh",
        "name_with_type": "Xã Tân Khánh",
        "path": "Tân Khánh, Vụ Bản, Nam Định",
        "path_with_type": "Xã Tân Khánh, Huyện Vụ Bản, Tỉnh Nam Định",
        "code": "13750",
        "parent_code": "359"
    },
    "13753": {
        "name": "Hợp Hưng",
        "type": "xa",
        "slug": "hop-hung",
        "name_with_type": "Xã Hợp Hưng",
        "path": "Hợp Hưng, Vụ Bản, Nam Định",
        "path_with_type": "Xã Hợp Hưng, Huyện Vụ Bản, Tỉnh Nam Định",
        "code": "13753",
        "parent_code": "359"
    },
    "13756": {
        "name": "Đại An",
        "type": "xa",
        "slug": "dai-an",
        "name_with_type": "Xã Đại An",
        "path": "Đại An, Vụ Bản, Nam Định",
        "path_with_type": "Xã Đại An, Huyện Vụ Bản, Tỉnh Nam Định",
        "code": "13756",
        "parent_code": "359"
    },
    "13759": {
        "name": "Tân Thành",
        "type": "xa",
        "slug": "tan-thanh",
        "name_with_type": "Xã Tân Thành",
        "path": "Tân Thành, Vụ Bản, Nam Định",
        "path_with_type": "Xã Tân Thành, Huyện Vụ Bản, Tỉnh Nam Định",
        "code": "13759",
        "parent_code": "359"
    },
    "13762": {
        "name": "Cộng Hòa",
        "type": "xa",
        "slug": "cong-hoa",
        "name_with_type": "Xã Cộng Hòa",
        "path": "Cộng Hòa, Vụ Bản, Nam Định",
        "path_with_type": "Xã Cộng Hòa, Huyện Vụ Bản, Tỉnh Nam Định",
        "code": "13762",
        "parent_code": "359"
    },
    "13765": {
        "name": "Trung Thành",
        "type": "xa",
        "slug": "trung-thanh",
        "name_with_type": "Xã Trung Thành",
        "path": "Trung Thành, Vụ Bản, Nam Định",
        "path_with_type": "Xã Trung Thành, Huyện Vụ Bản, Tỉnh Nam Định",
        "code": "13765",
        "parent_code": "359"
    },
    "13768": {
        "name": "Quang Trung",
        "type": "xa",
        "slug": "quang-trung",
        "name_with_type": "Xã Quang Trung",
        "path": "Quang Trung, Vụ Bản, Nam Định",
        "path_with_type": "Xã Quang Trung, Huyện Vụ Bản, Tỉnh Nam Định",
        "code": "13768",
        "parent_code": "359"
    },
    "13771": {
        "name": "Minh Tân",
        "type": "xa",
        "slug": "minh-tan",
        "name_with_type": "Xã Minh Tân",
        "path": "Minh Tân, Vụ Bản, Nam Định",
        "path_with_type": "Xã Minh Tân, Huyện Vụ Bản, Tỉnh Nam Định",
        "code": "13771",
        "parent_code": "359"
    },
    "13774": {
        "name": "Liên Bảo",
        "type": "xa",
        "slug": "lien-bao",
        "name_with_type": "Xã Liên Bảo",
        "path": "Liên Bảo, Vụ Bản, Nam Định",
        "path_with_type": "Xã Liên Bảo, Huyện Vụ Bản, Tỉnh Nam Định",
        "code": "13774",
        "parent_code": "359"
    },
    "13777": {
        "name": "Thành Lợi",
        "type": "xa",
        "slug": "thanh-loi",
        "name_with_type": "Xã Thành Lợi",
        "path": "Thành Lợi, Vụ Bản, Nam Định",
        "path_with_type": "Xã Thành Lợi, Huyện Vụ Bản, Tỉnh Nam Định",
        "code": "13777",
        "parent_code": "359"
    },
    "13780": {
        "name": "Kim Thái",
        "type": "xa",
        "slug": "kim-thai",
        "name_with_type": "Xã Kim Thái",
        "path": "Kim Thái, Vụ Bản, Nam Định",
        "path_with_type": "Xã Kim Thái, Huyện Vụ Bản, Tỉnh Nam Định",
        "code": "13780",
        "parent_code": "359"
    },
    "13783": {
        "name": "Liên Minh",
        "type": "xa",
        "slug": "lien-minh",
        "name_with_type": "Xã Liên Minh",
        "path": "Liên Minh, Vụ Bản, Nam Định",
        "path_with_type": "Xã Liên Minh, Huyện Vụ Bản, Tỉnh Nam Định",
        "code": "13783",
        "parent_code": "359"
    },
    "13786": {
        "name": "Đại Thắng",
        "type": "xa",
        "slug": "dai-thang",
        "name_with_type": "Xã Đại Thắng",
        "path": "Đại Thắng, Vụ Bản, Nam Định",
        "path_with_type": "Xã Đại Thắng, Huyện Vụ Bản, Tỉnh Nam Định",
        "code": "13786",
        "parent_code": "359"
    },
    "13789": {
        "name": "Tam Thanh",
        "type": "xa",
        "slug": "tam-thanh",
        "name_with_type": "Xã Tam Thanh",
        "path": "Tam Thanh, Vụ Bản, Nam Định",
        "path_with_type": "Xã Tam Thanh, Huyện Vụ Bản, Tỉnh Nam Định",
        "code": "13789",
        "parent_code": "359"
    },
    "13792": {
        "name": "Vĩnh Hào",
        "type": "xa",
        "slug": "vinh-hao",
        "name_with_type": "Xã Vĩnh Hào",
        "path": "Vĩnh Hào, Vụ Bản, Nam Định",
        "path_with_type": "Xã Vĩnh Hào, Huyện Vụ Bản, Tỉnh Nam Định",
        "code": "13792",
        "parent_code": "359"
    }
}