{
    "14089": {
        "name": "Xuân Trường",
        "type": "thi-tran",
        "slug": "xuan-truong",
        "name_with_type": "Thị trấn Xuân Trường",
        "path": "Xuân Trường, Xuân Trường, Nam Định",
        "path_with_type": "Thị trấn Xuân Trường, Huyện Xuân Trường, Tỉnh Nam Định",
        "code": "14089",
        "parent_code": "364"
    },
    "14092": {
        "name": "Xuân Châu",
        "type": "xa",
        "slug": "xuan-chau",
        "name_with_type": "Xã Xuân Châu",
        "path": "Xuân Châu, Xuân Trường, Nam Định",
        "path_with_type": "Xã Xuân Châu, Huyện Xuân Trường, Tỉnh Nam Định",
        "code": "14092",
        "parent_code": "364"
    },
    "14095": {
        "name": "Xuân Hồng",
        "type": "xa",
        "slug": "xuan-hong",
        "name_with_type": "Xã Xuân Hồng",
        "path": "Xuân Hồng, Xuân Trường, Nam Định",
        "path_with_type": "Xã Xuân Hồng, Huyện Xuân Trường, Tỉnh Nam Định",
        "code": "14095",
        "parent_code": "364"
    },
    "14098": {
        "name": "Xuân Thành",
        "type": "xa",
        "slug": "xuan-thanh",
        "name_with_type": "Xã Xuân Thành",
        "path": "Xuân Thành, Xuân Trường, Nam Định",
        "path_with_type": "Xã Xuân Thành, Huyện Xuân Trường, Tỉnh Nam Định",
        "code": "14098",
        "parent_code": "364"
    },
    "14101": {
        "name": "Xuân Thượng",
        "type": "xa",
        "slug": "xuan-thuong",
        "name_with_type": "Xã Xuân Thượng",
        "path": "Xuân Thượng, Xuân Trường, Nam Định",
        "path_with_type": "Xã Xuân Thượng, Huyện Xuân Trường, Tỉnh Nam Định",
        "code": "14101",
        "parent_code": "364"
    },
    "14104": {
        "name": "Xuân Phong",
        "type": "xa",
        "slug": "xuan-phong",
        "name_with_type": "Xã Xuân Phong",
        "path": "Xuân Phong, Xuân Trường, Nam Định",
        "path_with_type": "Xã Xuân Phong, Huyện Xuân Trường, Tỉnh Nam Định",
        "code": "14104",
        "parent_code": "364"
    },
    "14107": {
        "name": "Xuân Đài",
        "type": "xa",
        "slug": "xuan-dai",
        "name_with_type": "Xã Xuân Đài",
        "path": "Xuân Đài, Xuân Trường, Nam Định",
        "path_with_type": "Xã Xuân Đài, Huyện Xuân Trường, Tỉnh Nam Định",
        "code": "14107",
        "parent_code": "364"
    },
    "14110": {
        "name": "Xuân Tân",
        "type": "xa",
        "slug": "xuan-tan",
        "name_with_type": "Xã Xuân Tân",
        "path": "Xuân Tân, Xuân Trường, Nam Định",
        "path_with_type": "Xã Xuân Tân, Huyện Xuân Trường, Tỉnh Nam Định",
        "code": "14110",
        "parent_code": "364"
    },
    "14113": {
        "name": "Xuân Thủy",
        "type": "xa",
        "slug": "xuan-thuy",
        "name_with_type": "Xã Xuân Thủy",
        "path": "Xuân Thủy, Xuân Trường, Nam Định",
        "path_with_type": "Xã Xuân Thủy, Huyện Xuân Trường, Tỉnh Nam Định",
        "code": "14113",
        "parent_code": "364"
    },
    "14116": {
        "name": "Xuân Ngọc",
        "type": "xa",
        "slug": "xuan-ngoc",
        "name_with_type": "Xã Xuân Ngọc",
        "path": "Xuân Ngọc, Xuân Trường, Nam Định",
        "path_with_type": "Xã Xuân Ngọc, Huyện Xuân Trường, Tỉnh Nam Định",
        "code": "14116",
        "parent_code": "364"
    },
    "14119": {
        "name": "Xuân Bắc",
        "type": "xa",
        "slug": "xuan-bac",
        "name_with_type": "Xã Xuân Bắc",
        "path": "Xuân Bắc, Xuân Trường, Nam Định",
        "path_with_type": "Xã Xuân Bắc, Huyện Xuân Trường, Tỉnh Nam Định",
        "code": "14119",
        "parent_code": "364"
    },
    "14122": {
        "name": "Xuân Phương",
        "type": "xa",
        "slug": "xuan-phuong",
        "name_with_type": "Xã Xuân Phương",
        "path": "Xuân Phương, Xuân Trường, Nam Định",
        "path_with_type": "Xã Xuân Phương, Huyện Xuân Trường, Tỉnh Nam Định",
        "code": "14122",
        "parent_code": "364"
    },
    "14125": {
        "name": "Thọ Nghiệp",
        "type": "xa",
        "slug": "tho-nghiep",
        "name_with_type": "Xã Thọ Nghiệp",
        "path": "Thọ Nghiệp, Xuân Trường, Nam Định",
        "path_with_type": "Xã Thọ Nghiệp, Huyện Xuân Trường, Tỉnh Nam Định",
        "code": "14125",
        "parent_code": "364"
    },
    "14128": {
        "name": "Xuân Phú",
        "type": "xa",
        "slug": "xuan-phu",
        "name_with_type": "Xã Xuân Phú",
        "path": "Xuân Phú, Xuân Trường, Nam Định",
        "path_with_type": "Xã Xuân Phú, Huyện Xuân Trường, Tỉnh Nam Định",
        "code": "14128",
        "parent_code": "364"
    },
    "14131": {
        "name": "Xuân Trung",
        "type": "xa",
        "slug": "xuan-trung",
        "name_with_type": "Xã Xuân Trung",
        "path": "Xuân Trung, Xuân Trường, Nam Định",
        "path_with_type": "Xã Xuân Trung, Huyện Xuân Trường, Tỉnh Nam Định",
        "code": "14131",
        "parent_code": "364"
    },
    "14134": {
        "name": "Xuân Vinh",
        "type": "xa",
        "slug": "xuan-vinh",
        "name_with_type": "Xã Xuân Vinh",
        "path": "Xuân Vinh, Xuân Trường, Nam Định",
        "path_with_type": "Xã Xuân Vinh, Huyện Xuân Trường, Tỉnh Nam Định",
        "code": "14134",
        "parent_code": "364"
    },
    "14137": {
        "name": "Xuân Kiên",
        "type": "xa",
        "slug": "xuan-kien",
        "name_with_type": "Xã Xuân Kiên",
        "path": "Xuân Kiên, Xuân Trường, Nam Định",
        "path_with_type": "Xã Xuân Kiên, Huyện Xuân Trường, Tỉnh Nam Định",
        "code": "14137",
        "parent_code": "364"
    },
    "14140": {
        "name": "Xuân Tiến",
        "type": "xa",
        "slug": "xuan-tien",
        "name_with_type": "Xã Xuân Tiến",
        "path": "Xuân Tiến, Xuân Trường, Nam Định",
        "path_with_type": "Xã Xuân Tiến, Huyện Xuân Trường, Tỉnh Nam Định",
        "code": "14140",
        "parent_code": "364"
    },
    "14143": {
        "name": "Xuân Ninh",
        "type": "xa",
        "slug": "xuan-ninh",
        "name_with_type": "Xã Xuân Ninh",
        "path": "Xuân Ninh, Xuân Trường, Nam Định",
        "path_with_type": "Xã Xuân Ninh, Huyện Xuân Trường, Tỉnh Nam Định",
        "code": "14143",
        "parent_code": "364"
    },
    "14146": {
        "name": "Xuân Hòa",
        "type": "xa",
        "slug": "xuan-hoa",
        "name_with_type": "Xã Xuân Hòa",
        "path": "Xuân Hòa, Xuân Trường, Nam Định",
        "path_with_type": "Xã Xuân Hòa, Huyện Xuân Trường, Tỉnh Nam Định",
        "code": "14146",
        "parent_code": "364"
    }
}