{
    "14362": {
        "name": "Bắc Sơn",
        "type": "phuong",
        "slug": "bac-son",
        "name_with_type": "Phường Bắc Sơn",
        "path": "Bắc Sơn, Tam Điệp, Ninh Bình",
        "path_with_type": "Phường Bắc Sơn, Thành phố Tam Điệp, Tỉnh Ninh Bình",
        "code": "14362",
        "parent_code": "370"
    },
    "14365": {
        "name": "Trung Sơn",
        "type": "phuong",
        "slug": "trung-son",
        "name_with_type": "Phường Trung Sơn",
        "path": "Trung Sơn, Tam Điệp, Ninh Bình",
        "path_with_type": "Phường Trung Sơn, Thành phố Tam Điệp, Tỉnh Ninh Bình",
        "code": "14365",
        "parent_code": "370"
    },
    "14368": {
        "name": "Nam Sơn",
        "type": "phuong",
        "slug": "nam-son",
        "name_with_type": "Phường Nam Sơn",
        "path": "Nam Sơn, Tam Điệp, Ninh Bình",
        "path_with_type": "Phường Nam Sơn, Thành phố Tam Điệp, Tỉnh Ninh Bình",
        "code": "14368",
        "parent_code": "370"
    },
    "14369": {
        "name": "Tây Sơn",
        "type": "phuong",
        "slug": "tay-son",
        "name_with_type": "Phường Tây Sơn",
        "path": "Tây Sơn, Tam Điệp, Ninh Bình",
        "path_with_type": "Phường Tây Sơn, Thành phố Tam Điệp, Tỉnh Ninh Bình",
        "code": "14369",
        "parent_code": "370"
    },
    "14371": {
        "name": "Yên Sơn",
        "type": "xa",
        "slug": "yen-son",
        "name_with_type": "Xã Yên Sơn",
        "path": "Yên Sơn, Tam Điệp, Ninh Bình",
        "path_with_type": "Xã Yên Sơn, Thành phố Tam Điệp, Tỉnh Ninh Bình",
        "code": "14371",
        "parent_code": "370"
    },
    "14374": {
        "name": "Yên Bình",
        "type": "phuong",
        "slug": "yen-binh",
        "name_with_type": "Phường Yên Bình",
        "path": "Yên Bình, Tam Điệp, Ninh Bình",
        "path_with_type": "Phường Yên Bình, Thành phố Tam Điệp, Tỉnh Ninh Bình",
        "code": "14374",
        "parent_code": "370"
    },
    "14375": {
        "name": "Tân Bình",
        "type": "phuong",
        "slug": "tan-binh",
        "name_with_type": "Phường Tân Bình",
        "path": "Tân Bình, Tam Điệp, Ninh Bình",
        "path_with_type": "Phường Tân Bình, Thành phố Tam Điệp, Tỉnh Ninh Bình",
        "code": "14375",
        "parent_code": "370"
    },
    "14377": {
        "name": "Quang Sơn",
        "type": "xa",
        "slug": "quang-son",
        "name_with_type": "Xã Quang Sơn",
        "path": "Quang Sơn, Tam Điệp, Ninh Bình",
        "path_with_type": "Xã Quang Sơn, Thành phố Tam Điệp, Tỉnh Ninh Bình",
        "code": "14377",
        "parent_code": "370"
    },
    "14380": {
        "name": "Đông Sơn",
        "type": "xa",
        "slug": "dong-son",
        "name_with_type": "Xã Đông Sơn",
        "path": "Đông Sơn, Tam Điệp, Ninh Bình",
        "path_with_type": "Xã Đông Sơn, Thành phố Tam Điệp, Tỉnh Ninh Bình",
        "code": "14380",
        "parent_code": "370"
    }
}