{
    "14383": {
        "name": "Nho Quan",
        "type": "thi-tran",
        "slug": "nho-quan",
        "name_with_type": "Thị trấn Nho Quan",
        "path": "Nho Quan, Nho Quan, Ninh Bình",
        "path_with_type": "Thị trấn Nho Quan, Huyện Nho Quan, Tỉnh Ninh Bình",
        "code": "14383",
        "parent_code": "372"
    },
    "14386": {
        "name": "Xích Thổ",
        "type": "xa",
        "slug": "xich-tho",
        "name_with_type": "Xã Xích Thổ",
        "path": "Xích Thổ, Nho Quan, Ninh Bình",
        "path_with_type": "Xã Xích Thổ, Huyện Nho Quan, Tỉnh Ninh Bình",
        "code": "14386",
        "parent_code": "372"
    },
    "14389": {
        "name": "Gia Lâm",
        "type": "xa",
        "slug": "gia-lam",
        "name_with_type": "Xã Gia Lâm",
        "path": "Gia Lâm, Nho Quan, Ninh Bình",
        "path_with_type": "Xã Gia Lâm, Huyện Nho Quan, Tỉnh Ninh Bình",
        "code": "14389",
        "parent_code": "372"
    },
    "14392": {
        "name": "Gia Sơn",
        "type": "xa",
        "slug": "gia-son",
        "name_with_type": "Xã Gia Sơn",
        "path": "Gia Sơn, Nho Quan, Ninh Bình",
        "path_with_type": "Xã Gia Sơn, Huyện Nho Quan, Tỉnh Ninh Bình",
        "code": "14392",
        "parent_code": "372"
    },
    "14395": {
        "name": "Thạch Bình",
        "type": "xa",
        "slug": "thach-binh",
        "name_with_type": "Xã Thạch Bình",
        "path": "Thạch Bình, Nho Quan, Ninh Bình",
        "path_with_type": "Xã Thạch Bình, Huyện Nho Quan, Tỉnh Ninh Bình",
        "code": "14395",
        "parent_code": "372"
    },
    "14398": {
        "name": "Gia Thủy",
        "type": "xa",
        "slug": "gia-thuy",
        "name_with_type": "Xã Gia Thủy",
        "path": "Gia Thủy, Nho Quan, Ninh Bình",
        "path_with_type": "Xã Gia Thủy, Huyện Nho Quan, Tỉnh Ninh Bình",
        "code": "14398",
        "parent_code": "372"
    },
    "14401": {
        "name": "Gia Tường",
        "type": "xa",
        "slug": "gia-tuong",
        "name_with_type": "Xã Gia Tường",
        "path": "Gia Tường, Nho Quan, Ninh Bình",
        "path_with_type": "Xã Gia Tường, Huyện Nho Quan, Tỉnh Ninh Bình",
        "code": "14401",
        "parent_code": "372"
    },
    "14404": {
        "name": "Cúc Phương",
        "type": "xa",
        "slug": "cuc-phuong",
        "name_with_type": "Xã Cúc Phương",
        "path": "Cúc Phương, Nho Quan, Ninh Bình",
        "path_with_type": "Xã Cúc Phương, Huyện Nho Quan, Tỉnh Ninh Bình",
        "code": "14404",
        "parent_code": "372"
    },
    "14407": {
        "name": "Phú Sơn",
        "type": "xa",
        "slug": "phu-son",
        "name_with_type": "Xã Phú Sơn",
        "path": "Phú Sơn, Nho Quan, Ninh Bình",
        "path_with_type": "Xã Phú Sơn, Huyện Nho Quan, Tỉnh Ninh Bình",
        "code": "14407",
        "parent_code": "372"
    },
    "14410": {
        "name": "Đức Long",
        "type": "xa",
        "slug": "duc-long",
        "name_with_type": "Xã Đức Long",
        "path": "Đức Long, Nho Quan, Ninh Bình",
        "path_with_type": "Xã Đức Long, Huyện Nho Quan, Tỉnh Ninh Bình",
        "code": "14410",
        "parent_code": "372"
    },
    "14413": {
        "name": "Lạc Vân",
        "type": "xa",
        "slug": "lac-van",
        "name_with_type": "Xã Lạc Vân",
        "path": "Lạc Vân, Nho Quan, Ninh Bình",
        "path_with_type": "Xã Lạc Vân, Huyện Nho Quan, Tỉnh Ninh Bình",
        "code": "14413",
        "parent_code": "372"
    },
    "14416": {
        "name": "Đồng Phong",
        "type": "xa",
        "slug": "dong-phong",
        "name_with_type": "Xã Đồng Phong",
        "path": "Đồng Phong, Nho Quan, Ninh Bình",
        "path_with_type": "Xã Đồng Phong, Huyện Nho Quan, Tỉnh Ninh Bình",
        "code": "14416",
        "parent_code": "372"
    },
    "14419": {
        "name": "Yên Quang",
        "type": "xa",
        "slug": "yen-quang",
        "name_with_type": "Xã Yên Quang",
        "path": "Yên Quang, Nho Quan, Ninh Bình",
        "path_with_type": "Xã Yên Quang, Huyện Nho Quan, Tỉnh Ninh Bình",
        "code": "14419",
        "parent_code": "372"
    },
    "14422": {
        "name": "Lạng Phong",
        "type": "xa",
        "slug": "lang-phong",
        "name_with_type": "Xã Lạng Phong",
        "path": "Lạng Phong, Nho Quan, Ninh Bình",
        "path_with_type": "Xã Lạng Phong, Huyện Nho Quan, Tỉnh Ninh Bình",
        "code": "14422",
        "parent_code": "372"
    },
    "14425": {
        "name": "Thượng Hòa",
        "type": "xa",
        "slug": "thuong-hoa",
        "name_with_type": "Xã Thượng Hòa",
        "path": "Thượng Hòa, Nho Quan, Ninh Bình",
        "path_with_type": "Xã Thượng Hòa, Huyện Nho Quan, Tỉnh Ninh Bình",
        "code": "14425",
        "parent_code": "372"
    },
    "14428": {
        "name": "Văn Phong",
        "type": "xa",
        "slug": "van-phong",
        "name_with_type": "Xã Văn Phong",
        "path": "Văn Phong, Nho Quan, Ninh Bình",
        "path_with_type": "Xã Văn Phong, Huyện Nho Quan, Tỉnh Ninh Bình",
        "code": "14428",
        "parent_code": "372"
    },
    "14431": {
        "name": "Văn Phương",
        "type": "xa",
        "slug": "van-phuong",
        "name_with_type": "Xã Văn Phương",
        "path": "Văn Phương, Nho Quan, Ninh Bình",
        "path_with_type": "Xã Văn Phương, Huyện Nho Quan, Tỉnh Ninh Bình",
        "code": "14431",
        "parent_code": "372"
    },
    "14434": {
        "name": "Thanh Lạc",
        "type": "xa",
        "slug": "thanh-lac",
        "name_with_type": "Xã Thanh Lạc",
        "path": "Thanh Lạc, Nho Quan, Ninh Bình",
        "path_with_type": "Xã Thanh Lạc, Huyện Nho Quan, Tỉnh Ninh Bình",
        "code": "14434",
        "parent_code": "372"
    },
    "14437": {
        "name": "Sơn Lai",
        "type": "xa",
        "slug": "son-lai",
        "name_with_type": "Xã Sơn Lai",
        "path": "Sơn Lai, Nho Quan, Ninh Bình",
        "path_with_type": "Xã Sơn Lai, Huyện Nho Quan, Tỉnh Ninh Bình",
        "code": "14437",
        "parent_code": "372"
    },
    "14440": {
        "name": "Sơn Thành",
        "type": "xa",
        "slug": "son-thanh",
        "name_with_type": "Xã Sơn Thành",
        "path": "Sơn Thành, Nho Quan, Ninh Bình",
        "path_with_type": "Xã Sơn Thành, Huyện Nho Quan, Tỉnh Ninh Bình",
        "code": "14440",
        "parent_code": "372"
    },
    "14443": {
        "name": "Văn Phú",
        "type": "xa",
        "slug": "van-phu",
        "name_with_type": "Xã Văn Phú",
        "path": "Văn Phú, Nho Quan, Ninh Bình",
        "path_with_type": "Xã Văn Phú, Huyện Nho Quan, Tỉnh Ninh Bình",
        "code": "14443",
        "parent_code": "372"
    },
    "14446": {
        "name": "Phú Lộc",
        "type": "xa",
        "slug": "phu-loc",
        "name_with_type": "Xã Phú Lộc",
        "path": "Phú Lộc, Nho Quan, Ninh Bình",
        "path_with_type": "Xã Phú Lộc, Huyện Nho Quan, Tỉnh Ninh Bình",
        "code": "14446",
        "parent_code": "372"
    },
    "14449": {
        "name": "Kỳ Phú",
        "type": "xa",
        "slug": "ky-phu",
        "name_with_type": "Xã Kỳ Phú",
        "path": "Kỳ Phú, Nho Quan, Ninh Bình",
        "path_with_type": "Xã Kỳ Phú, Huyện Nho Quan, Tỉnh Ninh Bình",
        "code": "14449",
        "parent_code": "372"
    },
    "14452": {
        "name": "Quỳnh Lưu",
        "type": "xa",
        "slug": "quynh-luu",
        "name_with_type": "Xã Quỳnh Lưu",
        "path": "Quỳnh Lưu, Nho Quan, Ninh Bình",
        "path_with_type": "Xã Quỳnh Lưu, Huyện Nho Quan, Tỉnh Ninh Bình",
        "code": "14452",
        "parent_code": "372"
    },
    "14455": {
        "name": "Sơn Hà",
        "type": "xa",
        "slug": "son-ha",
        "name_with_type": "Xã Sơn Hà",
        "path": "Sơn Hà, Nho Quan, Ninh Bình",
        "path_with_type": "Xã Sơn Hà, Huyện Nho Quan, Tỉnh Ninh Bình",
        "code": "14455",
        "parent_code": "372"
    },
    "14458": {
        "name": "Phú Long",
        "type": "xa",
        "slug": "phu-long",
        "name_with_type": "Xã Phú Long",
        "path": "Phú Long, Nho Quan, Ninh Bình",
        "path_with_type": "Xã Phú Long, Huyện Nho Quan, Tỉnh Ninh Bình",
        "code": "14458",
        "parent_code": "372"
    },
    "14461": {
        "name": "Quảng Lạc",
        "type": "xa",
        "slug": "quang-lac",
        "name_with_type": "Xã Quảng Lạc",
        "path": "Quảng Lạc, Nho Quan, Ninh Bình",
        "path_with_type": "Xã Quảng Lạc, Huyện Nho Quan, Tỉnh Ninh Bình",
        "code": "14461",
        "parent_code": "372"
    }
}