{
    "14527": {
        "name": "Thiên Tôn",
        "type": "thi-tran",
        "slug": "thien-ton",
        "name_with_type": "Thị trấn Thiên Tôn",
        "path": "Thiên Tôn, Hoa Lư, Ninh Bình",
        "path_with_type": "Thị trấn Thiên Tôn, Huyện Hoa Lư, Tỉnh Ninh Bình",
        "code": "14527",
        "parent_code": "374"
    },
    "14530": {
        "name": "Ninh Giang",
        "type": "xa",
        "slug": "ninh-giang",
        "name_with_type": "Xã Ninh Giang",
        "path": "Ninh Giang, Hoa Lư, Ninh Bình",
        "path_with_type": "Xã Ninh Giang, Huyện Hoa Lư, Tỉnh Ninh Bình",
        "code": "14530",
        "parent_code": "374"
    },
    "14533": {
        "name": "Trường Yên",
        "type": "xa",
        "slug": "truong-yen",
        "name_with_type": "Xã Trường Yên",
        "path": "Trường Yên, Hoa Lư, Ninh Bình",
        "path_with_type": "Xã Trường Yên, Huyện Hoa Lư, Tỉnh Ninh Bình",
        "code": "14533",
        "parent_code": "374"
    },
    "14536": {
        "name": "Ninh Khang",
        "type": "xa",
        "slug": "ninh-khang",
        "name_with_type": "Xã Ninh Khang",
        "path": "Ninh Khang, Hoa Lư, Ninh Bình",
        "path_with_type": "Xã Ninh Khang, Huyện Hoa Lư, Tỉnh Ninh Bình",
        "code": "14536",
        "parent_code": "374"
    },
    "14539": {
        "name": "Ninh Mỹ",
        "type": "xa",
        "slug": "ninh-my",
        "name_with_type": "Xã Ninh Mỹ",
        "path": "Ninh Mỹ, Hoa Lư, Ninh Bình",
        "path_with_type": "Xã Ninh Mỹ, Huyện Hoa Lư, Tỉnh Ninh Bình",
        "code": "14539",
        "parent_code": "374"
    },
    "14542": {
        "name": "Ninh Hòa",
        "type": "xa",
        "slug": "ninh-hoa",
        "name_with_type": "Xã Ninh Hòa",
        "path": "Ninh Hòa, Hoa Lư, Ninh Bình",
        "path_with_type": "Xã Ninh Hòa, Huyện Hoa Lư, Tỉnh Ninh Bình",
        "code": "14542",
        "parent_code": "374"
    },
    "14545": {
        "name": "Ninh Xuân",
        "type": "xa",
        "slug": "ninh-xuan",
        "name_with_type": "Xã Ninh Xuân",
        "path": "Ninh Xuân, Hoa Lư, Ninh Bình",
        "path_with_type": "Xã Ninh Xuân, Huyện Hoa Lư, Tỉnh Ninh Bình",
        "code": "14545",
        "parent_code": "374"
    },
    "14548": {
        "name": "Ninh Hải",
        "type": "xa",
        "slug": "ninh-hai",
        "name_with_type": "Xã Ninh Hải",
        "path": "Ninh Hải, Hoa Lư, Ninh Bình",
        "path_with_type": "Xã Ninh Hải, Huyện Hoa Lư, Tỉnh Ninh Bình",
        "code": "14548",
        "parent_code": "374"
    },
    "14551": {
        "name": "Ninh Thắng",
        "type": "xa",
        "slug": "ninh-thang",
        "name_with_type": "Xã Ninh Thắng",
        "path": "Ninh Thắng, Hoa Lư, Ninh Bình",
        "path_with_type": "Xã Ninh Thắng, Huyện Hoa Lư, Tỉnh Ninh Bình",
        "code": "14551",
        "parent_code": "374"
    },
    "14554": {
        "name": "Ninh Vân",
        "type": "xa",
        "slug": "ninh-van",
        "name_with_type": "Xã Ninh Vân",
        "path": "Ninh Vân, Hoa Lư, Ninh Bình",
        "path_with_type": "Xã Ninh Vân, Huyện Hoa Lư, Tỉnh Ninh Bình",
        "code": "14554",
        "parent_code": "374"
    },
    "14557": {
        "name": "Ninh An",
        "type": "xa",
        "slug": "ninh-an",
        "name_with_type": "Xã Ninh An",
        "path": "Ninh An, Hoa Lư, Ninh Bình",
        "path_with_type": "Xã Ninh An, Huyện Hoa Lư, Tỉnh Ninh Bình",
        "code": "14557",
        "parent_code": "374"
    }
}