{
    "14992": {
        "name": "Quan Sơn",
        "type": "thi-tran",
        "slug": "quan-son",
        "name_with_type": "Thị trấn Quan Sơn",
        "path": "Quan Sơn, Quan Sơn, Thanh Hóa",
        "path_with_type": "Thị trấn Quan Sơn, Huyện Quan Sơn, Tỉnh Thanh Hóa",
        "code": "14992",
        "parent_code": "387"
    },
    "14995": {
        "name": "Trung Xuân",
        "type": "xa",
        "slug": "trung-xuan",
        "name_with_type": "Xã Trung Xuân",
        "path": "Trung Xuân, Quan Sơn, Thanh Hóa",
        "path_with_type": "Xã Trung Xuân, Huyện Quan Sơn, Tỉnh Thanh Hóa",
        "code": "14995",
        "parent_code": "387"
    },
    "14998": {
        "name": "Trung Thượng",
        "type": "xa",
        "slug": "trung-thuong",
        "name_with_type": "Xã Trung Thượng",
        "path": "Trung Thượng, Quan Sơn, Thanh Hóa",
        "path_with_type": "Xã Trung Thượng, Huyện Quan Sơn, Tỉnh Thanh Hóa",
        "code": "14998",
        "parent_code": "387"
    },
    "14999": {
        "name": "Trung Tiến",
        "type": "xa",
        "slug": "trung-tien",
        "name_with_type": "Xã Trung Tiến",
        "path": "Trung Tiến, Quan Sơn, Thanh Hóa",
        "path_with_type": "Xã Trung Tiến, Huyện Quan Sơn, Tỉnh Thanh Hóa",
        "code": "14999",
        "parent_code": "387"
    },
    "15001": {
        "name": "Trung Hạ",
        "type": "xa",
        "slug": "trung-ha",
        "name_with_type": "Xã Trung Hạ",
        "path": "Trung Hạ, Quan Sơn, Thanh Hóa",
        "path_with_type": "Xã Trung Hạ, Huyện Quan Sơn, Tỉnh Thanh Hóa",
        "code": "15001",
        "parent_code": "387"
    },
    "15004": {
        "name": "Sơn Hà",
        "type": "xa",
        "slug": "son-ha",
        "name_with_type": "Xã Sơn Hà",
        "path": "Sơn Hà, Quan Sơn, Thanh Hóa",
        "path_with_type": "Xã Sơn Hà, Huyện Quan Sơn, Tỉnh Thanh Hóa",
        "code": "15004",
        "parent_code": "387"
    },
    "15007": {
        "name": "Tam Thanh",
        "type": "xa",
        "slug": "tam-thanh",
        "name_with_type": "Xã Tam Thanh",
        "path": "Tam Thanh, Quan Sơn, Thanh Hóa",
        "path_with_type": "Xã Tam Thanh, Huyện Quan Sơn, Tỉnh Thanh Hóa",
        "code": "15007",
        "parent_code": "387"
    },
    "15010": {
        "name": "Sơn Thủy",
        "type": "xa",
        "slug": "son-thuy",
        "name_with_type": "Xã Sơn Thủy",
        "path": "Sơn Thủy, Quan Sơn, Thanh Hóa",
        "path_with_type": "Xã Sơn Thủy, Huyện Quan Sơn, Tỉnh Thanh Hóa",
        "code": "15010",
        "parent_code": "387"
    },
    "15013": {
        "name": "Na Mèo",
        "type": "xa",
        "slug": "na-meo",
        "name_with_type": "Xã Na Mèo",
        "path": "Na Mèo, Quan Sơn, Thanh Hóa",
        "path_with_type": "Xã Na Mèo, Huyện Quan Sơn, Tỉnh Thanh Hóa",
        "code": "15013",
        "parent_code": "387"
    },
    "15016": {
        "name": "Sơn Lư",
        "type": "xa",
        "slug": "son-lu",
        "name_with_type": "Xã Sơn Lư",
        "path": "Sơn Lư, Quan Sơn, Thanh Hóa",
        "path_with_type": "Xã Sơn Lư, Huyện Quan Sơn, Tỉnh Thanh Hóa",
        "code": "15016",
        "parent_code": "387"
    },
    "15019": {
        "name": "Tam Lư",
        "type": "xa",
        "slug": "tam-lu",
        "name_with_type": "Xã Tam Lư",
        "path": "Tam Lư, Quan Sơn, Thanh Hóa",
        "path_with_type": "Xã Tam Lư, Huyện Quan Sơn, Tỉnh Thanh Hóa",
        "code": "15019",
        "parent_code": "387"
    },
    "15022": {
        "name": "Sơn Điện",
        "type": "xa",
        "slug": "son-dien",
        "name_with_type": "Xã Sơn Điện",
        "path": "Sơn Điện, Quan Sơn, Thanh Hóa",
        "path_with_type": "Xã Sơn Điện, Huyện Quan Sơn, Tỉnh Thanh Hóa",
        "code": "15022",
        "parent_code": "387"
    },
    "15025": {
        "name": "Mường Mìn",
        "type": "xa",
        "slug": "muong-min",
        "name_with_type": "Xã Mường Mìn",
        "path": "Mường Mìn, Quan Sơn, Thanh Hóa",
        "path_with_type": "Xã Mường Mìn, Huyện Quan Sơn, Tỉnh Thanh Hóa",
        "code": "15025",
        "parent_code": "387"
    }
}