{
    "15061": {
        "name": "Ngọc Lặc",
        "type": "thi-tran",
        "slug": "ngoc-lac",
        "name_with_type": "Thị Trấn Ngọc Lặc",
        "path": "Ngọc Lặc, Ngọc Lặc, Thanh Hóa",
        "path_with_type": "Thị Trấn Ngọc Lặc, Huyện Ngọc Lặc, Tỉnh Thanh Hóa",
        "code": "15061",
        "parent_code": "389"
    },
    "15064": {
        "name": "Lam Sơn",
        "type": "xa",
        "slug": "lam-son",
        "name_with_type": "Xã Lam Sơn",
        "path": "Lam Sơn, Ngọc Lặc, Thanh Hóa",
        "path_with_type": "Xã Lam Sơn, Huyện Ngọc Lặc, Tỉnh Thanh Hóa",
        "code": "15064",
        "parent_code": "389"
    },
    "15067": {
        "name": "Mỹ Tân",
        "type": "xa",
        "slug": "my-tan",
        "name_with_type": "Xã Mỹ Tân",
        "path": "Mỹ Tân, Ngọc Lặc, Thanh Hóa",
        "path_with_type": "Xã Mỹ Tân, Huyện Ngọc Lặc, Tỉnh Thanh Hóa",
        "code": "15067",
        "parent_code": "389"
    },
    "15070": {
        "name": "Thúy Sơn",
        "type": "xa",
        "slug": "thuy-son",
        "name_with_type": "Xã Thúy Sơn",
        "path": "Thúy Sơn, Ngọc Lặc, Thanh Hóa",
        "path_with_type": "Xã Thúy Sơn, Huyện Ngọc Lặc, Tỉnh Thanh Hóa",
        "code": "15070",
        "parent_code": "389"
    },
    "15073": {
        "name": "Thạch Lập",
        "type": "xa",
        "slug": "thach-lap",
        "name_with_type": "Xã Thạch Lập",
        "path": "Thạch Lập, Ngọc Lặc, Thanh Hóa",
        "path_with_type": "Xã Thạch Lập, Huyện Ngọc Lặc, Tỉnh Thanh Hóa",
        "code": "15073",
        "parent_code": "389"
    },
    "15076": {
        "name": "Vân Âm",
        "type": "xa",
        "slug": "van-am",
        "name_with_type": "Xã Vân Âm",
        "path": "Vân Âm, Ngọc Lặc, Thanh Hóa",
        "path_with_type": "Xã Vân Âm, Huyện Ngọc Lặc, Tỉnh Thanh Hóa",
        "code": "15076",
        "parent_code": "389"
    },
    "15079": {
        "name": "Cao Ngọc",
        "type": "xa",
        "slug": "cao-ngoc",
        "name_with_type": "Xã Cao Ngọc",
        "path": "Cao Ngọc, Ngọc Lặc, Thanh Hóa",
        "path_with_type": "Xã Cao Ngọc, Huyện Ngọc Lặc, Tỉnh Thanh Hóa",
        "code": "15079",
        "parent_code": "389"
    },
    "15082": {
        "name": "Ngọc Khê",
        "type": "xa",
        "slug": "ngoc-khe",
        "name_with_type": "Xã Ngọc Khê",
        "path": "Ngọc Khê, Ngọc Lặc, Thanh Hóa",
        "path_with_type": "Xã Ngọc Khê, Huyện Ngọc Lặc, Tỉnh Thanh Hóa",
        "code": "15082",
        "parent_code": "389"
    },
    "15085": {
        "name": "Quang Trung",
        "type": "xa",
        "slug": "quang-trung",
        "name_with_type": "Xã Quang Trung",
        "path": "Quang Trung, Ngọc Lặc, Thanh Hóa",
        "path_with_type": "Xã Quang Trung, Huyện Ngọc Lặc, Tỉnh Thanh Hóa",
        "code": "15085",
        "parent_code": "389"
    },
    "15088": {
        "name": "Đồng Thịnh",
        "type": "xa",
        "slug": "dong-thinh",
        "name_with_type": "Xã Đồng Thịnh",
        "path": "Đồng Thịnh, Ngọc Lặc, Thanh Hóa",
        "path_with_type": "Xã Đồng Thịnh, Huyện Ngọc Lặc, Tỉnh Thanh Hóa",
        "code": "15088",
        "parent_code": "389"
    },
    "15091": {
        "name": "Ngọc Liên",
        "type": "xa",
        "slug": "ngoc-lien",
        "name_with_type": "Xã Ngọc Liên",
        "path": "Ngọc Liên, Ngọc Lặc, Thanh Hóa",
        "path_with_type": "Xã Ngọc Liên, Huyện Ngọc Lặc, Tỉnh Thanh Hóa",
        "code": "15091",
        "parent_code": "389"
    },
    "15094": {
        "name": "Ngọc Sơn",
        "type": "xa",
        "slug": "ngoc-son",
        "name_with_type": "Xã Ngọc Sơn",
        "path": "Ngọc Sơn, Ngọc Lặc, Thanh Hóa",
        "path_with_type": "Xã Ngọc Sơn, Huyện Ngọc Lặc, Tỉnh Thanh Hóa",
        "code": "15094",
        "parent_code": "389"
    },
    "15097": {
        "name": "Lộc Thịnh",
        "type": "xa",
        "slug": "loc-thinh",
        "name_with_type": "Xã Lộc Thịnh",
        "path": "Lộc Thịnh, Ngọc Lặc, Thanh Hóa",
        "path_with_type": "Xã Lộc Thịnh, Huyện Ngọc Lặc, Tỉnh Thanh Hóa",
        "code": "15097",
        "parent_code": "389"
    },
    "15100": {
        "name": "Cao Thịnh",
        "type": "xa",
        "slug": "cao-thinh",
        "name_with_type": "Xã Cao Thịnh",
        "path": "Cao Thịnh, Ngọc Lặc, Thanh Hóa",
        "path_with_type": "Xã Cao Thịnh, Huyện Ngọc Lặc, Tỉnh Thanh Hóa",
        "code": "15100",
        "parent_code": "389"
    },
    "15103": {
        "name": "Ngọc Trung",
        "type": "xa",
        "slug": "ngoc-trung",
        "name_with_type": "Xã Ngọc Trung",
        "path": "Ngọc Trung, Ngọc Lặc, Thanh Hóa",
        "path_with_type": "Xã Ngọc Trung, Huyện Ngọc Lặc, Tỉnh Thanh Hóa",
        "code": "15103",
        "parent_code": "389"
    },
    "15106": {
        "name": "Phùng Giáo",
        "type": "xa",
        "slug": "phung-giao",
        "name_with_type": "Xã Phùng Giáo",
        "path": "Phùng Giáo, Ngọc Lặc, Thanh Hóa",
        "path_with_type": "Xã Phùng Giáo, Huyện Ngọc Lặc, Tỉnh Thanh Hóa",
        "code": "15106",
        "parent_code": "389"
    },
    "15109": {
        "name": "Phùng Minh",
        "type": "xa",
        "slug": "phung-minh",
        "name_with_type": "Xã Phùng Minh",
        "path": "Phùng Minh, Ngọc Lặc, Thanh Hóa",
        "path_with_type": "Xã Phùng Minh, Huyện Ngọc Lặc, Tỉnh Thanh Hóa",
        "code": "15109",
        "parent_code": "389"
    },
    "15112": {
        "name": "Phúc Thịnh",
        "type": "xa",
        "slug": "phuc-thinh",
        "name_with_type": "Xã Phúc Thịnh",
        "path": "Phúc Thịnh, Ngọc Lặc, Thanh Hóa",
        "path_with_type": "Xã Phúc Thịnh, Huyện Ngọc Lặc, Tỉnh Thanh Hóa",
        "code": "15112",
        "parent_code": "389"
    },
    "15115": {
        "name": "Nguyệt Ấn",
        "type": "xa",
        "slug": "nguyet-an",
        "name_with_type": "Xã Nguyệt Ấn",
        "path": "Nguyệt Ấn, Ngọc Lặc, Thanh Hóa",
        "path_with_type": "Xã Nguyệt Ấn, Huyện Ngọc Lặc, Tỉnh Thanh Hóa",
        "code": "15115",
        "parent_code": "389"
    },
    "15118": {
        "name": "Kiên Thọ",
        "type": "xa",
        "slug": "kien-tho",
        "name_with_type": "Xã Kiên Thọ",
        "path": "Kiên Thọ, Ngọc Lặc, Thanh Hóa",
        "path_with_type": "Xã Kiên Thọ, Huyện Ngọc Lặc, Tỉnh Thanh Hóa",
        "code": "15118",
        "parent_code": "389"
    },
    "15121": {
        "name": "Minh Tiến",
        "type": "xa",
        "slug": "minh-tien",
        "name_with_type": "Xã Minh Tiến",
        "path": "Minh Tiến, Ngọc Lặc, Thanh Hóa",
        "path_with_type": "Xã Minh Tiến, Huyện Ngọc Lặc, Tỉnh Thanh Hóa",
        "code": "15121",
        "parent_code": "389"
    },
    "15124": {
        "name": "Minh Sơn",
        "type": "xa",
        "slug": "minh-son",
        "name_with_type": "Xã Minh Sơn",
        "path": "Minh Sơn, Ngọc Lặc, Thanh Hóa",
        "path_with_type": "Xã Minh Sơn, Huyện Ngọc Lặc, Tỉnh Thanh Hóa",
        "code": "15124",
        "parent_code": "389"
    }
}