{
    "15187": {
        "name": "Kim Tân",
        "type": "thi-tran",
        "slug": "kim-tan",
        "name_with_type": "Thị trấn Kim Tân",
        "path": "Kim Tân, Thạch Thành, Thanh Hóa",
        "path_with_type": "Thị trấn Kim Tân, Huyện Thạch Thành, Tỉnh Thanh Hóa",
        "code": "15187",
        "parent_code": "391"
    },
    "15190": {
        "name": "Vân Du",
        "type": "thi-tran",
        "slug": "van-du",
        "name_with_type": "Thị trấn Vân Du",
        "path": "Vân Du, Thạch Thành, Thanh Hóa",
        "path_with_type": "Thị trấn Vân Du, Huyện Thạch Thành, Tỉnh Thanh Hóa",
        "code": "15190",
        "parent_code": "391"
    },
    "15193": {
        "name": "Thạch Tân",
        "type": "xa",
        "slug": "thach-tan",
        "name_with_type": "Xã Thạch Tân",
        "path": "Thạch Tân, Thạch Thành, Thanh Hóa",
        "path_with_type": "Xã Thạch Tân, Huyện Thạch Thành, Tỉnh Thanh Hóa",
        "code": "15193",
        "parent_code": "391"
    },
    "15196": {
        "name": "Thạch Lâm",
        "type": "xa",
        "slug": "thach-lam",
        "name_with_type": "Xã Thạch Lâm",
        "path": "Thạch Lâm, Thạch Thành, Thanh Hóa",
        "path_with_type": "Xã Thạch Lâm, Huyện Thạch Thành, Tỉnh Thanh Hóa",
        "code": "15196",
        "parent_code": "391"
    },
    "15199": {
        "name": "Thạch Quảng",
        "type": "xa",
        "slug": "thach-quang",
        "name_with_type": "Xã Thạch Quảng",
        "path": "Thạch Quảng, Thạch Thành, Thanh Hóa",
        "path_with_type": "Xã Thạch Quảng, Huyện Thạch Thành, Tỉnh Thanh Hóa",
        "code": "15199",
        "parent_code": "391"
    },
    "15202": {
        "name": "Thạch Tượng",
        "type": "xa",
        "slug": "thach-tuong",
        "name_with_type": "Xã Thạch Tượng",
        "path": "Thạch Tượng, Thạch Thành, Thanh Hóa",
        "path_with_type": "Xã Thạch Tượng, Huyện Thạch Thành, Tỉnh Thanh Hóa",
        "code": "15202",
        "parent_code": "391"
    },
    "15205": {
        "name": "Thạch Cẩm",
        "type": "xa",
        "slug": "thach-cam",
        "name_with_type": "Xã Thạch Cẩm",
        "path": "Thạch Cẩm, Thạch Thành, Thanh Hóa",
        "path_with_type": "Xã Thạch Cẩm, Huyện Thạch Thành, Tỉnh Thanh Hóa",
        "code": "15205",
        "parent_code": "391"
    },
    "15208": {
        "name": "Thạch Sơn",
        "type": "xa",
        "slug": "thach-son",
        "name_with_type": "Xã Thạch Sơn",
        "path": "Thạch Sơn, Thạch Thành, Thanh Hóa",
        "path_with_type": "Xã Thạch Sơn, Huyện Thạch Thành, Tỉnh Thanh Hóa",
        "code": "15208",
        "parent_code": "391"
    },
    "15211": {
        "name": "Thạch Bình",
        "type": "xa",
        "slug": "thach-binh",
        "name_with_type": "Xã Thạch Bình",
        "path": "Thạch Bình, Thạch Thành, Thanh Hóa",
        "path_with_type": "Xã Thạch Bình, Huyện Thạch Thành, Tỉnh Thanh Hóa",
        "code": "15211",
        "parent_code": "391"
    },
    "15214": {
        "name": "Thạch Định",
        "type": "xa",
        "slug": "thach-dinh",
        "name_with_type": "Xã Thạch Định",
        "path": "Thạch Định, Thạch Thành, Thanh Hóa",
        "path_with_type": "Xã Thạch Định, Huyện Thạch Thành, Tỉnh Thanh Hóa",
        "code": "15214",
        "parent_code": "391"
    },
    "15217": {
        "name": "Thạch Đồng",
        "type": "xa",
        "slug": "thach-dong",
        "name_with_type": "Xã Thạch Đồng",
        "path": "Thạch Đồng, Thạch Thành, Thanh Hóa",
        "path_with_type": "Xã Thạch Đồng, Huyện Thạch Thành, Tỉnh Thanh Hóa",
        "code": "15217",
        "parent_code": "391"
    },
    "15220": {
        "name": "Thạch Long",
        "type": "xa",
        "slug": "thach-long",
        "name_with_type": "Xã Thạch Long",
        "path": "Thạch Long, Thạch Thành, Thanh Hóa",
        "path_with_type": "Xã Thạch Long, Huyện Thạch Thành, Tỉnh Thanh Hóa",
        "code": "15220",
        "parent_code": "391"
    },
    "15223": {
        "name": "Thành Mỹ",
        "type": "xa",
        "slug": "thanh-my",
        "name_with_type": "Xã Thành Mỹ",
        "path": "Thành Mỹ, Thạch Thành, Thanh Hóa",
        "path_with_type": "Xã Thành Mỹ, Huyện Thạch Thành, Tỉnh Thanh Hóa",
        "code": "15223",
        "parent_code": "391"
    },
    "15226": {
        "name": "Thành Yên",
        "type": "xa",
        "slug": "thanh-yen",
        "name_with_type": "Xã Thành Yên",
        "path": "Thành Yên, Thạch Thành, Thanh Hóa",
        "path_with_type": "Xã Thành Yên, Huyện Thạch Thành, Tỉnh Thanh Hóa",
        "code": "15226",
        "parent_code": "391"
    },
    "15229": {
        "name": "Thành Vinh",
        "type": "xa",
        "slug": "thanh-vinh",
        "name_with_type": "Xã Thành Vinh",
        "path": "Thành Vinh, Thạch Thành, Thanh Hóa",
        "path_with_type": "Xã Thành Vinh, Huyện Thạch Thành, Tỉnh Thanh Hóa",
        "code": "15229",
        "parent_code": "391"
    },
    "15232": {
        "name": "Thành Minh",
        "type": "xa",
        "slug": "thanh-minh",
        "name_with_type": "Xã Thành Minh",
        "path": "Thành Minh, Thạch Thành, Thanh Hóa",
        "path_with_type": "Xã Thành Minh, Huyện Thạch Thành, Tỉnh Thanh Hóa",
        "code": "15232",
        "parent_code": "391"
    },
    "15235": {
        "name": "Thành Công",
        "type": "xa",
        "slug": "thanh-cong",
        "name_with_type": "Xã Thành Công",
        "path": "Thành Công, Thạch Thành, Thanh Hóa",
        "path_with_type": "Xã Thành Công, Huyện Thạch Thành, Tỉnh Thanh Hóa",
        "code": "15235",
        "parent_code": "391"
    },
    "15238": {
        "name": "Thành Tân",
        "type": "xa",
        "slug": "thanh-tan",
        "name_with_type": "Xã Thành Tân",
        "path": "Thành Tân, Thạch Thành, Thanh Hóa",
        "path_with_type": "Xã Thành Tân, Huyện Thạch Thành, Tỉnh Thanh Hóa",
        "code": "15238",
        "parent_code": "391"
    },
    "15241": {
        "name": "Thành Trực",
        "type": "xa",
        "slug": "thanh-truc",
        "name_with_type": "Xã Thành Trực",
        "path": "Thành Trực, Thạch Thành, Thanh Hóa",
        "path_with_type": "Xã Thành Trực, Huyện Thạch Thành, Tỉnh Thanh Hóa",
        "code": "15241",
        "parent_code": "391"
    },
    "15244": {
        "name": "Thành Vân",
        "type": "xa",
        "slug": "thanh-van",
        "name_with_type": "Xã Thành Vân",
        "path": "Thành Vân, Thạch Thành, Thanh Hóa",
        "path_with_type": "Xã Thành Vân, Huyện Thạch Thành, Tỉnh Thanh Hóa",
        "code": "15244",
        "parent_code": "391"
    },
    "15247": {
        "name": "Thành Tâm",
        "type": "xa",
        "slug": "thanh-tam",
        "name_with_type": "Xã Thành Tâm",
        "path": "Thành Tâm, Thạch Thành, Thanh Hóa",
        "path_with_type": "Xã Thành Tâm, Huyện Thạch Thành, Tỉnh Thanh Hóa",
        "code": "15247",
        "parent_code": "391"
    },
    "15250": {
        "name": "Thành An",
        "type": "xa",
        "slug": "thanh-an",
        "name_with_type": "Xã Thành An",
        "path": "Thành An, Thạch Thành, Thanh Hóa",
        "path_with_type": "Xã Thành An, Huyện Thạch Thành, Tỉnh Thanh Hóa",
        "code": "15250",
        "parent_code": "391"
    },
    "15253": {
        "name": "Thành Thọ",
        "type": "xa",
        "slug": "thanh-tho",
        "name_with_type": "Xã Thành Thọ",
        "path": "Thành Thọ, Thạch Thành, Thanh Hóa",
        "path_with_type": "Xã Thành Thọ, Huyện Thạch Thành, Tỉnh Thanh Hóa",
        "code": "15253",
        "parent_code": "391"
    },
    "15256": {
        "name": "Thành Tiến",
        "type": "xa",
        "slug": "thanh-tien",
        "name_with_type": "Xã Thành Tiến",
        "path": "Thành Tiến, Thạch Thành, Thanh Hóa",
        "path_with_type": "Xã Thành Tiến, Huyện Thạch Thành, Tỉnh Thanh Hóa",
        "code": "15256",
        "parent_code": "391"
    },
    "15259": {
        "name": "Thành Long",
        "type": "xa",
        "slug": "thanh-long",
        "name_with_type": "Xã Thành Long",
        "path": "Thành Long, Thạch Thành, Thanh Hóa",
        "path_with_type": "Xã Thành Long, Huyện Thạch Thành, Tỉnh Thanh Hóa",
        "code": "15259",
        "parent_code": "391"
    },
    "15262": {
        "name": "Thành Kim",
        "type": "xa",
        "slug": "thanh-kim",
        "name_with_type": "Xã Thành Kim",
        "path": "Thành Kim, Thạch Thành, Thanh Hóa",
        "path_with_type": "Xã Thành Kim, Huyện Thạch Thành, Tỉnh Thanh Hóa",
        "code": "15262",
        "parent_code": "391"
    },
    "15265": {
        "name": "Thành Hưng",
        "type": "xa",
        "slug": "thanh-hung",
        "name_with_type": "Xã Thành Hưng",
        "path": "Thành Hưng, Thạch Thành, Thanh Hóa",
        "path_with_type": "Xã Thành Hưng, Huyện Thạch Thành, Tỉnh Thanh Hóa",
        "code": "15265",
        "parent_code": "391"
    },
    "15268": {
        "name": "Ngọc Trạo",
        "type": "xa",
        "slug": "ngoc-trao",
        "name_with_type": "Xã Ngọc Trạo",
        "path": "Ngọc Trạo, Thạch Thành, Thanh Hóa",
        "path_with_type": "Xã Ngọc Trạo, Huyện Thạch Thành, Tỉnh Thanh Hóa",
        "code": "15268",
        "parent_code": "391"
    }
}