{
    "16378": {
        "name": "Rừng Thông",
        "type": "thi-tran",
        "slug": "rung-thong",
        "name_with_type": "Thị trấn Rừng Thông",
        "path": "Rừng Thông, Đông Sơn, Thanh Hóa",
        "path_with_type": "Thị trấn Rừng Thông, Huyện Đông Sơn, Tỉnh Thanh Hóa",
        "code": "16378",
        "parent_code": "405"
    },
    "16381": {
        "name": "Đông Hoàng",
        "type": "xa",
        "slug": "dong-hoang",
        "name_with_type": "Xã Đông Hoàng",
        "path": "Đông Hoàng, Đông Sơn, Thanh Hóa",
        "path_with_type": "Xã Đông Hoàng, Huyện Đông Sơn, Tỉnh Thanh Hóa",
        "code": "16381",
        "parent_code": "405"
    },
    "16384": {
        "name": "Đông Ninh",
        "type": "xa",
        "slug": "dong-ninh",
        "name_with_type": "Xã Đông Ninh",
        "path": "Đông Ninh, Đông Sơn, Thanh Hóa",
        "path_with_type": "Xã Đông Ninh, Huyện Đông Sơn, Tỉnh Thanh Hóa",
        "code": "16384",
        "parent_code": "405"
    },
    "16387": {
        "name": "Đông Khê",
        "type": "xa",
        "slug": "dong-khe",
        "name_with_type": "Xã Đông Khê",
        "path": "Đông Khê, Đông Sơn, Thanh Hóa",
        "path_with_type": "Xã Đông Khê, Huyện Đông Sơn, Tỉnh Thanh Hóa",
        "code": "16387",
        "parent_code": "405"
    },
    "16390": {
        "name": "Đông Hòa",
        "type": "xa",
        "slug": "dong-hoa",
        "name_with_type": "Xã Đông Hòa",
        "path": "Đông Hòa, Đông Sơn, Thanh Hóa",
        "path_with_type": "Xã Đông Hòa, Huyện Đông Sơn, Tỉnh Thanh Hóa",
        "code": "16390",
        "parent_code": "405"
    },
    "16393": {
        "name": "Đông Yên",
        "type": "xa",
        "slug": "dong-yen",
        "name_with_type": "Xã Đông Yên",
        "path": "Đông Yên, Đông Sơn, Thanh Hóa",
        "path_with_type": "Xã Đông Yên, Huyện Đông Sơn, Tỉnh Thanh Hóa",
        "code": "16393",
        "parent_code": "405"
    },
    "16399": {
        "name": "Đông Minh",
        "type": "xa",
        "slug": "dong-minh",
        "name_with_type": "Xã Đông Minh",
        "path": "Đông Minh, Đông Sơn, Thanh Hóa",
        "path_with_type": "Xã Đông Minh, Huyện Đông Sơn, Tỉnh Thanh Hóa",
        "code": "16399",
        "parent_code": "405"
    },
    "16402": {
        "name": "Đông Thanh",
        "type": "xa",
        "slug": "dong-thanh",
        "name_with_type": "Xã Đông Thanh",
        "path": "Đông Thanh, Đông Sơn, Thanh Hóa",
        "path_with_type": "Xã Đông Thanh, Huyện Đông Sơn, Tỉnh Thanh Hóa",
        "code": "16402",
        "parent_code": "405"
    },
    "16405": {
        "name": "Đông Tiến",
        "type": "xa",
        "slug": "dong-tien",
        "name_with_type": "Xã Đông Tiến",
        "path": "Đông Tiến, Đông Sơn, Thanh Hóa",
        "path_with_type": "Xã Đông Tiến, Huyện Đông Sơn, Tỉnh Thanh Hóa",
        "code": "16405",
        "parent_code": "405"
    },
    "16408": {
        "name": "Đông Anh",
        "type": "xa",
        "slug": "dong-anh",
        "name_with_type": "Xã Đông Anh",
        "path": "Đông Anh, Đông Sơn, Thanh Hóa",
        "path_with_type": "Xã Đông Anh, Huyện Đông Sơn, Tỉnh Thanh Hóa",
        "code": "16408",
        "parent_code": "405"
    },
    "16414": {
        "name": "Đông Thịnh",
        "type": "xa",
        "slug": "dong-thinh",
        "name_with_type": "Xã Đông Thịnh",
        "path": "Đông Thịnh, Đông Sơn, Thanh Hóa",
        "path_with_type": "Xã Đông Thịnh, Huyện Đông Sơn, Tỉnh Thanh Hóa",
        "code": "16414",
        "parent_code": "405"
    },
    "16417": {
        "name": "Đông Văn",
        "type": "xa",
        "slug": "dong-van",
        "name_with_type": "Xã Đông Văn",
        "path": "Đông Văn, Đông Sơn, Thanh Hóa",
        "path_with_type": "Xã Đông Văn, Huyện Đông Sơn, Tỉnh Thanh Hóa",
        "code": "16417",
        "parent_code": "405"
    },
    "16420": {
        "name": "Đông Phú",
        "type": "xa",
        "slug": "dong-phu",
        "name_with_type": "Xã Đông Phú",
        "path": "Đông Phú, Đông Sơn, Thanh Hóa",
        "path_with_type": "Xã Đông Phú, Huyện Đông Sơn, Tỉnh Thanh Hóa",
        "code": "16420",
        "parent_code": "405"
    },
    "16423": {
        "name": "Đông Nam",
        "type": "xa",
        "slug": "dong-nam",
        "name_with_type": "Xã Đông Nam",
        "path": "Đông Nam, Đông Sơn, Thanh Hóa",
        "path_with_type": "Xã Đông Nam, Huyện Đông Sơn, Tỉnh Thanh Hóa",
        "code": "16423",
        "parent_code": "405"
    },
    "16426": {
        "name": "Đông Quang",
        "type": "xa",
        "slug": "dong-quang",
        "name_with_type": "Xã Đông Quang",
        "path": "Đông Quang, Đông Sơn, Thanh Hóa",
        "path_with_type": "Xã Đông Quang, Huyện Đông Sơn, Tỉnh Thanh Hóa",
        "code": "16426",
        "parent_code": "405"
    }
}