{
    "16561": {
        "name": "Tĩnh Gia",
        "type": "thi-tran",
        "slug": "tinh-gia",
        "name_with_type": "Thị trấn Tĩnh Gia",
        "path": "Tĩnh Gia, Tĩnh Gia, Thanh Hóa",
        "path_with_type": "Thị trấn Tĩnh Gia, Huyện Tĩnh Gia, Tỉnh Thanh Hóa",
        "code": "16561",
        "parent_code": "407"
    },
    "16564": {
        "name": "Hải Châu",
        "type": "xa",
        "slug": "hai-chau",
        "name_with_type": "Xã Hải Châu",
        "path": "Hải Châu, Tĩnh Gia, Thanh Hóa",
        "path_with_type": "Xã Hải Châu, Huyện Tĩnh Gia, Tỉnh Thanh Hóa",
        "code": "16564",
        "parent_code": "407"
    },
    "16567": {
        "name": "Thanh Thủy",
        "type": "xa",
        "slug": "thanh-thuy",
        "name_with_type": "Xã Thanh Thủy",
        "path": "Thanh Thủy, Tĩnh Gia, Thanh Hóa",
        "path_with_type": "Xã Thanh Thủy, Huyện Tĩnh Gia, Tỉnh Thanh Hóa",
        "code": "16567",
        "parent_code": "407"
    },
    "16570": {
        "name": "Thanh Sơn",
        "type": "xa",
        "slug": "thanh-son",
        "name_with_type": "Xã Thanh Sơn",
        "path": "Thanh Sơn, Tĩnh Gia, Thanh Hóa",
        "path_with_type": "Xã Thanh Sơn, Huyện Tĩnh Gia, Tỉnh Thanh Hóa",
        "code": "16570",
        "parent_code": "407"
    },
    "16573": {
        "name": "Triêu Dương",
        "type": "xa",
        "slug": "trieu-duong",
        "name_with_type": "Xã Triêu Dương",
        "path": "Triêu Dương, Tĩnh Gia, Thanh Hóa",
        "path_with_type": "Xã Triêu Dương, Huyện Tĩnh Gia, Tỉnh Thanh Hóa",
        "code": "16573",
        "parent_code": "407"
    },
    "16576": {
        "name": "Hải Ninh",
        "type": "xa",
        "slug": "hai-ninh",
        "name_with_type": "Xã Hải Ninh",
        "path": "Hải Ninh, Tĩnh Gia, Thanh Hóa",
        "path_with_type": "Xã Hải Ninh, Huyện Tĩnh Gia, Tỉnh Thanh Hóa",
        "code": "16576",
        "parent_code": "407"
    },
    "16579": {
        "name": "Anh Sơn",
        "type": "xa",
        "slug": "anh-son",
        "name_with_type": "Xã Anh Sơn",
        "path": "Anh Sơn, Tĩnh Gia, Thanh Hóa",
        "path_with_type": "Xã Anh Sơn, Huyện Tĩnh Gia, Tỉnh Thanh Hóa",
        "code": "16579",
        "parent_code": "407"
    },
    "16582": {
        "name": "Ngọc Lĩnh",
        "type": "xa",
        "slug": "ngoc-linh",
        "name_with_type": "Xã Ngọc Lĩnh",
        "path": "Ngọc Lĩnh, Tĩnh Gia, Thanh Hóa",
        "path_with_type": "Xã Ngọc Lĩnh, Huyện Tĩnh Gia, Tỉnh Thanh Hóa",
        "code": "16582",
        "parent_code": "407"
    },
    "16585": {
        "name": "Hải An",
        "type": "xa",
        "slug": "hai-an",
        "name_with_type": "Xã Hải An",
        "path": "Hải An, Tĩnh Gia, Thanh Hóa",
        "path_with_type": "Xã Hải An, Huyện Tĩnh Gia, Tỉnh Thanh Hóa",
        "code": "16585",
        "parent_code": "407"
    },
    "16588": {
        "name": "Hùng Sơn",
        "type": "xa",
        "slug": "hung-son",
        "name_with_type": "Xã Hùng Sơn",
        "path": "Hùng Sơn, Tĩnh Gia, Thanh Hóa",
        "path_with_type": "Xã Hùng Sơn, Huyện Tĩnh Gia, Tỉnh Thanh Hóa",
        "code": "16588",
        "parent_code": "407"
    },
    "16591": {
        "name": "Các Sơn",
        "type": "xa",
        "slug": "cac-son",
        "name_with_type": "Xã Các Sơn",
        "path": "Các Sơn, Tĩnh Gia, Thanh Hóa",
        "path_with_type": "Xã Các Sơn, Huyện Tĩnh Gia, Tỉnh Thanh Hóa",
        "code": "16591",
        "parent_code": "407"
    },
    "16594": {
        "name": "Tân Dân",
        "type": "xa",
        "slug": "tan-dan",
        "name_with_type": "Xã Tân Dân",
        "path": "Tân Dân, Tĩnh Gia, Thanh Hóa",
        "path_with_type": "Xã Tân Dân, Huyện Tĩnh Gia, Tỉnh Thanh Hóa",
        "code": "16594",
        "parent_code": "407"
    },
    "16597": {
        "name": "Hải Lĩnh",
        "type": "xa",
        "slug": "hai-linh",
        "name_with_type": "Xã Hải Lĩnh",
        "path": "Hải Lĩnh, Tĩnh Gia, Thanh Hóa",
        "path_with_type": "Xã Hải Lĩnh, Huyện Tĩnh Gia, Tỉnh Thanh Hóa",
        "code": "16597",
        "parent_code": "407"
    },
    "16600": {
        "name": "Định Hải",
        "type": "xa",
        "slug": "dinh-hai",
        "name_with_type": "Xã Định Hải",
        "path": "Định Hải, Tĩnh Gia, Thanh Hóa",
        "path_with_type": "Xã Định Hải, Huyện Tĩnh Gia, Tỉnh Thanh Hóa",
        "code": "16600",
        "parent_code": "407"
    },
    "16603": {
        "name": "Phú Sơn",
        "type": "xa",
        "slug": "phu-son",
        "name_with_type": "Xã Phú Sơn",
        "path": "Phú Sơn, Tĩnh Gia, Thanh Hóa",
        "path_with_type": "Xã Phú Sơn, Huyện Tĩnh Gia, Tỉnh Thanh Hóa",
        "code": "16603",
        "parent_code": "407"
    },
    "16606": {
        "name": "Ninh Hải",
        "type": "xa",
        "slug": "ninh-hai",
        "name_with_type": "Xã Ninh Hải",
        "path": "Ninh Hải, Tĩnh Gia, Thanh Hóa",
        "path_with_type": "Xã Ninh Hải, Huyện Tĩnh Gia, Tỉnh Thanh Hóa",
        "code": "16606",
        "parent_code": "407"
    },
    "16609": {
        "name": "Nguyên Bình",
        "type": "xa",
        "slug": "nguyen-binh",
        "name_with_type": "Xã Nguyên Bình",
        "path": "Nguyên Bình, Tĩnh Gia, Thanh Hóa",
        "path_with_type": "Xã Nguyên Bình, Huyện Tĩnh Gia, Tỉnh Thanh Hóa",
        "code": "16609",
        "parent_code": "407"
    },
    "16612": {
        "name": "Hải Nhân",
        "type": "xa",
        "slug": "hai-nhan",
        "name_with_type": "Xã Hải Nhân",
        "path": "Hải Nhân, Tĩnh Gia, Thanh Hóa",
        "path_with_type": "Xã Hải Nhân, Huyện Tĩnh Gia, Tỉnh Thanh Hóa",
        "code": "16612",
        "parent_code": "407"
    },
    "16615": {
        "name": "Hải Hòa",
        "type": "xa",
        "slug": "hai-hoa",
        "name_with_type": "Xã Hải Hòa",
        "path": "Hải Hòa, Tĩnh Gia, Thanh Hóa",
        "path_with_type": "Xã Hải Hòa, Huyện Tĩnh Gia, Tỉnh Thanh Hóa",
        "code": "16615",
        "parent_code": "407"
    },
    "16618": {
        "name": "Bình Minh",
        "type": "xa",
        "slug": "binh-minh",
        "name_with_type": "Xã Bình Minh",
        "path": "Bình Minh, Tĩnh Gia, Thanh Hóa",
        "path_with_type": "Xã Bình Minh, Huyện Tĩnh Gia, Tỉnh Thanh Hóa",
        "code": "16618",
        "parent_code": "407"
    },
    "16621": {
        "name": "Hải Thanh",
        "type": "xa",
        "slug": "hai-thanh",
        "name_with_type": "Xã Hải Thanh",
        "path": "Hải Thanh, Tĩnh Gia, Thanh Hóa",
        "path_with_type": "Xã Hải Thanh, Huyện Tĩnh Gia, Tỉnh Thanh Hóa",
        "code": "16621",
        "parent_code": "407"
    },
    "16624": {
        "name": "Phú Lâm",
        "type": "xa",
        "slug": "phu-lam",
        "name_with_type": "Xã Phú Lâm",
        "path": "Phú Lâm, Tĩnh Gia, Thanh Hóa",
        "path_with_type": "Xã Phú Lâm, Huyện Tĩnh Gia, Tỉnh Thanh Hóa",
        "code": "16624",
        "parent_code": "407"
    },
    "16627": {
        "name": "Xuân Lâm",
        "type": "xa",
        "slug": "xuan-lam",
        "name_with_type": "Xã Xuân Lâm",
        "path": "Xuân Lâm, Tĩnh Gia, Thanh Hóa",
        "path_with_type": "Xã Xuân Lâm, Huyện Tĩnh Gia, Tỉnh Thanh Hóa",
        "code": "16627",
        "parent_code": "407"
    },
    "16630": {
        "name": "Trúc Lâm",
        "type": "xa",
        "slug": "truc-lam",
        "name_with_type": "Xã Trúc Lâm",
        "path": "Trúc Lâm, Tĩnh Gia, Thanh Hóa",
        "path_with_type": "Xã Trúc Lâm, Huyện Tĩnh Gia, Tỉnh Thanh Hóa",
        "code": "16630",
        "parent_code": "407"
    },
    "16633": {
        "name": "Hải Bình",
        "type": "xa",
        "slug": "hai-binh",
        "name_with_type": "Xã Hải Bình",
        "path": "Hải Bình, Tĩnh Gia, Thanh Hóa",
        "path_with_type": "Xã Hải Bình, Huyện Tĩnh Gia, Tỉnh Thanh Hóa",
        "code": "16633",
        "parent_code": "407"
    },
    "16636": {
        "name": "Tân Trường",
        "type": "xa",
        "slug": "tan-truong",
        "name_with_type": "Xã Tân Trường",
        "path": "Tân Trường, Tĩnh Gia, Thanh Hóa",
        "path_with_type": "Xã Tân Trường, Huyện Tĩnh Gia, Tỉnh Thanh Hóa",
        "code": "16636",
        "parent_code": "407"
    },
    "16639": {
        "name": "Tùng Lâm",
        "type": "xa",
        "slug": "tung-lam",
        "name_with_type": "Xã Tùng Lâm",
        "path": "Tùng Lâm, Tĩnh Gia, Thanh Hóa",
        "path_with_type": "Xã Tùng Lâm, Huyện Tĩnh Gia, Tỉnh Thanh Hóa",
        "code": "16639",
        "parent_code": "407"
    },
    "16642": {
        "name": "Tĩnh Hải",
        "type": "xa",
        "slug": "tinh-hai",
        "name_with_type": "Xã Tĩnh Hải",
        "path": "Tĩnh Hải, Tĩnh Gia, Thanh Hóa",
        "path_with_type": "Xã Tĩnh Hải, Huyện Tĩnh Gia, Tỉnh Thanh Hóa",
        "code": "16642",
        "parent_code": "407"
    },
    "16645": {
        "name": "Mai Lâm",
        "type": "xa",
        "slug": "mai-lam",
        "name_with_type": "Xã Mai Lâm",
        "path": "Mai Lâm, Tĩnh Gia, Thanh Hóa",
        "path_with_type": "Xã Mai Lâm, Huyện Tĩnh Gia, Tỉnh Thanh Hóa",
        "code": "16645",
        "parent_code": "407"
    },
    "16648": {
        "name": "Trường Lâm",
        "type": "xa",
        "slug": "truong-lam",
        "name_with_type": "Xã Trường Lâm",
        "path": "Trường Lâm, Tĩnh Gia, Thanh Hóa",
        "path_with_type": "Xã Trường Lâm, Huyện Tĩnh Gia, Tỉnh Thanh Hóa",
        "code": "16648",
        "parent_code": "407"
    },
    "16651": {
        "name": "Hải Yến",
        "type": "xa",
        "slug": "hai-yen",
        "name_with_type": "Xã Hải Yến",
        "path": "Hải Yến, Tĩnh Gia, Thanh Hóa",
        "path_with_type": "Xã Hải Yến, Huyện Tĩnh Gia, Tỉnh Thanh Hóa",
        "code": "16651",
        "parent_code": "407"
    },
    "16654": {
        "name": "Hải Thượng",
        "type": "xa",
        "slug": "hai-thuong",
        "name_with_type": "Xã Hải Thượng",
        "path": "Hải Thượng, Tĩnh Gia, Thanh Hóa",
        "path_with_type": "Xã Hải Thượng, Huyện Tĩnh Gia, Tỉnh Thanh Hóa",
        "code": "16654",
        "parent_code": "407"
    },
    "16657": {
        "name": "Nghi Sơn",
        "type": "xa",
        "slug": "nghi-son",
        "name_with_type": "Xã Nghi Sơn",
        "path": "Nghi Sơn, Tĩnh Gia, Thanh Hóa",
        "path_with_type": "Xã Nghi Sơn, Huyện Tĩnh Gia, Tỉnh Thanh Hóa",
        "code": "16657",
        "parent_code": "407"
    },
    "16660": {
        "name": "Hải Hà",
        "type": "xa",
        "slug": "hai-ha",
        "name_with_type": "Xã Hải Hà",
        "path": "Hải Hà, Tĩnh Gia, Thanh Hóa",
        "path_with_type": "Xã Hải Hà, Huyện Tĩnh Gia, Tỉnh Thanh Hóa",
        "code": "16660",
        "parent_code": "407"
    }
}