{
    "16717": {
        "name": "Nghi Thuỷ",
        "type": "phuong",
        "slug": "nghi-thuy",
        "name_with_type": "Phường Nghi Thuỷ",
        "path": "Nghi Thuỷ, Cửa Lò, Nghệ An",
        "path_with_type": "Phường Nghi Thuỷ, Thị xã Cửa Lò, Tỉnh Nghệ An",
        "code": "16717",
        "parent_code": "413"
    },
    "16720": {
        "name": "Nghi Tân",
        "type": "phuong",
        "slug": "nghi-tan",
        "name_with_type": "Phường Nghi Tân",
        "path": "Nghi Tân, Cửa Lò, Nghệ An",
        "path_with_type": "Phường Nghi Tân, Thị xã Cửa Lò, Tỉnh Nghệ An",
        "code": "16720",
        "parent_code": "413"
    },
    "16723": {
        "name": "Thu Thuỷ",
        "type": "phuong",
        "slug": "thu-thuy",
        "name_with_type": "Phường Thu Thuỷ",
        "path": "Thu Thuỷ, Cửa Lò, Nghệ An",
        "path_with_type": "Phường Thu Thuỷ, Thị xã Cửa Lò, Tỉnh Nghệ An",
        "code": "16723",
        "parent_code": "413"
    },
    "16726": {
        "name": "Nghi Hòa",
        "type": "phuong",
        "slug": "nghi-hoa",
        "name_with_type": "Phường Nghi Hòa",
        "path": "Nghi Hòa, Cửa Lò, Nghệ An",
        "path_with_type": "Phường Nghi Hòa, Thị xã Cửa Lò, Tỉnh Nghệ An",
        "code": "16726",
        "parent_code": "413"
    },
    "16729": {
        "name": "Nghi Hải",
        "type": "phuong",
        "slug": "nghi-hai",
        "name_with_type": "Phường Nghi Hải",
        "path": "Nghi Hải, Cửa Lò, Nghệ An",
        "path_with_type": "Phường Nghi Hải, Thị xã Cửa Lò, Tỉnh Nghệ An",
        "code": "16729",
        "parent_code": "413"
    },
    "16732": {
        "name": "Nghi Hương",
        "type": "phuong",
        "slug": "nghi-huong",
        "name_with_type": "Phường Nghi Hương",
        "path": "Nghi Hương, Cửa Lò, Nghệ An",
        "path_with_type": "Phường Nghi Hương, Thị xã Cửa Lò, Tỉnh Nghệ An",
        "code": "16732",
        "parent_code": "413"
    },
    "16735": {
        "name": "Nghi Thu",
        "type": "phuong",
        "slug": "nghi-thu",
        "name_with_type": "Phường Nghi Thu",
        "path": "Nghi Thu, Cửa Lò, Nghệ An",
        "path_with_type": "Phường Nghi Thu, Thị xã Cửa Lò, Tỉnh Nghệ An",
        "code": "16735",
        "parent_code": "413"
    }
}