{
    "16876": {
        "name": "Hòa Bình",
        "type": "thi-tran",
        "slug": "hoa-binh",
        "name_with_type": "Thị trấn Hòa Bình",
        "path": "Hòa Bình, Tương Dương, Nghệ An",
        "path_with_type": "Thị trấn Hòa Bình, Huyện Tương Dương, Tỉnh Nghệ An",
        "code": "16876",
        "parent_code": "418"
    },
    "16879": {
        "name": "Mai Sơn",
        "type": "xa",
        "slug": "mai-son",
        "name_with_type": "Xã Mai Sơn",
        "path": "Mai Sơn, Tương Dương, Nghệ An",
        "path_with_type": "Xã Mai Sơn, Huyện Tương Dương, Tỉnh Nghệ An",
        "code": "16879",
        "parent_code": "418"
    },
    "16882": {
        "name": "Nhôn Mai",
        "type": "xa",
        "slug": "nhon-mai",
        "name_with_type": "Xã Nhôn Mai",
        "path": "Nhôn Mai, Tương Dương, Nghệ An",
        "path_with_type": "Xã Nhôn Mai, Huyện Tương Dương, Tỉnh Nghệ An",
        "code": "16882",
        "parent_code": "418"
    },
    "16885": {
        "name": "Hữu Khuông",
        "type": "xa",
        "slug": "huu-khuong",
        "name_with_type": "Xã Hữu Khuông",
        "path": "Hữu Khuông, Tương Dương, Nghệ An",
        "path_with_type": "Xã Hữu Khuông, Huyện Tương Dương, Tỉnh Nghệ An",
        "code": "16885",
        "parent_code": "418"
    },
    "16900": {
        "name": "Yên Tĩnh",
        "type": "xa",
        "slug": "yen-tinh",
        "name_with_type": "Xã Yên Tĩnh",
        "path": "Yên Tĩnh, Tương Dương, Nghệ An",
        "path_with_type": "Xã Yên Tĩnh, Huyện Tương Dương, Tỉnh Nghệ An",
        "code": "16900",
        "parent_code": "418"
    },
    "16903": {
        "name": "Nga My",
        "type": "xa",
        "slug": "nga-my",
        "name_with_type": "Xã Nga My",
        "path": "Nga My, Tương Dương, Nghệ An",
        "path_with_type": "Xã Nga My, Huyện Tương Dương, Tỉnh Nghệ An",
        "code": "16903",
        "parent_code": "418"
    },
    "16904": {
        "name": "Xiêng My",
        "type": "xa",
        "slug": "xieng-my",
        "name_with_type": "Xã Xiêng My",
        "path": "Xiêng My, Tương Dương, Nghệ An",
        "path_with_type": "Xã Xiêng My, Huyện Tương Dương, Tỉnh Nghệ An",
        "code": "16904",
        "parent_code": "418"
    },
    "16906": {
        "name": "Lưỡng Minh",
        "type": "xa",
        "slug": "luong-minh",
        "name_with_type": "Xã Lưỡng Minh",
        "path": "Lưỡng Minh, Tương Dương, Nghệ An",
        "path_with_type": "Xã Lưỡng Minh, Huyện Tương Dương, Tỉnh Nghệ An",
        "code": "16906",
        "parent_code": "418"
    },
    "16909": {
        "name": "Yên Hòa",
        "type": "xa",
        "slug": "yen-hoa",
        "name_with_type": "Xã Yên Hòa",
        "path": "Yên Hòa, Tương Dương, Nghệ An",
        "path_with_type": "Xã Yên Hòa, Huyện Tương Dương, Tỉnh Nghệ An",
        "code": "16909",
        "parent_code": "418"
    },
    "16912": {
        "name": "Yên Na",
        "type": "xa",
        "slug": "yen-na",
        "name_with_type": "Xã Yên Na",
        "path": "Yên Na, Tương Dương, Nghệ An",
        "path_with_type": "Xã Yên Na, Huyện Tương Dương, Tỉnh Nghệ An",
        "code": "16912",
        "parent_code": "418"
    },
    "16915": {
        "name": "Lưu Kiền",
        "type": "xa",
        "slug": "luu-kien",
        "name_with_type": "Xã Lưu Kiền",
        "path": "Lưu Kiền, Tương Dương, Nghệ An",
        "path_with_type": "Xã Lưu Kiền, Huyện Tương Dương, Tỉnh Nghệ An",
        "code": "16915",
        "parent_code": "418"
    },
    "16918": {
        "name": "Thạch Giám",
        "type": "xa",
        "slug": "thach-giam",
        "name_with_type": "Xã Thạch Giám",
        "path": "Thạch Giám, Tương Dương, Nghệ An",
        "path_with_type": "Xã Thạch Giám, Huyện Tương Dương, Tỉnh Nghệ An",
        "code": "16918",
        "parent_code": "418"
    },
    "16921": {
        "name": "Xá Lượng",
        "type": "xa",
        "slug": "xa-luong",
        "name_with_type": "Xã Xá Lượng",
        "path": "Xá Lượng, Tương Dương, Nghệ An",
        "path_with_type": "Xã Xá Lượng, Huyện Tương Dương, Tỉnh Nghệ An",
        "code": "16921",
        "parent_code": "418"
    },
    "16924": {
        "name": "Tam Thái",
        "type": "xa",
        "slug": "tam-thai",
        "name_with_type": "Xã Tam Thái",
        "path": "Tam Thái, Tương Dương, Nghệ An",
        "path_with_type": "Xã Tam Thái, Huyện Tương Dương, Tỉnh Nghệ An",
        "code": "16924",
        "parent_code": "418"
    },
    "16927": {
        "name": "Tam Đình",
        "type": "xa",
        "slug": "tam-dinh",
        "name_with_type": "Xã Tam Đình",
        "path": "Tam Đình, Tương Dương, Nghệ An",
        "path_with_type": "Xã Tam Đình, Huyện Tương Dương, Tỉnh Nghệ An",
        "code": "16927",
        "parent_code": "418"
    },
    "16930": {
        "name": "Yên Thắng",
        "type": "xa",
        "slug": "yen-thang",
        "name_with_type": "Xã Yên Thắng",
        "path": "Yên Thắng, Tương Dương, Nghệ An",
        "path_with_type": "Xã Yên Thắng, Huyện Tương Dương, Tỉnh Nghệ An",
        "code": "16930",
        "parent_code": "418"
    },
    "16933": {
        "name": "Tam Quang",
        "type": "xa",
        "slug": "tam-quang",
        "name_with_type": "Xã Tam Quang",
        "path": "Tam Quang, Tương Dương, Nghệ An",
        "path_with_type": "Xã Tam Quang, Huyện Tương Dương, Tỉnh Nghệ An",
        "code": "16933",
        "parent_code": "418"
    },
    "16936": {
        "name": "Tam Hợp",
        "type": "xa",
        "slug": "tam-hop",
        "name_with_type": "Xã Tam Hợp",
        "path": "Tam Hợp, Tương Dương, Nghệ An",
        "path_with_type": "Xã Tam Hợp, Huyện Tương Dương, Tỉnh Nghệ An",
        "code": "16936",
        "parent_code": "418"
    }
}