{
    "16941": {
        "name": "Nghĩa Đàn",
        "type": "thi-tran",
        "slug": "nghia-dan",
        "name_with_type": "Thị trấn Nghĩa Đàn",
        "path": "Nghĩa Đàn, Nghĩa Đàn, Nghệ An",
        "path_with_type": "Thị trấn Nghĩa Đàn, Huyện Nghĩa Đàn, Tỉnh Nghệ An",
        "code": "16941",
        "parent_code": "419"
    },
    "16942": {
        "name": "Nghĩa Mai",
        "type": "xa",
        "slug": "nghia-mai",
        "name_with_type": "Xã Nghĩa Mai",
        "path": "Nghĩa Mai, Nghĩa Đàn, Nghệ An",
        "path_with_type": "Xã Nghĩa Mai, Huyện Nghĩa Đàn, Tỉnh Nghệ An",
        "code": "16942",
        "parent_code": "419"
    },
    "16945": {
        "name": "Nghĩa Yên",
        "type": "xa",
        "slug": "nghia-yen",
        "name_with_type": "Xã Nghĩa Yên",
        "path": "Nghĩa Yên, Nghĩa Đàn, Nghệ An",
        "path_with_type": "Xã Nghĩa Yên, Huyện Nghĩa Đàn, Tỉnh Nghệ An",
        "code": "16945",
        "parent_code": "419"
    },
    "16948": {
        "name": "Nghĩa Lạc",
        "type": "xa",
        "slug": "nghia-lac",
        "name_with_type": "Xã Nghĩa Lạc",
        "path": "Nghĩa Lạc, Nghĩa Đàn, Nghệ An",
        "path_with_type": "Xã Nghĩa Lạc, Huyện Nghĩa Đàn, Tỉnh Nghệ An",
        "code": "16948",
        "parent_code": "419"
    },
    "16951": {
        "name": "Nghĩa Lâm",
        "type": "xa",
        "slug": "nghia-lam",
        "name_with_type": "Xã Nghĩa Lâm",
        "path": "Nghĩa Lâm, Nghĩa Đàn, Nghệ An",
        "path_with_type": "Xã Nghĩa Lâm, Huyện Nghĩa Đàn, Tỉnh Nghệ An",
        "code": "16951",
        "parent_code": "419"
    },
    "16954": {
        "name": "Nghĩa Sơn",
        "type": "xa",
        "slug": "nghia-son",
        "name_with_type": "Xã Nghĩa Sơn",
        "path": "Nghĩa Sơn, Nghĩa Đàn, Nghệ An",
        "path_with_type": "Xã Nghĩa Sơn, Huyện Nghĩa Đàn, Tỉnh Nghệ An",
        "code": "16954",
        "parent_code": "419"
    },
    "16957": {
        "name": "Nghĩa Lợi",
        "type": "xa",
        "slug": "nghia-loi",
        "name_with_type": "Xã Nghĩa Lợi",
        "path": "Nghĩa Lợi, Nghĩa Đàn, Nghệ An",
        "path_with_type": "Xã Nghĩa Lợi, Huyện Nghĩa Đàn, Tỉnh Nghệ An",
        "code": "16957",
        "parent_code": "419"
    },
    "16960": {
        "name": "Nghĩa Bình",
        "type": "xa",
        "slug": "nghia-binh",
        "name_with_type": "Xã Nghĩa Bình",
        "path": "Nghĩa Bình, Nghĩa Đàn, Nghệ An",
        "path_with_type": "Xã Nghĩa Bình, Huyện Nghĩa Đàn, Tỉnh Nghệ An",
        "code": "16960",
        "parent_code": "419"
    },
    "16963": {
        "name": "Nghĩa Thọ",
        "type": "xa",
        "slug": "nghia-tho",
        "name_with_type": "Xã Nghĩa Thọ",
        "path": "Nghĩa Thọ, Nghĩa Đàn, Nghệ An",
        "path_with_type": "Xã Nghĩa Thọ, Huyện Nghĩa Đàn, Tỉnh Nghệ An",
        "code": "16963",
        "parent_code": "419"
    },
    "16966": {
        "name": "Nghĩa Minh",
        "type": "xa",
        "slug": "nghia-minh",
        "name_with_type": "Xã Nghĩa Minh",
        "path": "Nghĩa Minh, Nghĩa Đàn, Nghệ An",
        "path_with_type": "Xã Nghĩa Minh, Huyện Nghĩa Đàn, Tỉnh Nghệ An",
        "code": "16966",
        "parent_code": "419"
    },
    "16969": {
        "name": "Nghĩa Phú",
        "type": "xa",
        "slug": "nghia-phu",
        "name_with_type": "Xã Nghĩa Phú",
        "path": "Nghĩa Phú, Nghĩa Đàn, Nghệ An",
        "path_with_type": "Xã Nghĩa Phú, Huyện Nghĩa Đàn, Tỉnh Nghệ An",
        "code": "16969",
        "parent_code": "419"
    },
    "16972": {
        "name": "Nghĩa Hưng",
        "type": "xa",
        "slug": "nghia-hung",
        "name_with_type": "Xã Nghĩa Hưng",
        "path": "Nghĩa Hưng, Nghĩa Đàn, Nghệ An",
        "path_with_type": "Xã Nghĩa Hưng, Huyện Nghĩa Đàn, Tỉnh Nghệ An",
        "code": "16972",
        "parent_code": "419"
    },
    "16975": {
        "name": "Nghĩa Hồng",
        "type": "xa",
        "slug": "nghia-hong",
        "name_with_type": "Xã Nghĩa Hồng",
        "path": "Nghĩa Hồng, Nghĩa Đàn, Nghệ An",
        "path_with_type": "Xã Nghĩa Hồng, Huyện Nghĩa Đàn, Tỉnh Nghệ An",
        "code": "16975",
        "parent_code": "419"
    },
    "16978": {
        "name": "Nghĩa Thịnh",
        "type": "xa",
        "slug": "nghia-thinh",
        "name_with_type": "Xã Nghĩa Thịnh",
        "path": "Nghĩa Thịnh, Nghĩa Đàn, Nghệ An",
        "path_with_type": "Xã Nghĩa Thịnh, Huyện Nghĩa Đàn, Tỉnh Nghệ An",
        "code": "16978",
        "parent_code": "419"
    },
    "16981": {
        "name": "Nghĩa Trung",
        "type": "xa",
        "slug": "nghia-trung",
        "name_with_type": "Xã Nghĩa Trung",
        "path": "Nghĩa Trung, Nghĩa Đàn, Nghệ An",
        "path_with_type": "Xã Nghĩa Trung, Huyện Nghĩa Đàn, Tỉnh Nghệ An",
        "code": "16981",
        "parent_code": "419"
    },
    "16984": {
        "name": "Nghĩa Hội",
        "type": "xa",
        "slug": "nghia-hoi",
        "name_with_type": "Xã Nghĩa Hội",
        "path": "Nghĩa Hội, Nghĩa Đàn, Nghệ An",
        "path_with_type": "Xã Nghĩa Hội, Huyện Nghĩa Đàn, Tỉnh Nghệ An",
        "code": "16984",
        "parent_code": "419"
    },
    "16987": {
        "name": "Nghĩa Tân",
        "type": "xa",
        "slug": "nghia-tan",
        "name_with_type": "Xã Nghĩa Tân",
        "path": "Nghĩa Tân, Nghĩa Đàn, Nghệ An",
        "path_with_type": "Xã Nghĩa Tân, Huyện Nghĩa Đàn, Tỉnh Nghệ An",
        "code": "16987",
        "parent_code": "419"
    },
    "16990": {
        "name": "Nghĩa Thắng",
        "type": "xa",
        "slug": "nghia-thang",
        "name_with_type": "Xã Nghĩa Thắng",
        "path": "Nghĩa Thắng, Nghĩa Đàn, Nghệ An",
        "path_with_type": "Xã Nghĩa Thắng, Huyện Nghĩa Đàn, Tỉnh Nghệ An",
        "code": "16990",
        "parent_code": "419"
    },
    "16996": {
        "name": "Nghĩa Hiếu",
        "type": "xa",
        "slug": "nghia-hieu",
        "name_with_type": "Xã Nghĩa Hiếu",
        "path": "Nghĩa Hiếu, Nghĩa Đàn, Nghệ An",
        "path_with_type": "Xã Nghĩa Hiếu, Huyện Nghĩa Đàn, Tỉnh Nghệ An",
        "code": "16996",
        "parent_code": "419"
    },
    "16999": {
        "name": "Nghĩa Liên",
        "type": "xa",
        "slug": "nghia-lien",
        "name_with_type": "Xã Nghĩa Liên",
        "path": "Nghĩa Liên, Nghĩa Đàn, Nghệ An",
        "path_with_type": "Xã Nghĩa Liên, Huyện Nghĩa Đàn, Tỉnh Nghệ An",
        "code": "16999",
        "parent_code": "419"
    },
    "17020": {
        "name": "Nghĩa Đức",
        "type": "xa",
        "slug": "nghia-duc",
        "name_with_type": "Xã Nghĩa Đức",
        "path": "Nghĩa Đức, Nghĩa Đàn, Nghệ An",
        "path_with_type": "Xã Nghĩa Đức, Huyện Nghĩa Đàn, Tỉnh Nghệ An",
        "code": "17020",
        "parent_code": "419"
    },
    "17023": {
        "name": "Nghĩa An",
        "type": "xa",
        "slug": "nghia-an",
        "name_with_type": "Xã Nghĩa An",
        "path": "Nghĩa An, Nghĩa Đàn, Nghệ An",
        "path_with_type": "Xã Nghĩa An, Huyện Nghĩa Đàn, Tỉnh Nghệ An",
        "code": "17023",
        "parent_code": "419"
    },
    "17026": {
        "name": "Nghĩa Long",
        "type": "xa",
        "slug": "nghia-long",
        "name_with_type": "Xã Nghĩa Long",
        "path": "Nghĩa Long, Nghĩa Đàn, Nghệ An",
        "path_with_type": "Xã Nghĩa Long, Huyện Nghĩa Đàn, Tỉnh Nghệ An",
        "code": "17026",
        "parent_code": "419"
    },
    "17029": {
        "name": "Nghĩa Lộc",
        "type": "xa",
        "slug": "nghia-loc",
        "name_with_type": "Xã Nghĩa Lộc",
        "path": "Nghĩa Lộc, Nghĩa Đàn, Nghệ An",
        "path_with_type": "Xã Nghĩa Lộc, Huyện Nghĩa Đàn, Tỉnh Nghệ An",
        "code": "17029",
        "parent_code": "419"
    },
    "17032": {
        "name": "Nghĩa Khánh",
        "type": "xa",
        "slug": "nghia-khanh",
        "name_with_type": "Xã Nghĩa Khánh",
        "path": "Nghĩa Khánh, Nghĩa Đàn, Nghệ An",
        "path_with_type": "Xã Nghĩa Khánh, Huyện Nghĩa Đàn, Tỉnh Nghệ An",
        "code": "17032",
        "parent_code": "419"
    }
}