{
    "17617": {
        "name": "Đô Lương",
        "type": "thi-tran",
        "slug": "do-luong",
        "name_with_type": "Thị trấn Đô Lương",
        "path": "Đô Lương, Đô Lương, Nghệ An",
        "path_with_type": "Thị trấn Đô Lương, Huyện Đô Lương, Tỉnh Nghệ An",
        "code": "17617",
        "parent_code": "427"
    },
    "17619": {
        "name": "Giang Sơn Đông",
        "type": "xa",
        "slug": "giang-son-dong",
        "name_with_type": "Xã Giang Sơn Đông",
        "path": "Giang Sơn Đông, Đô Lương, Nghệ An",
        "path_with_type": "Xã Giang Sơn Đông, Huyện Đô Lương, Tỉnh Nghệ An",
        "code": "17619",
        "parent_code": "427"
    },
    "17620": {
        "name": "Giang Sơn Tây",
        "type": "xa",
        "slug": "giang-son-tay",
        "name_with_type": "Xã Giang Sơn Tây",
        "path": "Giang Sơn Tây, Đô Lương, Nghệ An",
        "path_with_type": "Xã Giang Sơn Tây, Huyện Đô Lương, Tỉnh Nghệ An",
        "code": "17620",
        "parent_code": "427"
    },
    "17623": {
        "name": "Lam Sơn",
        "type": "xa",
        "slug": "lam-son",
        "name_with_type": "Xã Lam Sơn",
        "path": "Lam Sơn, Đô Lương, Nghệ An",
        "path_with_type": "Xã Lam Sơn, Huyện Đô Lương, Tỉnh Nghệ An",
        "code": "17623",
        "parent_code": "427"
    },
    "17626": {
        "name": "Bồi Sơn",
        "type": "xa",
        "slug": "boi-son",
        "name_with_type": "Xã Bồi Sơn",
        "path": "Bồi Sơn, Đô Lương, Nghệ An",
        "path_with_type": "Xã Bồi Sơn, Huyện Đô Lương, Tỉnh Nghệ An",
        "code": "17626",
        "parent_code": "427"
    },
    "17629": {
        "name": "Hồng Sơn",
        "type": "xa",
        "slug": "hong-son",
        "name_with_type": "Xã Hồng Sơn",
        "path": "Hồng Sơn, Đô Lương, Nghệ An",
        "path_with_type": "Xã Hồng Sơn, Huyện Đô Lương, Tỉnh Nghệ An",
        "code": "17629",
        "parent_code": "427"
    },
    "17632": {
        "name": "Bài Sơn",
        "type": "xa",
        "slug": "bai-son",
        "name_with_type": "Xã Bài Sơn",
        "path": "Bài Sơn, Đô Lương, Nghệ An",
        "path_with_type": "Xã Bài Sơn, Huyện Đô Lương, Tỉnh Nghệ An",
        "code": "17632",
        "parent_code": "427"
    },
    "17635": {
        "name": "Ngọc Sơn",
        "type": "xa",
        "slug": "ngoc-son",
        "name_with_type": "Xã Ngọc Sơn",
        "path": "Ngọc Sơn, Đô Lương, Nghệ An",
        "path_with_type": "Xã Ngọc Sơn, Huyện Đô Lương, Tỉnh Nghệ An",
        "code": "17635",
        "parent_code": "427"
    },
    "17638": {
        "name": "Bắc Sơn",
        "type": "xa",
        "slug": "bac-son",
        "name_with_type": "Xã Bắc Sơn",
        "path": "Bắc Sơn, Đô Lương, Nghệ An",
        "path_with_type": "Xã Bắc Sơn, Huyện Đô Lương, Tỉnh Nghệ An",
        "code": "17638",
        "parent_code": "427"
    },
    "17641": {
        "name": "Tràng Sơn",
        "type": "xa",
        "slug": "trang-son",
        "name_with_type": "Xã Tràng Sơn",
        "path": "Tràng Sơn, Đô Lương, Nghệ An",
        "path_with_type": "Xã Tràng Sơn, Huyện Đô Lương, Tỉnh Nghệ An",
        "code": "17641",
        "parent_code": "427"
    },
    "17644": {
        "name": "Thượng Sơn",
        "type": "xa",
        "slug": "thuong-son",
        "name_with_type": "Xã Thượng Sơn",
        "path": "Thượng Sơn, Đô Lương, Nghệ An",
        "path_with_type": "Xã Thượng Sơn, Huyện Đô Lương, Tỉnh Nghệ An",
        "code": "17644",
        "parent_code": "427"
    },
    "17647": {
        "name": "Hòa Sơn",
        "type": "xa",
        "slug": "hoa-son",
        "name_with_type": "Xã Hòa Sơn",
        "path": "Hòa Sơn, Đô Lương, Nghệ An",
        "path_with_type": "Xã Hòa Sơn, Huyện Đô Lương, Tỉnh Nghệ An",
        "code": "17647",
        "parent_code": "427"
    },
    "17650": {
        "name": "Đặng Sơn",
        "type": "xa",
        "slug": "dang-son",
        "name_with_type": "Xã Đặng Sơn",
        "path": "Đặng Sơn, Đô Lương, Nghệ An",
        "path_with_type": "Xã Đặng Sơn, Huyện Đô Lương, Tỉnh Nghệ An",
        "code": "17650",
        "parent_code": "427"
    },
    "17653": {
        "name": "Đông Sơn",
        "type": "xa",
        "slug": "dong-son",
        "name_with_type": "Xã Đông Sơn",
        "path": "Đông Sơn, Đô Lương, Nghệ An",
        "path_with_type": "Xã Đông Sơn, Huyện Đô Lương, Tỉnh Nghệ An",
        "code": "17653",
        "parent_code": "427"
    },
    "17656": {
        "name": "Nam Sơn",
        "type": "xa",
        "slug": "nam-son",
        "name_with_type": "Xã Nam Sơn",
        "path": "Nam Sơn, Đô Lương, Nghệ An",
        "path_with_type": "Xã Nam Sơn, Huyện Đô Lương, Tỉnh Nghệ An",
        "code": "17656",
        "parent_code": "427"
    },
    "17659": {
        "name": "Lưu Sơn",
        "type": "xa",
        "slug": "luu-son",
        "name_with_type": "Xã Lưu Sơn",
        "path": "Lưu Sơn, Đô Lương, Nghệ An",
        "path_with_type": "Xã Lưu Sơn, Huyện Đô Lương, Tỉnh Nghệ An",
        "code": "17659",
        "parent_code": "427"
    },
    "17662": {
        "name": "Yên Sơn",
        "type": "xa",
        "slug": "yen-son",
        "name_with_type": "Xã Yên Sơn",
        "path": "Yên Sơn, Đô Lương, Nghệ An",
        "path_with_type": "Xã Yên Sơn, Huyện Đô Lương, Tỉnh Nghệ An",
        "code": "17662",
        "parent_code": "427"
    },
    "17665": {
        "name": "Văn Sơn",
        "type": "xa",
        "slug": "van-son",
        "name_with_type": "Xã Văn Sơn",
        "path": "Văn Sơn, Đô Lương, Nghệ An",
        "path_with_type": "Xã Văn Sơn, Huyện Đô Lương, Tỉnh Nghệ An",
        "code": "17665",
        "parent_code": "427"
    },
    "17668": {
        "name": "Đà Sơn",
        "type": "xa",
        "slug": "da-son",
        "name_with_type": "Xã Đà Sơn",
        "path": "Đà Sơn, Đô Lương, Nghệ An",
        "path_with_type": "Xã Đà Sơn, Huyện Đô Lương, Tỉnh Nghệ An",
        "code": "17668",
        "parent_code": "427"
    },
    "17671": {
        "name": "Lạc Sơn",
        "type": "xa",
        "slug": "lac-son",
        "name_with_type": "Xã Lạc Sơn",
        "path": "Lạc Sơn, Đô Lương, Nghệ An",
        "path_with_type": "Xã Lạc Sơn, Huyện Đô Lương, Tỉnh Nghệ An",
        "code": "17671",
        "parent_code": "427"
    },
    "17674": {
        "name": "Tân Sơn",
        "type": "xa",
        "slug": "tan-son",
        "name_with_type": "Xã Tân Sơn",
        "path": "Tân Sơn, Đô Lương, Nghệ An",
        "path_with_type": "Xã Tân Sơn, Huyện Đô Lương, Tỉnh Nghệ An",
        "code": "17674",
        "parent_code": "427"
    },
    "17677": {
        "name": "Thái Sơn",
        "type": "xa",
        "slug": "thai-son",
        "name_with_type": "Xã Thái Sơn",
        "path": "Thái Sơn, Đô Lương, Nghệ An",
        "path_with_type": "Xã Thái Sơn, Huyện Đô Lương, Tỉnh Nghệ An",
        "code": "17677",
        "parent_code": "427"
    },
    "17680": {
        "name": "Quang Sơn",
        "type": "xa",
        "slug": "quang-son",
        "name_with_type": "Xã Quang Sơn",
        "path": "Quang Sơn, Đô Lương, Nghệ An",
        "path_with_type": "Xã Quang Sơn, Huyện Đô Lương, Tỉnh Nghệ An",
        "code": "17680",
        "parent_code": "427"
    },
    "17683": {
        "name": "Thịnh Sơn",
        "type": "xa",
        "slug": "thinh-son",
        "name_with_type": "Xã Thịnh Sơn",
        "path": "Thịnh Sơn, Đô Lương, Nghệ An",
        "path_with_type": "Xã Thịnh Sơn, Huyện Đô Lương, Tỉnh Nghệ An",
        "code": "17683",
        "parent_code": "427"
    },
    "17686": {
        "name": "Trung Sơn",
        "type": "xa",
        "slug": "trung-son",
        "name_with_type": "Xã Trung Sơn",
        "path": "Trung Sơn, Đô Lương, Nghệ An",
        "path_with_type": "Xã Trung Sơn, Huyện Đô Lương, Tỉnh Nghệ An",
        "code": "17686",
        "parent_code": "427"
    },
    "17689": {
        "name": "Xuân Sơn",
        "type": "xa",
        "slug": "xuan-son",
        "name_with_type": "Xã Xuân Sơn",
        "path": "Xuân Sơn, Đô Lương, Nghệ An",
        "path_with_type": "Xã Xuân Sơn, Huyện Đô Lương, Tỉnh Nghệ An",
        "code": "17689",
        "parent_code": "427"
    },
    "17692": {
        "name": "Minh Sơn",
        "type": "xa",
        "slug": "minh-son",
        "name_with_type": "Xã Minh Sơn",
        "path": "Minh Sơn, Đô Lương, Nghệ An",
        "path_with_type": "Xã Minh Sơn, Huyện Đô Lương, Tỉnh Nghệ An",
        "code": "17692",
        "parent_code": "427"
    },
    "17695": {
        "name": "Thuận Sơn",
        "type": "xa",
        "slug": "thuan-son",
        "name_with_type": "Xã Thuận Sơn",
        "path": "Thuận Sơn, Đô Lương, Nghệ An",
        "path_with_type": "Xã Thuận Sơn, Huyện Đô Lương, Tỉnh Nghệ An",
        "code": "17695",
        "parent_code": "427"
    },
    "17698": {
        "name": "Nhân Sơn",
        "type": "xa",
        "slug": "nhan-son",
        "name_with_type": "Xã Nhân Sơn",
        "path": "Nhân Sơn, Đô Lương, Nghệ An",
        "path_with_type": "Xã Nhân Sơn, Huyện Đô Lương, Tỉnh Nghệ An",
        "code": "17698",
        "parent_code": "427"
    },
    "17701": {
        "name": "Hiến Sơn",
        "type": "xa",
        "slug": "hien-son",
        "name_with_type": "Xã Hiến Sơn",
        "path": "Hiến Sơn, Đô Lương, Nghệ An",
        "path_with_type": "Xã Hiến Sơn, Huyện Đô Lương, Tỉnh Nghệ An",
        "code": "17701",
        "parent_code": "427"
    },
    "17704": {
        "name": "Mỹ Sơn",
        "type": "xa",
        "slug": "my-son",
        "name_with_type": "Xã Mỹ Sơn",
        "path": "Mỹ Sơn, Đô Lương, Nghệ An",
        "path_with_type": "Xã Mỹ Sơn, Huyện Đô Lương, Tỉnh Nghệ An",
        "code": "17704",
        "parent_code": "427"
    },
    "17707": {
        "name": "Trù Sơn",
        "type": "xa",
        "slug": "tru-son",
        "name_with_type": "Xã Trù Sơn",
        "path": "Trù Sơn, Đô Lương, Nghệ An",
        "path_with_type": "Xã Trù Sơn, Huyện Đô Lương, Tỉnh Nghệ An",
        "code": "17707",
        "parent_code": "427"
    },
    "17710": {
        "name": "Đại Sơn",
        "type": "xa",
        "slug": "dai-son",
        "name_with_type": "Xã Đại Sơn",
        "path": "Đại Sơn, Đô Lương, Nghệ An",
        "path_with_type": "Xã Đại Sơn, Huyện Đô Lương, Tỉnh Nghệ An",
        "code": "17710",
        "parent_code": "427"
    }
}