{
    "17713": {
        "name": "Thanh Chương",
        "type": "thi-tran",
        "slug": "thanh-chuong",
        "name_with_type": "Thị trấn Thanh Chương",
        "path": "Thanh Chương, Thanh Chương, Nghệ An",
        "path_with_type": "Thị trấn Thanh Chương, Huyện Thanh Chương, Tỉnh Nghệ An",
        "code": "17713",
        "parent_code": "428"
    },
    "17716": {
        "name": "Cát Văn",
        "type": "xa",
        "slug": "cat-van",
        "name_with_type": "Xã Cát Văn",
        "path": "Cát Văn, Thanh Chương, Nghệ An",
        "path_with_type": "Xã Cát Văn, Huyện Thanh Chương, Tỉnh Nghệ An",
        "code": "17716",
        "parent_code": "428"
    },
    "17719": {
        "name": "Thanh Nho",
        "type": "xa",
        "slug": "thanh-nho",
        "name_with_type": "Xã Thanh Nho",
        "path": "Thanh Nho, Thanh Chương, Nghệ An",
        "path_with_type": "Xã Thanh Nho, Huyện Thanh Chương, Tỉnh Nghệ An",
        "code": "17719",
        "parent_code": "428"
    },
    "17722": {
        "name": "Hạnh Lâm",
        "type": "xa",
        "slug": "hanh-lam",
        "name_with_type": "Xã Hạnh Lâm",
        "path": "Hạnh Lâm, Thanh Chương, Nghệ An",
        "path_with_type": "Xã Hạnh Lâm, Huyện Thanh Chương, Tỉnh Nghệ An",
        "code": "17722",
        "parent_code": "428"
    },
    "17723": {
        "name": "Thanh Sơn",
        "type": "xa",
        "slug": "thanh-son",
        "name_with_type": "Xã Thanh Sơn",
        "path": "Thanh Sơn, Thanh Chương, Nghệ An",
        "path_with_type": "Xã Thanh Sơn, Huyện Thanh Chương, Tỉnh Nghệ An",
        "code": "17723",
        "parent_code": "428"
    },
    "17725": {
        "name": "Thanh Hòa",
        "type": "xa",
        "slug": "thanh-hoa",
        "name_with_type": "Xã Thanh Hòa",
        "path": "Thanh Hòa, Thanh Chương, Nghệ An",
        "path_with_type": "Xã Thanh Hòa, Huyện Thanh Chương, Tỉnh Nghệ An",
        "code": "17725",
        "parent_code": "428"
    },
    "17728": {
        "name": "Phong Thịnh",
        "type": "xa",
        "slug": "phong-thinh",
        "name_with_type": "Xã Phong Thịnh",
        "path": "Phong Thịnh, Thanh Chương, Nghệ An",
        "path_with_type": "Xã Phong Thịnh, Huyện Thanh Chương, Tỉnh Nghệ An",
        "code": "17728",
        "parent_code": "428"
    },
    "17731": {
        "name": "Thanh Phong",
        "type": "xa",
        "slug": "thanh-phong",
        "name_with_type": "Xã Thanh Phong",
        "path": "Thanh Phong, Thanh Chương, Nghệ An",
        "path_with_type": "Xã Thanh Phong, Huyện Thanh Chương, Tỉnh Nghệ An",
        "code": "17731",
        "parent_code": "428"
    },
    "17734": {
        "name": "Thanh Mỹ",
        "type": "xa",
        "slug": "thanh-my",
        "name_with_type": "Xã Thanh Mỹ",
        "path": "Thanh Mỹ, Thanh Chương, Nghệ An",
        "path_with_type": "Xã Thanh Mỹ, Huyện Thanh Chương, Tỉnh Nghệ An",
        "code": "17734",
        "parent_code": "428"
    },
    "17737": {
        "name": "Thanh Tiên",
        "type": "xa",
        "slug": "thanh-tien",
        "name_with_type": "Xã Thanh Tiên",
        "path": "Thanh Tiên, Thanh Chương, Nghệ An",
        "path_with_type": "Xã Thanh Tiên, Huyện Thanh Chương, Tỉnh Nghệ An",
        "code": "17737",
        "parent_code": "428"
    },
    "17740": {
        "name": "Thanh Hưng",
        "type": "xa",
        "slug": "thanh-hung",
        "name_with_type": "Xã Thanh Hưng",
        "path": "Thanh Hưng, Thanh Chương, Nghệ An",
        "path_with_type": "Xã Thanh Hưng, Huyện Thanh Chương, Tỉnh Nghệ An",
        "code": "17740",
        "parent_code": "428"
    },
    "17743": {
        "name": "Thanh Liên",
        "type": "xa",
        "slug": "thanh-lien",
        "name_with_type": "Xã Thanh Liên",
        "path": "Thanh Liên, Thanh Chương, Nghệ An",
        "path_with_type": "Xã Thanh Liên, Huyện Thanh Chương, Tỉnh Nghệ An",
        "code": "17743",
        "parent_code": "428"
    },
    "17746": {
        "name": "Thanh Tường",
        "type": "xa",
        "slug": "thanh-tuong",
        "name_with_type": "Xã Thanh Tường",
        "path": "Thanh Tường, Thanh Chương, Nghệ An",
        "path_with_type": "Xã Thanh Tường, Huyện Thanh Chương, Tỉnh Nghệ An",
        "code": "17746",
        "parent_code": "428"
    },
    "17749": {
        "name": "Thanh Văn",
        "type": "xa",
        "slug": "thanh-van",
        "name_with_type": "Xã Thanh Văn",
        "path": "Thanh Văn, Thanh Chương, Nghệ An",
        "path_with_type": "Xã Thanh Văn, Huyện Thanh Chương, Tỉnh Nghệ An",
        "code": "17749",
        "parent_code": "428"
    },
    "17752": {
        "name": "Thanh Đồng",
        "type": "xa",
        "slug": "thanh-dong",
        "name_with_type": "Xã Thanh Đồng",
        "path": "Thanh Đồng, Thanh Chương, Nghệ An",
        "path_with_type": "Xã Thanh Đồng, Huyện Thanh Chương, Tỉnh Nghệ An",
        "code": "17752",
        "parent_code": "428"
    },
    "17755": {
        "name": "Thanh Ngọc",
        "type": "xa",
        "slug": "thanh-ngoc",
        "name_with_type": "Xã Thanh Ngọc",
        "path": "Thanh Ngọc, Thanh Chương, Nghệ An",
        "path_with_type": "Xã Thanh Ngọc, Huyện Thanh Chương, Tỉnh Nghệ An",
        "code": "17755",
        "parent_code": "428"
    },
    "17758": {
        "name": "Thanh Hương",
        "type": "xa",
        "slug": "thanh-huong",
        "name_with_type": "Xã Thanh Hương",
        "path": "Thanh Hương, Thanh Chương, Nghệ An",
        "path_with_type": "Xã Thanh Hương, Huyện Thanh Chương, Tỉnh Nghệ An",
        "code": "17758",
        "parent_code": "428"
    },
    "17759": {
        "name": "Ngọc Lâm",
        "type": "xa",
        "slug": "ngoc-lam",
        "name_with_type": "Xã Ngọc Lâm",
        "path": "Ngọc Lâm, Thanh Chương, Nghệ An",
        "path_with_type": "Xã Ngọc Lâm, Huyện Thanh Chương, Tỉnh Nghệ An",
        "code": "17759",
        "parent_code": "428"
    },
    "17761": {
        "name": "Thanh Lĩnh",
        "type": "xa",
        "slug": "thanh-linh",
        "name_with_type": "Xã Thanh Lĩnh",
        "path": "Thanh Lĩnh, Thanh Chương, Nghệ An",
        "path_with_type": "Xã Thanh Lĩnh, Huyện Thanh Chương, Tỉnh Nghệ An",
        "code": "17761",
        "parent_code": "428"
    },
    "17764": {
        "name": "Đồng Văn",
        "type": "xa",
        "slug": "dong-van",
        "name_with_type": "Xã Đồng Văn",
        "path": "Đồng Văn, Thanh Chương, Nghệ An",
        "path_with_type": "Xã Đồng Văn, Huyện Thanh Chương, Tỉnh Nghệ An",
        "code": "17764",
        "parent_code": "428"
    },
    "17767": {
        "name": "Ngọc Sơn",
        "type": "xa",
        "slug": "ngoc-son",
        "name_with_type": "Xã Ngọc Sơn",
        "path": "Ngọc Sơn, Thanh Chương, Nghệ An",
        "path_with_type": "Xã Ngọc Sơn, Huyện Thanh Chương, Tỉnh Nghệ An",
        "code": "17767",
        "parent_code": "428"
    },
    "17770": {
        "name": "Thanh Thịnh",
        "type": "xa",
        "slug": "thanh-thinh",
        "name_with_type": "Xã Thanh Thịnh",
        "path": "Thanh Thịnh, Thanh Chương, Nghệ An",
        "path_with_type": "Xã Thanh Thịnh, Huyện Thanh Chương, Tỉnh Nghệ An",
        "code": "17770",
        "parent_code": "428"
    },
    "17773": {
        "name": "Thanh An",
        "type": "xa",
        "slug": "thanh-an",
        "name_with_type": "Xã Thanh An",
        "path": "Thanh An, Thanh Chương, Nghệ An",
        "path_with_type": "Xã Thanh An, Huyện Thanh Chương, Tỉnh Nghệ An",
        "code": "17773",
        "parent_code": "428"
    },
    "17776": {
        "name": "Thanh Chi",
        "type": "xa",
        "slug": "thanh-chi",
        "name_with_type": "Xã Thanh Chi",
        "path": "Thanh Chi, Thanh Chương, Nghệ An",
        "path_with_type": "Xã Thanh Chi, Huyện Thanh Chương, Tỉnh Nghệ An",
        "code": "17776",
        "parent_code": "428"
    },
    "17779": {
        "name": "Xuân Tường",
        "type": "xa",
        "slug": "xuan-tuong",
        "name_with_type": "Xã Xuân Tường",
        "path": "Xuân Tường, Thanh Chương, Nghệ An",
        "path_with_type": "Xã Xuân Tường, Huyện Thanh Chương, Tỉnh Nghệ An",
        "code": "17779",
        "parent_code": "428"
    },
    "17782": {
        "name": "Thanh Dương",
        "type": "xa",
        "slug": "thanh-duong",
        "name_with_type": "Xã Thanh Dương",
        "path": "Thanh Dương, Thanh Chương, Nghệ An",
        "path_with_type": "Xã Thanh Dương, Huyện Thanh Chương, Tỉnh Nghệ An",
        "code": "17782",
        "parent_code": "428"
    },
    "17785": {
        "name": "Thanh Lương",
        "type": "xa",
        "slug": "thanh-luong",
        "name_with_type": "Xã Thanh Lương",
        "path": "Thanh Lương, Thanh Chương, Nghệ An",
        "path_with_type": "Xã Thanh Lương, Huyện Thanh Chương, Tỉnh Nghệ An",
        "code": "17785",
        "parent_code": "428"
    },
    "17788": {
        "name": "Thanh Khê",
        "type": "xa",
        "slug": "thanh-khe",
        "name_with_type": "Xã Thanh Khê",
        "path": "Thanh Khê, Thanh Chương, Nghệ An",
        "path_with_type": "Xã Thanh Khê, Huyện Thanh Chương, Tỉnh Nghệ An",
        "code": "17788",
        "parent_code": "428"
    },
    "17791": {
        "name": "Võ Liệt",
        "type": "xa",
        "slug": "vo-liet",
        "name_with_type": "Xã Võ Liệt",
        "path": "Võ Liệt, Thanh Chương, Nghệ An",
        "path_with_type": "Xã Võ Liệt, Huyện Thanh Chương, Tỉnh Nghệ An",
        "code": "17791",
        "parent_code": "428"
    },
    "17794": {
        "name": "Thanh Long",
        "type": "xa",
        "slug": "thanh-long",
        "name_with_type": "Xã Thanh Long",
        "path": "Thanh Long, Thanh Chương, Nghệ An",
        "path_with_type": "Xã Thanh Long, Huyện Thanh Chương, Tỉnh Nghệ An",
        "code": "17794",
        "parent_code": "428"
    },
    "17797": {
        "name": "Thanh Thủy",
        "type": "xa",
        "slug": "thanh-thuy",
        "name_with_type": "Xã Thanh Thủy",
        "path": "Thanh Thủy, Thanh Chương, Nghệ An",
        "path_with_type": "Xã Thanh Thủy, Huyện Thanh Chương, Tỉnh Nghệ An",
        "code": "17797",
        "parent_code": "428"
    },
    "17800": {
        "name": "Thanh Khai",
        "type": "xa",
        "slug": "thanh-khai",
        "name_with_type": "Xã Thanh Khai",
        "path": "Thanh Khai, Thanh Chương, Nghệ An",
        "path_with_type": "Xã Thanh Khai, Huyện Thanh Chương, Tỉnh Nghệ An",
        "code": "17800",
        "parent_code": "428"
    },
    "17803": {
        "name": "Thanh Yên",
        "type": "xa",
        "slug": "thanh-yen",
        "name_with_type": "Xã Thanh Yên",
        "path": "Thanh Yên, Thanh Chương, Nghệ An",
        "path_with_type": "Xã Thanh Yên, Huyện Thanh Chương, Tỉnh Nghệ An",
        "code": "17803",
        "parent_code": "428"
    },
    "17806": {
        "name": "Thanh Hà",
        "type": "xa",
        "slug": "thanh-ha",
        "name_with_type": "Xã Thanh Hà",
        "path": "Thanh Hà, Thanh Chương, Nghệ An",
        "path_with_type": "Xã Thanh Hà, Huyện Thanh Chương, Tỉnh Nghệ An",
        "code": "17806",
        "parent_code": "428"
    },
    "17809": {
        "name": "Thanh Giang",
        "type": "xa",
        "slug": "thanh-giang",
        "name_with_type": "Xã Thanh Giang",
        "path": "Thanh Giang, Thanh Chương, Nghệ An",
        "path_with_type": "Xã Thanh Giang, Huyện Thanh Chương, Tỉnh Nghệ An",
        "code": "17809",
        "parent_code": "428"
    },
    "17812": {
        "name": "Thanh Tùng",
        "type": "xa",
        "slug": "thanh-tung",
        "name_with_type": "Xã Thanh Tùng",
        "path": "Thanh Tùng, Thanh Chương, Nghệ An",
        "path_with_type": "Xã Thanh Tùng, Huyện Thanh Chương, Tỉnh Nghệ An",
        "code": "17812",
        "parent_code": "428"
    },
    "17815": {
        "name": "Thanh Lâm",
        "type": "xa",
        "slug": "thanh-lam",
        "name_with_type": "Xã Thanh Lâm",
        "path": "Thanh Lâm, Thanh Chương, Nghệ An",
        "path_with_type": "Xã Thanh Lâm, Huyện Thanh Chương, Tỉnh Nghệ An",
        "code": "17815",
        "parent_code": "428"
    },
    "17818": {
        "name": "Thanh Mai",
        "type": "xa",
        "slug": "thanh-mai",
        "name_with_type": "Xã Thanh Mai",
        "path": "Thanh Mai, Thanh Chương, Nghệ An",
        "path_with_type": "Xã Thanh Mai, Huyện Thanh Chương, Tỉnh Nghệ An",
        "code": "17818",
        "parent_code": "428"
    },
    "17821": {
        "name": "Thanh Xuân",
        "type": "xa",
        "slug": "thanh-xuan",
        "name_with_type": "Xã Thanh Xuân",
        "path": "Thanh Xuân, Thanh Chương, Nghệ An",
        "path_with_type": "Xã Thanh Xuân, Huyện Thanh Chương, Tỉnh Nghệ An",
        "code": "17821",
        "parent_code": "428"
    },
    "17824": {
        "name": "Thanh Đức",
        "type": "xa",
        "slug": "thanh-duc",
        "name_with_type": "Xã Thanh Đức",
        "path": "Thanh Đức, Thanh Chương, Nghệ An",
        "path_with_type": "Xã Thanh Đức, Huyện Thanh Chương, Tỉnh Nghệ An",
        "code": "17824",
        "parent_code": "428"
    }
}