{
    "17929": {
        "name": "Nam Đàn",
        "type": "thi-tran",
        "slug": "nam-dan",
        "name_with_type": "Thị trấn Nam Đàn",
        "path": "Nam Đàn, Nam Đàn, Nghệ An",
        "path_with_type": "Thị trấn Nam Đàn, Huyện Nam Đàn, Tỉnh Nghệ An",
        "code": "17929",
        "parent_code": "430"
    },
    "17932": {
        "name": "Nam Hưng",
        "type": "xa",
        "slug": "nam-hung",
        "name_with_type": "Xã Nam Hưng",
        "path": "Nam Hưng, Nam Đàn, Nghệ An",
        "path_with_type": "Xã Nam Hưng, Huyện Nam Đàn, Tỉnh Nghệ An",
        "code": "17932",
        "parent_code": "430"
    },
    "17935": {
        "name": "Nam Nghĩa",
        "type": "xa",
        "slug": "nam-nghia",
        "name_with_type": "Xã Nam Nghĩa",
        "path": "Nam Nghĩa, Nam Đàn, Nghệ An",
        "path_with_type": "Xã Nam Nghĩa, Huyện Nam Đàn, Tỉnh Nghệ An",
        "code": "17935",
        "parent_code": "430"
    },
    "17938": {
        "name": "Nam Thanh",
        "type": "xa",
        "slug": "nam-thanh",
        "name_with_type": "Xã Nam Thanh",
        "path": "Nam Thanh, Nam Đàn, Nghệ An",
        "path_with_type": "Xã Nam Thanh, Huyện Nam Đàn, Tỉnh Nghệ An",
        "code": "17938",
        "parent_code": "430"
    },
    "17941": {
        "name": "Nam Anh",
        "type": "xa",
        "slug": "nam-anh",
        "name_with_type": "Xã Nam Anh",
        "path": "Nam Anh, Nam Đàn, Nghệ An",
        "path_with_type": "Xã Nam Anh, Huyện Nam Đàn, Tỉnh Nghệ An",
        "code": "17941",
        "parent_code": "430"
    },
    "17944": {
        "name": "Nam Xuân",
        "type": "xa",
        "slug": "nam-xuan",
        "name_with_type": "Xã Nam Xuân",
        "path": "Nam Xuân, Nam Đàn, Nghệ An",
        "path_with_type": "Xã Nam Xuân, Huyện Nam Đàn, Tỉnh Nghệ An",
        "code": "17944",
        "parent_code": "430"
    },
    "17947": {
        "name": "Nam Thái",
        "type": "xa",
        "slug": "nam-thai",
        "name_with_type": "Xã Nam Thái",
        "path": "Nam Thái, Nam Đàn, Nghệ An",
        "path_with_type": "Xã Nam Thái, Huyện Nam Đàn, Tỉnh Nghệ An",
        "code": "17947",
        "parent_code": "430"
    },
    "17950": {
        "name": "Vân Diên",
        "type": "xa",
        "slug": "van-dien",
        "name_with_type": "Xã Vân Diên",
        "path": "Vân Diên, Nam Đàn, Nghệ An",
        "path_with_type": "Xã Vân Diên, Huyện Nam Đàn, Tỉnh Nghệ An",
        "code": "17950",
        "parent_code": "430"
    },
    "17953": {
        "name": "Nam Lĩnh",
        "type": "xa",
        "slug": "nam-linh",
        "name_with_type": "Xã Nam Lĩnh",
        "path": "Nam Lĩnh, Nam Đàn, Nghệ An",
        "path_with_type": "Xã Nam Lĩnh, Huyện Nam Đàn, Tỉnh Nghệ An",
        "code": "17953",
        "parent_code": "430"
    },
    "17956": {
        "name": "Nam Giang",
        "type": "xa",
        "slug": "nam-giang",
        "name_with_type": "Xã Nam Giang",
        "path": "Nam Giang, Nam Đàn, Nghệ An",
        "path_with_type": "Xã Nam Giang, Huyện Nam Đàn, Tỉnh Nghệ An",
        "code": "17956",
        "parent_code": "430"
    },
    "17959": {
        "name": "Xuân Hòa",
        "type": "xa",
        "slug": "xuan-hoa",
        "name_with_type": "Xã Xuân Hòa",
        "path": "Xuân Hòa, Nam Đàn, Nghệ An",
        "path_with_type": "Xã Xuân Hòa, Huyện Nam Đàn, Tỉnh Nghệ An",
        "code": "17959",
        "parent_code": "430"
    },
    "17962": {
        "name": "Hùng Tiến",
        "type": "xa",
        "slug": "hung-tien",
        "name_with_type": "Xã Hùng Tiến",
        "path": "Hùng Tiến, Nam Đàn, Nghệ An",
        "path_with_type": "Xã Hùng Tiến, Huyện Nam Đàn, Tỉnh Nghệ An",
        "code": "17962",
        "parent_code": "430"
    },
    "17965": {
        "name": "Nam Thượng",
        "type": "xa",
        "slug": "nam-thuong",
        "name_with_type": "Xã Nam Thượng",
        "path": "Nam Thượng, Nam Đàn, Nghệ An",
        "path_with_type": "Xã Nam Thượng, Huyện Nam Đàn, Tỉnh Nghệ An",
        "code": "17965",
        "parent_code": "430"
    },
    "17968": {
        "name": "Nam Tân",
        "type": "xa",
        "slug": "nam-tan",
        "name_with_type": "Xã Nam Tân",
        "path": "Nam Tân, Nam Đàn, Nghệ An",
        "path_with_type": "Xã Nam Tân, Huyện Nam Đàn, Tỉnh Nghệ An",
        "code": "17968",
        "parent_code": "430"
    },
    "17971": {
        "name": "Kim Liên",
        "type": "xa",
        "slug": "kim-lien",
        "name_with_type": "Xã Kim Liên",
        "path": "Kim Liên, Nam Đàn, Nghệ An",
        "path_with_type": "Xã Kim Liên, Huyện Nam Đàn, Tỉnh Nghệ An",
        "code": "17971",
        "parent_code": "430"
    },
    "17974": {
        "name": "Nam Lộc",
        "type": "xa",
        "slug": "nam-loc",
        "name_with_type": "Xã Nam Lộc",
        "path": "Nam Lộc, Nam Đàn, Nghệ An",
        "path_with_type": "Xã Nam Lộc, Huyện Nam Đàn, Tỉnh Nghệ An",
        "code": "17974",
        "parent_code": "430"
    },
    "17977": {
        "name": "Hồng Long",
        "type": "xa",
        "slug": "hong-long",
        "name_with_type": "Xã Hồng Long",
        "path": "Hồng Long, Nam Đàn, Nghệ An",
        "path_with_type": "Xã Hồng Long, Huyện Nam Đàn, Tỉnh Nghệ An",
        "code": "17977",
        "parent_code": "430"
    },
    "17980": {
        "name": "Xuân Lâm",
        "type": "xa",
        "slug": "xuan-lam",
        "name_with_type": "Xã Xuân Lâm",
        "path": "Xuân Lâm, Nam Đàn, Nghệ An",
        "path_with_type": "Xã Xuân Lâm, Huyện Nam Đàn, Tỉnh Nghệ An",
        "code": "17980",
        "parent_code": "430"
    },
    "17983": {
        "name": "Nam Cát",
        "type": "xa",
        "slug": "nam-cat",
        "name_with_type": "Xã Nam Cát",
        "path": "Nam Cát, Nam Đàn, Nghệ An",
        "path_with_type": "Xã Nam Cát, Huyện Nam Đàn, Tỉnh Nghệ An",
        "code": "17983",
        "parent_code": "430"
    },
    "17986": {
        "name": "Khánh Sơn",
        "type": "xa",
        "slug": "khanh-son",
        "name_with_type": "Xã Khánh Sơn",
        "path": "Khánh Sơn, Nam Đàn, Nghệ An",
        "path_with_type": "Xã Khánh Sơn, Huyện Nam Đàn, Tỉnh Nghệ An",
        "code": "17986",
        "parent_code": "430"
    },
    "17989": {
        "name": "Nam Phúc",
        "type": "xa",
        "slug": "nam-phuc",
        "name_with_type": "Xã Nam Phúc",
        "path": "Nam Phúc, Nam Đàn, Nghệ An",
        "path_with_type": "Xã Nam Phúc, Huyện Nam Đàn, Tỉnh Nghệ An",
        "code": "17989",
        "parent_code": "430"
    },
    "17992": {
        "name": "Nam Cường",
        "type": "xa",
        "slug": "nam-cuong",
        "name_with_type": "Xã Nam Cường",
        "path": "Nam Cường, Nam Đàn, Nghệ An",
        "path_with_type": "Xã Nam Cường, Huyện Nam Đàn, Tỉnh Nghệ An",
        "code": "17992",
        "parent_code": "430"
    },
    "17995": {
        "name": "Nam Trung",
        "type": "xa",
        "slug": "nam-trung",
        "name_with_type": "Xã Nam Trung",
        "path": "Nam Trung, Nam Đàn, Nghệ An",
        "path_with_type": "Xã Nam Trung, Huyện Nam Đàn, Tỉnh Nghệ An",
        "code": "17995",
        "parent_code": "430"
    },
    "17998": {
        "name": "Nam Kim",
        "type": "xa",
        "slug": "nam-kim",
        "name_with_type": "Xã Nam Kim",
        "path": "Nam Kim, Nam Đàn, Nghệ An",
        "path_with_type": "Xã Nam Kim, Huyện Nam Đàn, Tỉnh Nghệ An",
        "code": "17998",
        "parent_code": "430"
    }
}