{
    "17104": {
        "name": "Quỳnh Vinh",
        "type": "xa",
        "slug": "quynh-vinh",
        "name_with_type": "Xã Quỳnh Vinh",
        "path": "Quỳnh Vinh, Hoàng Mai, Nghệ An",
        "path_with_type": "Xã Quỳnh Vinh, Thị xã Hoàng Mai, Tỉnh Nghệ An",
        "code": "17104",
        "parent_code": "432"
    },
    "17107": {
        "name": "Quỳnh Lộc",
        "type": "xa",
        "slug": "quynh-loc",
        "name_with_type": "Xã Quỳnh Lộc",
        "path": "Quỳnh Lộc, Hoàng Mai, Nghệ An",
        "path_with_type": "Xã Quỳnh Lộc, Thị xã Hoàng Mai, Tỉnh Nghệ An",
        "code": "17107",
        "parent_code": "432"
    },
    "17110": {
        "name": "Quỳnh Thiện",
        "type": "phuong",
        "slug": "quynh-thien",
        "name_with_type": "Phường Quỳnh Thiện",
        "path": "Quỳnh Thiện, Hoàng Mai, Nghệ An",
        "path_with_type": "Phường Quỳnh Thiện, Thị xã Hoàng Mai, Tỉnh Nghệ An",
        "code": "17110",
        "parent_code": "432"
    },
    "17113": {
        "name": "Quỳnh Lập",
        "type": "xa",
        "slug": "quynh-lap",
        "name_with_type": "Xã Quỳnh Lập",
        "path": "Quỳnh Lập, Hoàng Mai, Nghệ An",
        "path_with_type": "Xã Quỳnh Lập, Thị xã Hoàng Mai, Tỉnh Nghệ An",
        "code": "17113",
        "parent_code": "432"
    },
    "17116": {
        "name": "Quỳnh Trang",
        "type": "xa",
        "slug": "quynh-trang",
        "name_with_type": "Xã Quỳnh Trang",
        "path": "Quỳnh Trang, Hoàng Mai, Nghệ An",
        "path_with_type": "Xã Quỳnh Trang, Thị xã Hoàng Mai, Tỉnh Nghệ An",
        "code": "17116",
        "parent_code": "432"
    },
    "17125": {
        "name": "Mai Hùng",
        "type": "phuong",
        "slug": "mai-hung",
        "name_with_type": "Phường Mai Hùng",
        "path": "Mai Hùng, Hoàng Mai, Nghệ An",
        "path_with_type": "Phường Mai Hùng, Thị xã Hoàng Mai, Tỉnh Nghệ An",
        "code": "17125",
        "parent_code": "432"
    },
    "17128": {
        "name": "Quỳnh Dị",
        "type": "phuong",
        "slug": "quynh-di",
        "name_with_type": "Phường Quỳnh Dị",
        "path": "Quỳnh Dị, Hoàng Mai, Nghệ An",
        "path_with_type": "Phường Quỳnh Dị, Thị xã Hoàng Mai, Tỉnh Nghệ An",
        "code": "17128",
        "parent_code": "432"
    },
    "17131": {
        "name": "Quỳnh Xuân",
        "type": "phuong",
        "slug": "quynh-xuan",
        "name_with_type": "Phường Quỳnh Xuân",
        "path": "Quỳnh Xuân, Hoàng Mai, Nghệ An",
        "path_with_type": "Phường Quỳnh Xuân, Thị xã Hoàng Mai, Tỉnh Nghệ An",
        "code": "17131",
        "parent_code": "432"
    },
    "17134": {
        "name": "Quỳnh Phương",
        "type": "phuong",
        "slug": "quynh-phuong",
        "name_with_type": "Phường Quỳnh Phương",
        "path": "Quỳnh Phương, Hoàng Mai, Nghệ An",
        "path_with_type": "Phường Quỳnh Phương, Thị xã Hoàng Mai, Tỉnh Nghệ An",
        "code": "17134",
        "parent_code": "432"
    },
    "17137": {
        "name": "Quỳnh Liên",
        "type": "xa",
        "slug": "quynh-lien",
        "name_with_type": "Xã Quỳnh Liên",
        "path": "Quỳnh Liên, Hoàng Mai, Nghệ An",
        "path_with_type": "Xã Quỳnh Liên, Thị xã Hoàng Mai, Tỉnh Nghệ An",
        "code": "17137",
        "parent_code": "432"
    }
}