{
    "18070": {
        "name": "Trần Phú",
        "type": "phuong",
        "slug": "tran-phu",
        "name_with_type": "Phường Trần Phú",
        "path": "Trần Phú, Hà Tĩnh, Hà Tĩnh",
        "path_with_type": "Phường Trần Phú, Thành phố Hà Tĩnh, Tỉnh Hà Tĩnh",
        "code": "18070",
        "parent_code": "436"
    },
    "18073": {
        "name": "Nam Hà",
        "type": "phuong",
        "slug": "nam-ha",
        "name_with_type": "Phường Nam Hà",
        "path": "Nam Hà, Hà Tĩnh, Hà Tĩnh",
        "path_with_type": "Phường Nam Hà, Thành phố Hà Tĩnh, Tỉnh Hà Tĩnh",
        "code": "18073",
        "parent_code": "436"
    },
    "18076": {
        "name": "Bắc Hà",
        "type": "phuong",
        "slug": "bac-ha",
        "name_with_type": "Phường Bắc Hà",
        "path": "Bắc Hà, Hà Tĩnh, Hà Tĩnh",
        "path_with_type": "Phường Bắc Hà, Thành phố Hà Tĩnh, Tỉnh Hà Tĩnh",
        "code": "18076",
        "parent_code": "436"
    },
    "18077": {
        "name": "Nguyễn Du",
        "type": "phuong",
        "slug": "nguyen-du",
        "name_with_type": "Phường Nguyễn Du",
        "path": "Nguyễn Du, Hà Tĩnh, Hà Tĩnh",
        "path_with_type": "Phường Nguyễn Du, Thành phố Hà Tĩnh, Tỉnh Hà Tĩnh",
        "code": "18077",
        "parent_code": "436"
    },
    "18079": {
        "name": "Tân Giang",
        "type": "phuong",
        "slug": "tan-giang",
        "name_with_type": "Phường Tân Giang",
        "path": "Tân Giang, Hà Tĩnh, Hà Tĩnh",
        "path_with_type": "Phường Tân Giang, Thành phố Hà Tĩnh, Tỉnh Hà Tĩnh",
        "code": "18079",
        "parent_code": "436"
    },
    "18082": {
        "name": "Đại Nài",
        "type": "phuong",
        "slug": "dai-nai",
        "name_with_type": "Phường Đại Nài",
        "path": "Đại Nài, Hà Tĩnh, Hà Tĩnh",
        "path_with_type": "Phường Đại Nài, Thành phố Hà Tĩnh, Tỉnh Hà Tĩnh",
        "code": "18082",
        "parent_code": "436"
    },
    "18085": {
        "name": "Hà Huy Tập",
        "type": "phuong",
        "slug": "ha-huy-tap",
        "name_with_type": "Phường Hà Huy Tập",
        "path": "Hà Huy Tập, Hà Tĩnh, Hà Tĩnh",
        "path_with_type": "Phường Hà Huy Tập, Thành phố Hà Tĩnh, Tỉnh Hà Tĩnh",
        "code": "18085",
        "parent_code": "436"
    },
    "18088": {
        "name": "Thạch Trung",
        "type": "xa",
        "slug": "thach-trung",
        "name_with_type": "Xã Thạch Trung",
        "path": "Thạch Trung, Hà Tĩnh, Hà Tĩnh",
        "path_with_type": "Xã Thạch Trung, Thành phố Hà Tĩnh, Tỉnh Hà Tĩnh",
        "code": "18088",
        "parent_code": "436"
    },
    "18091": {
        "name": "Thạch Quý",
        "type": "phuong",
        "slug": "thach-quy",
        "name_with_type": "Phường Thạch Quý",
        "path": "Thạch Quý, Hà Tĩnh, Hà Tĩnh",
        "path_with_type": "Phường Thạch Quý, Thành phố Hà Tĩnh, Tỉnh Hà Tĩnh",
        "code": "18091",
        "parent_code": "436"
    },
    "18094": {
        "name": "Thạch Linh",
        "type": "phuong",
        "slug": "thach-linh",
        "name_with_type": "Phường Thạch Linh",
        "path": "Thạch Linh, Hà Tĩnh, Hà Tĩnh",
        "path_with_type": "Phường Thạch Linh, Thành phố Hà Tĩnh, Tỉnh Hà Tĩnh",
        "code": "18094",
        "parent_code": "436"
    },
    "18097": {
        "name": "Văn Yên",
        "type": "phuong",
        "slug": "van-yen",
        "name_with_type": "Phường Văn Yên",
        "path": "Văn Yên, Hà Tĩnh, Hà Tĩnh",
        "path_with_type": "Phường Văn Yên, Thành phố Hà Tĩnh, Tỉnh Hà Tĩnh",
        "code": "18097",
        "parent_code": "436"
    },
    "18100": {
        "name": "Thạch Hạ",
        "type": "xa",
        "slug": "thach-ha",
        "name_with_type": "Xã Thạch Hạ",
        "path": "Thạch Hạ, Hà Tĩnh, Hà Tĩnh",
        "path_with_type": "Xã Thạch Hạ, Thành phố Hà Tĩnh, Tỉnh Hà Tĩnh",
        "code": "18100",
        "parent_code": "436"
    },
    "18103": {
        "name": "Thạch Môn",
        "type": "xa",
        "slug": "thach-mon",
        "name_with_type": "Xã Thạch Môn",
        "path": "Thạch Môn, Hà Tĩnh, Hà Tĩnh",
        "path_with_type": "Xã Thạch Môn, Thành phố Hà Tĩnh, Tỉnh Hà Tĩnh",
        "code": "18103",
        "parent_code": "436"
    },
    "18106": {
        "name": "Thạch Đồng",
        "type": "xa",
        "slug": "thach-dong",
        "name_with_type": "Xã Thạch Đồng",
        "path": "Thạch Đồng, Hà Tĩnh, Hà Tĩnh",
        "path_with_type": "Xã Thạch Đồng, Thành phố Hà Tĩnh, Tỉnh Hà Tĩnh",
        "code": "18106",
        "parent_code": "436"
    },
    "18109": {
        "name": "Thạch Hưng",
        "type": "xa",
        "slug": "thach-hung",
        "name_with_type": "Xã Thạch Hưng",
        "path": "Thạch Hưng, Hà Tĩnh, Hà Tĩnh",
        "path_with_type": "Xã Thạch Hưng, Thành phố Hà Tĩnh, Tỉnh Hà Tĩnh",
        "code": "18109",
        "parent_code": "436"
    },
    "18112": {
        "name": "Thạch Bình",
        "type": "xa",
        "slug": "thach-binh",
        "name_with_type": "Xã Thạch Bình",
        "path": "Thạch Bình, Hà Tĩnh, Hà Tĩnh",
        "path_with_type": "Xã Thạch Bình, Thành phố Hà Tĩnh, Tỉnh Hà Tĩnh",
        "code": "18112",
        "parent_code": "436"
    }
}