{
    "18409": {
        "name": "Tân Lộc",
        "type": "xa",
        "slug": "tan-loc",
        "name_with_type": "Xã Tân Lộc",
        "path": "Tân Lộc, Lộc Hà, Hà Tĩnh",
        "path_with_type": "Xã Tân Lộc, Huyện Lộc Hà, Tỉnh Hà Tĩnh",
        "code": "18409",
        "parent_code": "448"
    },
    "18412": {
        "name": "Hồng Lộc",
        "type": "xa",
        "slug": "hong-loc",
        "name_with_type": "Xã Hồng Lộc",
        "path": "Hồng Lộc, Lộc Hà, Hà Tĩnh",
        "path_with_type": "Xã Hồng Lộc, Huyện Lộc Hà, Tỉnh Hà Tĩnh",
        "code": "18412",
        "parent_code": "448"
    },
    "18421": {
        "name": "Thịnh Lộc",
        "type": "xa",
        "slug": "thinh-loc",
        "name_with_type": "Xã Thịnh Lộc",
        "path": "Thịnh Lộc, Lộc Hà, Hà Tĩnh",
        "path_with_type": "Xã Thịnh Lộc, Huyện Lộc Hà, Tỉnh Hà Tĩnh",
        "code": "18421",
        "parent_code": "448"
    },
    "18430": {
        "name": "An Lộc",
        "type": "xa",
        "slug": "an-loc",
        "name_with_type": "Xã An Lộc",
        "path": "An Lộc, Lộc Hà, Hà Tĩnh",
        "path_with_type": "Xã An Lộc, Huyện Lộc Hà, Tỉnh Hà Tĩnh",
        "code": "18430",
        "parent_code": "448"
    },
    "18448": {
        "name": "Bình Lộc",
        "type": "xa",
        "slug": "binh-loc",
        "name_with_type": "Xã Bình Lộc",
        "path": "Bình Lộc, Lộc Hà, Hà Tĩnh",
        "path_with_type": "Xã Bình Lộc, Huyện Lộc Hà, Tỉnh Hà Tĩnh",
        "code": "18448",
        "parent_code": "448"
    },
    "18457": {
        "name": "Ích Hậu",
        "type": "xa",
        "slug": "ich-hau",
        "name_with_type": "Xã Ích Hậu",
        "path": "Ích Hậu, Lộc Hà, Hà Tĩnh",
        "path_with_type": "Xã Ích Hậu, Huyện Lộc Hà, Tỉnh Hà Tĩnh",
        "code": "18457",
        "parent_code": "448"
    },
    "18493": {
        "name": "Phù Lưu",
        "type": "xa",
        "slug": "phu-luu",
        "name_with_type": "Xã Phù Lưu",
        "path": "Phù Lưu, Lộc Hà, Hà Tĩnh",
        "path_with_type": "Xã Phù Lưu, Huyện Lộc Hà, Tỉnh Hà Tĩnh",
        "code": "18493",
        "parent_code": "448"
    },
    "18568": {
        "name": "Thạch Bằng",
        "type": "xa",
        "slug": "thach-bang",
        "name_with_type": "Xã Thạch Bằng",
        "path": "Thạch Bằng, Lộc Hà, Hà Tĩnh",
        "path_with_type": "Xã Thạch Bằng, Huyện Lộc Hà, Tỉnh Hà Tĩnh",
        "code": "18568",
        "parent_code": "448"
    },
    "18577": {
        "name": "Thạch Mỹ",
        "type": "xa",
        "slug": "thach-my",
        "name_with_type": "Xã Thạch Mỹ",
        "path": "Thạch Mỹ, Lộc Hà, Hà Tĩnh",
        "path_with_type": "Xã Thạch Mỹ, Huyện Lộc Hà, Tỉnh Hà Tĩnh",
        "code": "18577",
        "parent_code": "448"
    },
    "18580": {
        "name": "Thạch Kim",
        "type": "xa",
        "slug": "thach-kim",
        "name_with_type": "Xã Thạch Kim",
        "path": "Thạch Kim, Lộc Hà, Hà Tĩnh",
        "path_with_type": "Xã Thạch Kim, Huyện Lộc Hà, Tỉnh Hà Tĩnh",
        "code": "18580",
        "parent_code": "448"
    },
    "18583": {
        "name": "Thạch Châu",
        "type": "xa",
        "slug": "thach-chau",
        "name_with_type": "Xã Thạch Châu",
        "path": "Thạch Châu, Lộc Hà, Hà Tĩnh",
        "path_with_type": "Xã Thạch Châu, Huyện Lộc Hà, Tỉnh Hà Tĩnh",
        "code": "18583",
        "parent_code": "448"
    },
    "18598": {
        "name": "Hộ Độ",
        "type": "xa",
        "slug": "ho-do",
        "name_with_type": "Xã Hộ Độ",
        "path": "Hộ Độ, Lộc Hà, Hà Tĩnh",
        "path_with_type": "Xã Hộ Độ, Huyện Lộc Hà, Tỉnh Hà Tĩnh",
        "code": "18598",
        "parent_code": "448"
    },
    "18670": {
        "name": "Mai Phụ",
        "type": "xa",
        "slug": "mai-phu",
        "name_with_type": "Xã Mai Phụ",
        "path": "Mai Phụ, Lộc Hà, Hà Tĩnh",
        "path_with_type": "Xã Mai Phụ, Huyện Lộc Hà, Tỉnh Hà Tĩnh",
        "code": "18670",
        "parent_code": "448"
    }
}