{
    "19246": {
        "name": "NT Lệ Ninh",
        "type": "thi-tran",
        "slug": "nt-le-ninh",
        "name_with_type": "Thị trấn NT Lệ Ninh",
        "path": "NT Lệ Ninh, Lệ Thủy, Quảng Bình",
        "path_with_type": "Thị trấn NT Lệ Ninh, Huyện Lệ Thủy, Tỉnh Quảng Bình",
        "code": "19246",
        "parent_code": "457"
    },
    "19249": {
        "name": "Kiến Giang",
        "type": "thi-tran",
        "slug": "kien-giang",
        "name_with_type": "Thị trấn Kiến Giang",
        "path": "Kiến Giang, Lệ Thủy, Quảng Bình",
        "path_with_type": "Thị trấn Kiến Giang, Huyện Lệ Thủy, Tỉnh Quảng Bình",
        "code": "19249",
        "parent_code": "457"
    },
    "19252": {
        "name": "Hồng Thủy",
        "type": "xa",
        "slug": "hong-thuy",
        "name_with_type": "Xã Hồng Thủy",
        "path": "Hồng Thủy, Lệ Thủy, Quảng Bình",
        "path_with_type": "Xã Hồng Thủy, Huyện Lệ Thủy, Tỉnh Quảng Bình",
        "code": "19252",
        "parent_code": "457"
    },
    "19255": {
        "name": "Ngư Thủy Bắc",
        "type": "xa",
        "slug": "ngu-thuy-bac",
        "name_with_type": "Xã Ngư Thủy Bắc",
        "path": "Ngư Thủy Bắc, Lệ Thủy, Quảng Bình",
        "path_with_type": "Xã Ngư Thủy Bắc, Huyện Lệ Thủy, Tỉnh Quảng Bình",
        "code": "19255",
        "parent_code": "457"
    },
    "19258": {
        "name": "Hoa Thủy",
        "type": "xa",
        "slug": "hoa-thuy",
        "name_with_type": "Xã Hoa Thủy",
        "path": "Hoa Thủy, Lệ Thủy, Quảng Bình",
        "path_with_type": "Xã Hoa Thủy, Huyện Lệ Thủy, Tỉnh Quảng Bình",
        "code": "19258",
        "parent_code": "457"
    },
    "19261": {
        "name": "Thanh Thủy",
        "type": "xa",
        "slug": "thanh-thuy",
        "name_with_type": "Xã Thanh Thủy",
        "path": "Thanh Thủy, Lệ Thủy, Quảng Bình",
        "path_with_type": "Xã Thanh Thủy, Huyện Lệ Thủy, Tỉnh Quảng Bình",
        "code": "19261",
        "parent_code": "457"
    },
    "19264": {
        "name": "An Thủy",
        "type": "xa",
        "slug": "an-thuy",
        "name_with_type": "Xã An Thủy",
        "path": "An Thủy, Lệ Thủy, Quảng Bình",
        "path_with_type": "Xã An Thủy, Huyện Lệ Thủy, Tỉnh Quảng Bình",
        "code": "19264",
        "parent_code": "457"
    },
    "19267": {
        "name": "Phong Thủy",
        "type": "xa",
        "slug": "phong-thuy",
        "name_with_type": "Xã Phong Thủy",
        "path": "Phong Thủy, Lệ Thủy, Quảng Bình",
        "path_with_type": "Xã Phong Thủy, Huyện Lệ Thủy, Tỉnh Quảng Bình",
        "code": "19267",
        "parent_code": "457"
    },
    "19270": {
        "name": "Cam Thủy",
        "type": "xa",
        "slug": "cam-thuy",
        "name_with_type": "Xã Cam Thủy",
        "path": "Cam Thủy, Lệ Thủy, Quảng Bình",
        "path_with_type": "Xã Cam Thủy, Huyện Lệ Thủy, Tỉnh Quảng Bình",
        "code": "19270",
        "parent_code": "457"
    },
    "19273": {
        "name": "Ngân Thủy",
        "type": "xa",
        "slug": "ngan-thuy",
        "name_with_type": "Xã Ngân Thủy",
        "path": "Ngân Thủy, Lệ Thủy, Quảng Bình",
        "path_with_type": "Xã Ngân Thủy, Huyện Lệ Thủy, Tỉnh Quảng Bình",
        "code": "19273",
        "parent_code": "457"
    },
    "19276": {
        "name": "Sơn Thủy",
        "type": "xa",
        "slug": "son-thuy",
        "name_with_type": "Xã Sơn Thủy",
        "path": "Sơn Thủy, Lệ Thủy, Quảng Bình",
        "path_with_type": "Xã Sơn Thủy, Huyện Lệ Thủy, Tỉnh Quảng Bình",
        "code": "19276",
        "parent_code": "457"
    },
    "19279": {
        "name": "Lộc Thủy",
        "type": "xa",
        "slug": "loc-thuy",
        "name_with_type": "Xã Lộc Thủy",
        "path": "Lộc Thủy, Lệ Thủy, Quảng Bình",
        "path_with_type": "Xã Lộc Thủy, Huyện Lệ Thủy, Tỉnh Quảng Bình",
        "code": "19279",
        "parent_code": "457"
    },
    "19282": {
        "name": "Ngư Thủy Trung",
        "type": "xa",
        "slug": "ngu-thuy-trung",
        "name_with_type": "Xã Ngư Thủy Trung",
        "path": "Ngư Thủy Trung, Lệ Thủy, Quảng Bình",
        "path_with_type": "Xã Ngư Thủy Trung, Huyện Lệ Thủy, Tỉnh Quảng Bình",
        "code": "19282",
        "parent_code": "457"
    },
    "19285": {
        "name": "Liên Thủy",
        "type": "xa",
        "slug": "lien-thuy",
        "name_with_type": "Xã Liên Thủy",
        "path": "Liên Thủy, Lệ Thủy, Quảng Bình",
        "path_with_type": "Xã Liên Thủy, Huyện Lệ Thủy, Tỉnh Quảng Bình",
        "code": "19285",
        "parent_code": "457"
    },
    "19288": {
        "name": "Hưng Thủy",
        "type": "xa",
        "slug": "hung-thuy",
        "name_with_type": "Xã Hưng Thủy",
        "path": "Hưng Thủy, Lệ Thủy, Quảng Bình",
        "path_with_type": "Xã Hưng Thủy, Huyện Lệ Thủy, Tỉnh Quảng Bình",
        "code": "19288",
        "parent_code": "457"
    },
    "19291": {
        "name": "Dương Thủy",
        "type": "xa",
        "slug": "duong-thuy",
        "name_with_type": "Xã Dương Thủy",
        "path": "Dương Thủy, Lệ Thủy, Quảng Bình",
        "path_with_type": "Xã Dương Thủy, Huyện Lệ Thủy, Tỉnh Quảng Bình",
        "code": "19291",
        "parent_code": "457"
    },
    "19294": {
        "name": "Tân Thủy",
        "type": "xa",
        "slug": "tan-thuy",
        "name_with_type": "Xã Tân Thủy",
        "path": "Tân Thủy, Lệ Thủy, Quảng Bình",
        "path_with_type": "Xã Tân Thủy, Huyện Lệ Thủy, Tỉnh Quảng Bình",
        "code": "19294",
        "parent_code": "457"
    },
    "19297": {
        "name": "Phú Thủy",
        "type": "xa",
        "slug": "phu-thuy",
        "name_with_type": "Xã Phú Thủy",
        "path": "Phú Thủy, Lệ Thủy, Quảng Bình",
        "path_with_type": "Xã Phú Thủy, Huyện Lệ Thủy, Tỉnh Quảng Bình",
        "code": "19297",
        "parent_code": "457"
    },
    "19300": {
        "name": "Xuân Thủy",
        "type": "xa",
        "slug": "xuan-thuy",
        "name_with_type": "Xã Xuân Thủy",
        "path": "Xuân Thủy, Lệ Thủy, Quảng Bình",
        "path_with_type": "Xã Xuân Thủy, Huyện Lệ Thủy, Tỉnh Quảng Bình",
        "code": "19300",
        "parent_code": "457"
    },
    "19303": {
        "name": "Mỹ Thủy",
        "type": "xa",
        "slug": "my-thuy",
        "name_with_type": "Xã Mỹ Thủy",
        "path": "Mỹ Thủy, Lệ Thủy, Quảng Bình",
        "path_with_type": "Xã Mỹ Thủy, Huyện Lệ Thủy, Tỉnh Quảng Bình",
        "code": "19303",
        "parent_code": "457"
    },
    "19306": {
        "name": "Ngư Thủy Nam",
        "type": "xa",
        "slug": "ngu-thuy-nam",
        "name_with_type": "Xã Ngư Thủy Nam",
        "path": "Ngư Thủy Nam, Lệ Thủy, Quảng Bình",
        "path_with_type": "Xã Ngư Thủy Nam, Huyện Lệ Thủy, Tỉnh Quảng Bình",
        "code": "19306",
        "parent_code": "457"
    },
    "19309": {
        "name": "Mai Thủy",
        "type": "xa",
        "slug": "mai-thuy",
        "name_with_type": "Xã Mai Thủy",
        "path": "Mai Thủy, Lệ Thủy, Quảng Bình",
        "path_with_type": "Xã Mai Thủy, Huyện Lệ Thủy, Tỉnh Quảng Bình",
        "code": "19309",
        "parent_code": "457"
    },
    "19312": {
        "name": "Sen Thủy",
        "type": "xa",
        "slug": "sen-thuy",
        "name_with_type": "Xã Sen Thủy",
        "path": "Sen Thủy, Lệ Thủy, Quảng Bình",
        "path_with_type": "Xã Sen Thủy, Huyện Lệ Thủy, Tỉnh Quảng Bình",
        "code": "19312",
        "parent_code": "457"
    },
    "19315": {
        "name": "Thái Thủy",
        "type": "xa",
        "slug": "thai-thuy",
        "name_with_type": "Xã Thái Thủy",
        "path": "Thái Thủy, Lệ Thủy, Quảng Bình",
        "path_with_type": "Xã Thái Thủy, Huyện Lệ Thủy, Tỉnh Quảng Bình",
        "code": "19315",
        "parent_code": "457"
    },
    "19318": {
        "name": "Kim Thủy",
        "type": "xa",
        "slug": "kim-thuy",
        "name_with_type": "Xã Kim Thủy",
        "path": "Kim Thủy, Lệ Thủy, Quảng Bình",
        "path_with_type": "Xã Kim Thủy, Huyện Lệ Thủy, Tỉnh Quảng Bình",
        "code": "19318",
        "parent_code": "457"
    },
    "19321": {
        "name": "Trường Thủy",
        "type": "xa",
        "slug": "truong-thuy",
        "name_with_type": "Xã Trường Thủy",
        "path": "Trường Thủy, Lệ Thủy, Quảng Bình",
        "path_with_type": "Xã Trường Thủy, Huyện Lệ Thủy, Tỉnh Quảng Bình",
        "code": "19321",
        "parent_code": "457"
    },
    "19324": {
        "name": "Văn Thủy",
        "type": "xa",
        "slug": "van-thuy",
        "name_with_type": "Xã Văn Thủy",
        "path": "Văn Thủy, Lệ Thủy, Quảng Bình",
        "path_with_type": "Xã Văn Thủy, Huyện Lệ Thủy, Tỉnh Quảng Bình",
        "code": "19324",
        "parent_code": "457"
    },
    "19327": {
        "name": "Lâm Thủy",
        "type": "xa",
        "slug": "lam-thuy",
        "name_with_type": "Xã Lâm Thủy",
        "path": "Lâm Thủy, Lệ Thủy, Quảng Bình",
        "path_with_type": "Xã Lâm Thủy, Huyện Lệ Thủy, Tỉnh Quảng Bình",
        "code": "19327",
        "parent_code": "457"
    }
}