{
    "19357": {
        "name": "1",
        "type": "phuong",
        "slug": "1",
        "name_with_type": "Phường 1",
        "path": "1, Quảng Trị, Quảng Trị",
        "path_with_type": "Phường 1, Thị xã Quảng Trị, Tỉnh Quảng Trị",
        "code": "19357",
        "parent_code": "462"
    },
    "19358": {
        "name": "An Đôn",
        "type": "phuong",
        "slug": "an-don",
        "name_with_type": "Phường An Đôn",
        "path": "An Đôn, Quảng Trị, Quảng Trị",
        "path_with_type": "Phường An Đôn, Thị xã Quảng Trị, Tỉnh Quảng Trị",
        "code": "19358",
        "parent_code": "462"
    },
    "19360": {
        "name": "2",
        "type": "phuong",
        "slug": "2",
        "name_with_type": "Phường 2",
        "path": "2, Quảng Trị, Quảng Trị",
        "path_with_type": "Phường 2, Thị xã Quảng Trị, Tỉnh Quảng Trị",
        "code": "19360",
        "parent_code": "462"
    },
    "19361": {
        "name": "3",
        "type": "phuong",
        "slug": "3",
        "name_with_type": "Phường 3",
        "path": "3, Quảng Trị, Quảng Trị",
        "path_with_type": "Phường 3, Thị xã Quảng Trị, Tỉnh Quảng Trị",
        "code": "19361",
        "parent_code": "462"
    },
    "19705": {
        "name": "Hải Lệ",
        "type": "xa",
        "slug": "hai-le",
        "name_with_type": "Xã Hải Lệ",
        "path": "Hải Lệ, Quảng Trị, Quảng Trị",
        "path_with_type": "Xã Hải Lệ, Thị xã Quảng Trị, Tỉnh Quảng Trị",
        "code": "19705",
        "parent_code": "462"
    }
}