{
    "19744": {
        "name": "Phú Thuận",
        "type": "phuong",
        "slug": "phu-thuan",
        "name_with_type": "Phường Phú Thuận",
        "path": "Phú Thuận, Huế, Thừa Thiên Huế",
        "path_with_type": "Phường Phú Thuận, Thành phố Huế, Tỉnh Thừa Thiên Huế",
        "code": "19744",
        "parent_code": "474"
    },
    "19747": {
        "name": "Phú Bình",
        "type": "phuong",
        "slug": "phu-binh",
        "name_with_type": "Phường Phú Bình",
        "path": "Phú Bình, Huế, Thừa Thiên Huế",
        "path_with_type": "Phường Phú Bình, Thành phố Huế, Tỉnh Thừa Thiên Huế",
        "code": "19747",
        "parent_code": "474"
    },
    "19750": {
        "name": "Tây Lộc",
        "type": "phuong",
        "slug": "tay-loc",
        "name_with_type": "Phường Tây Lộc",
        "path": "Tây Lộc, Huế, Thừa Thiên Huế",
        "path_with_type": "Phường Tây Lộc, Thành phố Huế, Tỉnh Thừa Thiên Huế",
        "code": "19750",
        "parent_code": "474"
    },
    "19753": {
        "name": "Thuận Lộc",
        "type": "phuong",
        "slug": "thuan-loc",
        "name_with_type": "Phường Thuận Lộc",
        "path": "Thuận Lộc, Huế, Thừa Thiên Huế",
        "path_with_type": "Phường Thuận Lộc, Thành phố Huế, Tỉnh Thừa Thiên Huế",
        "code": "19753",
        "parent_code": "474"
    },
    "19756": {
        "name": "Phú Hiệp",
        "type": "phuong",
        "slug": "phu-hiep",
        "name_with_type": "Phường Phú Hiệp",
        "path": "Phú Hiệp, Huế, Thừa Thiên Huế",
        "path_with_type": "Phường Phú Hiệp, Thành phố Huế, Tỉnh Thừa Thiên Huế",
        "code": "19756",
        "parent_code": "474"
    },
    "19759": {
        "name": "Phú Hậu",
        "type": "phuong",
        "slug": "phu-hau",
        "name_with_type": "Phường Phú Hậu",
        "path": "Phú Hậu, Huế, Thừa Thiên Huế",
        "path_with_type": "Phường Phú Hậu, Thành phố Huế, Tỉnh Thừa Thiên Huế",
        "code": "19759",
        "parent_code": "474"
    },
    "19762": {
        "name": "Thuận Hòa",
        "type": "phuong",
        "slug": "thuan-hoa",
        "name_with_type": "Phường Thuận Hòa",
        "path": "Thuận Hòa, Huế, Thừa Thiên Huế",
        "path_with_type": "Phường Thuận Hòa, Thành phố Huế, Tỉnh Thừa Thiên Huế",
        "code": "19762",
        "parent_code": "474"
    },
    "19765": {
        "name": "Thuận Thành",
        "type": "phuong",
        "slug": "thuan-thanh",
        "name_with_type": "Phường Thuận Thành",
        "path": "Thuận Thành, Huế, Thừa Thiên Huế",
        "path_with_type": "Phường Thuận Thành, Thành phố Huế, Tỉnh Thừa Thiên Huế",
        "code": "19765",
        "parent_code": "474"
    },
    "19768": {
        "name": "Phú Hòa",
        "type": "phuong",
        "slug": "phu-hoa",
        "name_with_type": "Phường Phú Hòa",
        "path": "Phú Hòa, Huế, Thừa Thiên Huế",
        "path_with_type": "Phường Phú Hòa, Thành phố Huế, Tỉnh Thừa Thiên Huế",
        "code": "19768",
        "parent_code": "474"
    },
    "19771": {
        "name": "Phú Cát",
        "type": "phuong",
        "slug": "phu-cat",
        "name_with_type": "Phường Phú Cát",
        "path": "Phú Cát, Huế, Thừa Thiên Huế",
        "path_with_type": "Phường Phú Cát, Thành phố Huế, Tỉnh Thừa Thiên Huế",
        "code": "19771",
        "parent_code": "474"
    },
    "19774": {
        "name": "Kim Long",
        "type": "phuong",
        "slug": "kim-long",
        "name_with_type": "Phường Kim Long",
        "path": "Kim Long, Huế, Thừa Thiên Huế",
        "path_with_type": "Phường Kim Long, Thành phố Huế, Tỉnh Thừa Thiên Huế",
        "code": "19774",
        "parent_code": "474"
    },
    "19777": {
        "name": "Vĩ Dạ",
        "type": "phuong",
        "slug": "vi-da",
        "name_with_type": "Phường Vĩ Dạ",
        "path": "Vĩ Dạ, Huế, Thừa Thiên Huế",
        "path_with_type": "Phường Vĩ Dạ, Thành phố Huế, Tỉnh Thừa Thiên Huế",
        "code": "19777",
        "parent_code": "474"
    },
    "19780": {
        "name": "Phường Đúc",
        "type": "phuong",
        "slug": "phuong-duc",
        "name_with_type": "Phường Phường Đúc",
        "path": "Phường Đúc, Huế, Thừa Thiên Huế",
        "path_with_type": "Phường Phường Đúc, Thành phố Huế, Tỉnh Thừa Thiên Huế",
        "code": "19780",
        "parent_code": "474"
    },
    "19783": {
        "name": "Vĩnh Ninh",
        "type": "phuong",
        "slug": "vinh-ninh",
        "name_with_type": "Phường Vĩnh Ninh",
        "path": "Vĩnh Ninh, Huế, Thừa Thiên Huế",
        "path_with_type": "Phường Vĩnh Ninh, Thành phố Huế, Tỉnh Thừa Thiên Huế",
        "code": "19783",
        "parent_code": "474"
    },
    "19786": {
        "name": "Phú Hội",
        "type": "phuong",
        "slug": "phu-hoi",
        "name_with_type": "Phường Phú Hội",
        "path": "Phú Hội, Huế, Thừa Thiên Huế",
        "path_with_type": "Phường Phú Hội, Thành phố Huế, Tỉnh Thừa Thiên Huế",
        "code": "19786",
        "parent_code": "474"
    },
    "19789": {
        "name": "Phú Nhuận",
        "type": "phuong",
        "slug": "phu-nhuan",
        "name_with_type": "Phường Phú Nhuận",
        "path": "Phú Nhuận, Huế, Thừa Thiên Huế",
        "path_with_type": "Phường Phú Nhuận, Thành phố Huế, Tỉnh Thừa Thiên Huế",
        "code": "19789",
        "parent_code": "474"
    },
    "19792": {
        "name": "Xuân Phú",
        "type": "phuong",
        "slug": "xuan-phu",
        "name_with_type": "Phường Xuân Phú",
        "path": "Xuân Phú, Huế, Thừa Thiên Huế",
        "path_with_type": "Phường Xuân Phú, Thành phố Huế, Tỉnh Thừa Thiên Huế",
        "code": "19792",
        "parent_code": "474"
    },
    "19795": {
        "name": "Trường An",
        "type": "phuong",
        "slug": "truong-an",
        "name_with_type": "Phường Trường An",
        "path": "Trường An, Huế, Thừa Thiên Huế",
        "path_with_type": "Phường Trường An, Thành phố Huế, Tỉnh Thừa Thiên Huế",
        "code": "19795",
        "parent_code": "474"
    },
    "19798": {
        "name": "Phước Vĩnh",
        "type": "phuong",
        "slug": "phuoc-vinh",
        "name_with_type": "Phường Phước Vĩnh",
        "path": "Phước Vĩnh, Huế, Thừa Thiên Huế",
        "path_with_type": "Phường Phước Vĩnh, Thành phố Huế, Tỉnh Thừa Thiên Huế",
        "code": "19798",
        "parent_code": "474"
    },
    "19801": {
        "name": "An Cựu",
        "type": "phuong",
        "slug": "an-cuu",
        "name_with_type": "Phường An Cựu",
        "path": "An Cựu, Huế, Thừa Thiên Huế",
        "path_with_type": "Phường An Cựu, Thành phố Huế, Tỉnh Thừa Thiên Huế",
        "code": "19801",
        "parent_code": "474"
    },
    "19803": {
        "name": "An Hòa",
        "type": "phuong",
        "slug": "an-hoa",
        "name_with_type": "Phường An Hòa",
        "path": "An Hòa, Huế, Thừa Thiên Huế",
        "path_with_type": "Phường An Hòa, Thành phố Huế, Tỉnh Thừa Thiên Huế",
        "code": "19803",
        "parent_code": "474"
    },
    "19804": {
        "name": "Hương Sơ",
        "type": "phuong",
        "slug": "huong-so",
        "name_with_type": "Phường Hương Sơ",
        "path": "Hương Sơ, Huế, Thừa Thiên Huế",
        "path_with_type": "Phường Hương Sơ, Thành phố Huế, Tỉnh Thừa Thiên Huế",
        "code": "19804",
        "parent_code": "474"
    },
    "19807": {
        "name": "Thuỷ Biều",
        "type": "phuong",
        "slug": "thuy-bieu",
        "name_with_type": "Phường Thuỷ Biều",
        "path": "Thuỷ Biều, Huế, Thừa Thiên Huế",
        "path_with_type": "Phường Thuỷ Biều, Thành phố Huế, Tỉnh Thừa Thiên Huế",
        "code": "19807",
        "parent_code": "474"
    },
    "19810": {
        "name": "Hương Long",
        "type": "phuong",
        "slug": "huong-long",
        "name_with_type": "Phường Hương Long",
        "path": "Hương Long, Huế, Thừa Thiên Huế",
        "path_with_type": "Phường Hương Long, Thành phố Huế, Tỉnh Thừa Thiên Huế",
        "code": "19810",
        "parent_code": "474"
    },
    "19813": {
        "name": "Thuỷ Xuân",
        "type": "phuong",
        "slug": "thuy-xuan",
        "name_with_type": "Phường Thuỷ Xuân",
        "path": "Thuỷ Xuân, Huế, Thừa Thiên Huế",
        "path_with_type": "Phường Thuỷ Xuân, Thành phố Huế, Tỉnh Thừa Thiên Huế",
        "code": "19813",
        "parent_code": "474"
    },
    "19815": {
        "name": "An Đông",
        "type": "phuong",
        "slug": "an-dong",
        "name_with_type": "Phường An Đông",
        "path": "An Đông, Huế, Thừa Thiên Huế",
        "path_with_type": "Phường An Đông, Thành phố Huế, Tỉnh Thừa Thiên Huế",
        "code": "19815",
        "parent_code": "474"
    },
    "19816": {
        "name": "An Tây",
        "type": "phuong",
        "slug": "an-tay",
        "name_with_type": "Phường An Tây",
        "path": "An Tây, Huế, Thừa Thiên Huế",
        "path_with_type": "Phường An Tây, Thành phố Huế, Tỉnh Thừa Thiên Huế",
        "code": "19816",
        "parent_code": "474"
    }
}