{
    "19996": {
        "name": "Tứ Hạ",
        "type": "phuong",
        "slug": "tu-ha",
        "name_with_type": "Phường Tứ Hạ",
        "path": "Tứ Hạ, Hương Trà, Thừa Thiên Huế",
        "path_with_type": "Phường Tứ Hạ, Thị xã Hương Trà, Tỉnh Thừa Thiên Huế",
        "code": "19996",
        "parent_code": "480"
    },
    "19999": {
        "name": "Hải Dương",
        "type": "xa",
        "slug": "hai-duong",
        "name_with_type": "Xã Hải Dương",
        "path": "Hải Dương, Hương Trà, Thừa Thiên Huế",
        "path_with_type": "Xã Hải Dương, Thị xã Hương Trà, Tỉnh Thừa Thiên Huế",
        "code": "19999",
        "parent_code": "480"
    },
    "20002": {
        "name": "Hương Phong",
        "type": "xa",
        "slug": "huong-phong",
        "name_with_type": "Xã Hương Phong",
        "path": "Hương Phong, Hương Trà, Thừa Thiên Huế",
        "path_with_type": "Xã Hương Phong, Thị xã Hương Trà, Tỉnh Thừa Thiên Huế",
        "code": "20002",
        "parent_code": "480"
    },
    "20005": {
        "name": "Hương Toàn",
        "type": "xa",
        "slug": "huong-toan",
        "name_with_type": "Xã Hương Toàn",
        "path": "Hương Toàn, Hương Trà, Thừa Thiên Huế",
        "path_with_type": "Xã Hương Toàn, Thị xã Hương Trà, Tỉnh Thừa Thiên Huế",
        "code": "20005",
        "parent_code": "480"
    },
    "20008": {
        "name": "Hương Vân",
        "type": "phuong",
        "slug": "huong-van",
        "name_with_type": "Phường Hương Vân",
        "path": "Hương Vân, Hương Trà, Thừa Thiên Huế",
        "path_with_type": "Phường Hương Vân, Thị xã Hương Trà, Tỉnh Thừa Thiên Huế",
        "code": "20008",
        "parent_code": "480"
    },
    "20011": {
        "name": "Hương Văn",
        "type": "phuong",
        "slug": "huong-van",
        "name_with_type": "Phường Hương Văn",
        "path": "Hương Văn, Hương Trà, Thừa Thiên Huế",
        "path_with_type": "Phường Hương Văn, Thị xã Hương Trà, Tỉnh Thừa Thiên Huế",
        "code": "20011",
        "parent_code": "480"
    },
    "20014": {
        "name": "Hương Vinh",
        "type": "xa",
        "slug": "huong-vinh",
        "name_with_type": "Xã Hương Vinh",
        "path": "Hương Vinh, Hương Trà, Thừa Thiên Huế",
        "path_with_type": "Xã Hương Vinh, Thị xã Hương Trà, Tỉnh Thừa Thiên Huế",
        "code": "20014",
        "parent_code": "480"
    },
    "20017": {
        "name": "Hương Xuân",
        "type": "phuong",
        "slug": "huong-xuan",
        "name_with_type": "Phường Hương Xuân",
        "path": "Hương Xuân, Hương Trà, Thừa Thiên Huế",
        "path_with_type": "Phường Hương Xuân, Thị xã Hương Trà, Tỉnh Thừa Thiên Huế",
        "code": "20017",
        "parent_code": "480"
    },
    "20020": {
        "name": "Hương Chữ",
        "type": "phuong",
        "slug": "huong-chu",
        "name_with_type": "Phường Hương Chữ",
        "path": "Hương Chữ, Hương Trà, Thừa Thiên Huế",
        "path_with_type": "Phường Hương Chữ, Thị xã Hương Trà, Tỉnh Thừa Thiên Huế",
        "code": "20020",
        "parent_code": "480"
    },
    "20023": {
        "name": "Hương An",
        "type": "phuong",
        "slug": "huong-an",
        "name_with_type": "Phường Hương An",
        "path": "Hương An, Hương Trà, Thừa Thiên Huế",
        "path_with_type": "Phường Hương An, Thị xã Hương Trà, Tỉnh Thừa Thiên Huế",
        "code": "20023",
        "parent_code": "480"
    },
    "20026": {
        "name": "Hương Bình",
        "type": "xa",
        "slug": "huong-binh",
        "name_with_type": "Xã Hương Bình",
        "path": "Hương Bình, Hương Trà, Thừa Thiên Huế",
        "path_with_type": "Xã Hương Bình, Thị xã Hương Trà, Tỉnh Thừa Thiên Huế",
        "code": "20026",
        "parent_code": "480"
    },
    "20029": {
        "name": "Hương Hồ",
        "type": "phuong",
        "slug": "huong-ho",
        "name_with_type": "Phường Hương Hồ",
        "path": "Hương Hồ, Hương Trà, Thừa Thiên Huế",
        "path_with_type": "Phường Hương Hồ, Thị xã Hương Trà, Tỉnh Thừa Thiên Huế",
        "code": "20029",
        "parent_code": "480"
    },
    "20032": {
        "name": "Hương Thọ",
        "type": "xa",
        "slug": "huong-tho",
        "name_with_type": "Xã Hương Thọ",
        "path": "Hương Thọ, Hương Trà, Thừa Thiên Huế",
        "path_with_type": "Xã Hương Thọ, Thị xã Hương Trà, Tỉnh Thừa Thiên Huế",
        "code": "20032",
        "parent_code": "480"
    },
    "20035": {
        "name": "Bình Điền",
        "type": "xa",
        "slug": "binh-dien",
        "name_with_type": "Xã Bình Điền",
        "path": "Bình Điền, Hương Trà, Thừa Thiên Huế",
        "path_with_type": "Xã Bình Điền, Thị xã Hương Trà, Tỉnh Thừa Thiên Huế",
        "code": "20035",
        "parent_code": "480"
    },
    "20038": {
        "name": "Hồng Tiến",
        "type": "xa",
        "slug": "hong-tien",
        "name_with_type": "Xã Hồng Tiến",
        "path": "Hồng Tiến, Hương Trà, Thừa Thiên Huế",
        "path_with_type": "Xã Hồng Tiến, Thị xã Hương Trà, Tỉnh Thừa Thiên Huế",
        "code": "20038",
        "parent_code": "480"
    },
    "20041": {
        "name": "Bình Thành",
        "type": "xa",
        "slug": "binh-thanh",
        "name_with_type": "Xã Bình Thành",
        "path": "Bình Thành, Hương Trà, Thừa Thiên Huế",
        "path_with_type": "Xã Bình Thành, Thị xã Hương Trà, Tỉnh Thừa Thiên Huế",
        "code": "20041",
        "parent_code": "480"
    }
}