{
    "20203": {
        "name": "Tam Thuận",
        "type": "phuong",
        "slug": "tam-thuan",
        "name_with_type": "Phường Tam Thuận",
        "path": "Tam Thuận, Thanh Khê, Đà Nẵng",
        "path_with_type": "Phường Tam Thuận, Quận Thanh Khê, Thành phố Đà Nẵng",
        "code": "20203",
        "parent_code": "491"
    },
    "20206": {
        "name": "Thanh Khê Tây",
        "type": "phuong",
        "slug": "thanh-khe-tay",
        "name_with_type": "Phường Thanh Khê Tây",
        "path": "Thanh Khê Tây, Thanh Khê, Đà Nẵng",
        "path_with_type": "Phường Thanh Khê Tây, Quận Thanh Khê, Thành phố Đà Nẵng",
        "code": "20206",
        "parent_code": "491"
    },
    "20207": {
        "name": "Thanh Khê Đông",
        "type": "phuong",
        "slug": "thanh-khe-dong",
        "name_with_type": "Phường Thanh Khê Đông",
        "path": "Thanh Khê Đông, Thanh Khê, Đà Nẵng",
        "path_with_type": "Phường Thanh Khê Đông, Quận Thanh Khê, Thành phố Đà Nẵng",
        "code": "20207",
        "parent_code": "491"
    },
    "20209": {
        "name": "Xuân Hà",
        "type": "phuong",
        "slug": "xuan-ha",
        "name_with_type": "Phường Xuân Hà",
        "path": "Xuân Hà, Thanh Khê, Đà Nẵng",
        "path_with_type": "Phường Xuân Hà, Quận Thanh Khê, Thành phố Đà Nẵng",
        "code": "20209",
        "parent_code": "491"
    },
    "20212": {
        "name": "Tân Chính",
        "type": "phuong",
        "slug": "tan-chinh",
        "name_with_type": "Phường Tân Chính",
        "path": "Tân Chính, Thanh Khê, Đà Nẵng",
        "path_with_type": "Phường Tân Chính, Quận Thanh Khê, Thành phố Đà Nẵng",
        "code": "20212",
        "parent_code": "491"
    },
    "20215": {
        "name": "Chính Gián",
        "type": "phuong",
        "slug": "chinh-gian",
        "name_with_type": "Phường Chính Gián",
        "path": "Chính Gián, Thanh Khê, Đà Nẵng",
        "path_with_type": "Phường Chính Gián, Quận Thanh Khê, Thành phố Đà Nẵng",
        "code": "20215",
        "parent_code": "491"
    },
    "20218": {
        "name": "Vĩnh Trung",
        "type": "phuong",
        "slug": "vinh-trung",
        "name_with_type": "Phường Vĩnh Trung",
        "path": "Vĩnh Trung, Thanh Khê, Đà Nẵng",
        "path_with_type": "Phường Vĩnh Trung, Quận Thanh Khê, Thành phố Đà Nẵng",
        "code": "20218",
        "parent_code": "491"
    },
    "20221": {
        "name": "Thạc Gián",
        "type": "phuong",
        "slug": "thac-gian",
        "name_with_type": "Phường Thạc Gián",
        "path": "Thạc Gián, Thanh Khê, Đà Nẵng",
        "path_with_type": "Phường Thạc Gián, Quận Thanh Khê, Thành phố Đà Nẵng",
        "code": "20221",
        "parent_code": "491"
    },
    "20224": {
        "name": "An Khê",
        "type": "phuong",
        "slug": "an-khe",
        "name_with_type": "Phường An Khê",
        "path": "An Khê, Thanh Khê, Đà Nẵng",
        "path_with_type": "Phường An Khê, Quận Thanh Khê, Thành phố Đà Nẵng",
        "code": "20224",
        "parent_code": "491"
    },
    "20225": {
        "name": "Hòa Khê",
        "type": "phuong",
        "slug": "hoa-khe",
        "name_with_type": "Phường Hòa Khê",
        "path": "Hòa Khê, Thanh Khê, Đà Nẵng",
        "path_with_type": "Phường Hòa Khê, Quận Thanh Khê, Thành phố Đà Nẵng",
        "code": "20225",
        "parent_code": "491"
    }
}