{
    "20227": {
        "name": "Thanh Bình",
        "type": "phuong",
        "slug": "thanh-binh",
        "name_with_type": "Phường Thanh Bình",
        "path": "Thanh Bình, Hải Châu, Đà Nẵng",
        "path_with_type": "Phường Thanh Bình, Quận Hải Châu, Thành phố Đà Nẵng",
        "code": "20227",
        "parent_code": "492"
    },
    "20230": {
        "name": "Thuận Phước",
        "type": "phuong",
        "slug": "thuan-phuoc",
        "name_with_type": "Phường Thuận Phước",
        "path": "Thuận Phước, Hải Châu, Đà Nẵng",
        "path_with_type": "Phường Thuận Phước, Quận Hải Châu, Thành phố Đà Nẵng",
        "code": "20230",
        "parent_code": "492"
    },
    "20233": {
        "name": "Thạch Thang",
        "type": "phuong",
        "slug": "thach-thang",
        "name_with_type": "Phường Thạch Thang",
        "path": "Thạch Thang, Hải Châu, Đà Nẵng",
        "path_with_type": "Phường Thạch Thang, Quận Hải Châu, Thành phố Đà Nẵng",
        "code": "20233",
        "parent_code": "492"
    },
    "20236": {
        "name": "Hải Châu  I",
        "type": "phuong",
        "slug": "hai-chau-i",
        "name_with_type": "Phường Hải Châu  I",
        "path": "Hải Châu  I, Hải Châu, Đà Nẵng",
        "path_with_type": "Phường Hải Châu  I, Quận Hải Châu, Thành phố Đà Nẵng",
        "code": "20236",
        "parent_code": "492"
    },
    "20239": {
        "name": "Hải Châu II",
        "type": "phuong",
        "slug": "hai-chau-ii",
        "name_with_type": "Phường Hải Châu II",
        "path": "Hải Châu II, Hải Châu, Đà Nẵng",
        "path_with_type": "Phường Hải Châu II, Quận Hải Châu, Thành phố Đà Nẵng",
        "code": "20239",
        "parent_code": "492"
    },
    "20242": {
        "name": "Phước Ninh",
        "type": "phuong",
        "slug": "phuoc-ninh",
        "name_with_type": "Phường Phước Ninh",
        "path": "Phước Ninh, Hải Châu, Đà Nẵng",
        "path_with_type": "Phường Phước Ninh, Quận Hải Châu, Thành phố Đà Nẵng",
        "code": "20242",
        "parent_code": "492"
    },
    "20245": {
        "name": "Hòa Thuận Tây",
        "type": "phuong",
        "slug": "hoa-thuan-tay",
        "name_with_type": "Phường Hòa Thuận Tây",
        "path": "Hòa Thuận Tây, Hải Châu, Đà Nẵng",
        "path_with_type": "Phường Hòa Thuận Tây, Quận Hải Châu, Thành phố Đà Nẵng",
        "code": "20245",
        "parent_code": "492"
    },
    "20246": {
        "name": "Hòa Thuận Đông",
        "type": "phuong",
        "slug": "hoa-thuan-dong",
        "name_with_type": "Phường Hòa Thuận Đông",
        "path": "Hòa Thuận Đông, Hải Châu, Đà Nẵng",
        "path_with_type": "Phường Hòa Thuận Đông, Quận Hải Châu, Thành phố Đà Nẵng",
        "code": "20246",
        "parent_code": "492"
    },
    "20248": {
        "name": "Nam Dương",
        "type": "phuong",
        "slug": "nam-duong",
        "name_with_type": "Phường Nam Dương",
        "path": "Nam Dương, Hải Châu, Đà Nẵng",
        "path_with_type": "Phường Nam Dương, Quận Hải Châu, Thành phố Đà Nẵng",
        "code": "20248",
        "parent_code": "492"
    },
    "20251": {
        "name": "Bình Hiên",
        "type": "phuong",
        "slug": "binh-hien",
        "name_with_type": "Phường Bình Hiên",
        "path": "Bình Hiên, Hải Châu, Đà Nẵng",
        "path_with_type": "Phường Bình Hiên, Quận Hải Châu, Thành phố Đà Nẵng",
        "code": "20251",
        "parent_code": "492"
    },
    "20254": {
        "name": "Bình Thuận",
        "type": "phuong",
        "slug": "binh-thuan",
        "name_with_type": "Phường Bình Thuận",
        "path": "Bình Thuận, Hải Châu, Đà Nẵng",
        "path_with_type": "Phường Bình Thuận, Quận Hải Châu, Thành phố Đà Nẵng",
        "code": "20254",
        "parent_code": "492"
    },
    "20257": {
        "name": "Hòa Cường Bắc",
        "type": "phuong",
        "slug": "hoa-cuong-bac",
        "name_with_type": "Phường Hòa Cường Bắc",
        "path": "Hòa Cường Bắc, Hải Châu, Đà Nẵng",
        "path_with_type": "Phường Hòa Cường Bắc, Quận Hải Châu, Thành phố Đà Nẵng",
        "code": "20257",
        "parent_code": "492"
    },
    "20258": {
        "name": "Hòa Cường Nam",
        "type": "phuong",
        "slug": "hoa-cuong-nam",
        "name_with_type": "Phường Hòa Cường Nam",
        "path": "Hòa Cường Nam, Hải Châu, Đà Nẵng",
        "path_with_type": "Phường Hòa Cường Nam, Quận Hải Châu, Thành phố Đà Nẵng",
        "code": "20258",
        "parent_code": "492"
    }
}