{
    "20260": {
        "name": "Khuê Trung",
        "type": "phuong",
        "slug": "khue-trung",
        "name_with_type": "Phường Khuê Trung",
        "path": "Khuê Trung, Cẩm Lệ, Đà Nẵng",
        "path_with_type": "Phường Khuê Trung, Quận Cẩm Lệ, Thành phố Đà Nẵng",
        "code": "20260",
        "parent_code": "495"
    },
    "20305": {
        "name": "Hòa Phát",
        "type": "phuong",
        "slug": "hoa-phat",
        "name_with_type": "Phường Hòa Phát",
        "path": "Hòa Phát, Cẩm Lệ, Đà Nẵng",
        "path_with_type": "Phường Hòa Phát, Quận Cẩm Lệ, Thành phố Đà Nẵng",
        "code": "20305",
        "parent_code": "495"
    },
    "20306": {
        "name": "Hòa An",
        "type": "phuong",
        "slug": "hoa-an",
        "name_with_type": "Phường Hòa An",
        "path": "Hòa An, Cẩm Lệ, Đà Nẵng",
        "path_with_type": "Phường Hòa An, Quận Cẩm Lệ, Thành phố Đà Nẵng",
        "code": "20306",
        "parent_code": "495"
    },
    "20311": {
        "name": "Hòa Thọ Tây",
        "type": "phuong",
        "slug": "hoa-tho-tay",
        "name_with_type": "Phường Hòa Thọ Tây",
        "path": "Hòa Thọ Tây, Cẩm Lệ, Đà Nẵng",
        "path_with_type": "Phường Hòa Thọ Tây, Quận Cẩm Lệ, Thành phố Đà Nẵng",
        "code": "20311",
        "parent_code": "495"
    },
    "20312": {
        "name": "Hòa Thọ Đông",
        "type": "phuong",
        "slug": "hoa-tho-dong",
        "name_with_type": "Phường Hòa Thọ Đông",
        "path": "Hòa Thọ Đông, Cẩm Lệ, Đà Nẵng",
        "path_with_type": "Phường Hòa Thọ Đông, Quận Cẩm Lệ, Thành phố Đà Nẵng",
        "code": "20312",
        "parent_code": "495"
    },
    "20314": {
        "name": "Hòa Xuân",
        "type": "phuong",
        "slug": "hoa-xuan",
        "name_with_type": "Phường Hòa Xuân",
        "path": "Hòa Xuân, Cẩm Lệ, Đà Nẵng",
        "path_with_type": "Phường Hòa Xuân, Quận Cẩm Lệ, Thành phố Đà Nẵng",
        "code": "20314",
        "parent_code": "495"
    }
}