{
    "20500": {
        "name": "Ái Nghĩa",
        "type": "thi-tran",
        "slug": "ai-nghia",
        "name_with_type": "Thị Trấn Ái Nghĩa",
        "path": "Ái Nghĩa, Đại Lộc, Quảng Nam",
        "path_with_type": "Thị Trấn Ái Nghĩa, Huyện Đại Lộc, Tỉnh Quảng Nam",
        "code": "20500",
        "parent_code": "506"
    },
    "20503": {
        "name": "Đại Sơn",
        "type": "xa",
        "slug": "dai-son",
        "name_with_type": "Xã Đại Sơn",
        "path": "Đại Sơn, Đại Lộc, Quảng Nam",
        "path_with_type": "Xã Đại Sơn, Huyện Đại Lộc, Tỉnh Quảng Nam",
        "code": "20503",
        "parent_code": "506"
    },
    "20506": {
        "name": "Đại Lãnh",
        "type": "xa",
        "slug": "dai-lanh",
        "name_with_type": "Xã Đại Lãnh",
        "path": "Đại Lãnh, Đại Lộc, Quảng Nam",
        "path_with_type": "Xã Đại Lãnh, Huyện Đại Lộc, Tỉnh Quảng Nam",
        "code": "20506",
        "parent_code": "506"
    },
    "20509": {
        "name": "Đại Hưng",
        "type": "xa",
        "slug": "dai-hung",
        "name_with_type": "Xã Đại Hưng",
        "path": "Đại Hưng, Đại Lộc, Quảng Nam",
        "path_with_type": "Xã Đại Hưng, Huyện Đại Lộc, Tỉnh Quảng Nam",
        "code": "20509",
        "parent_code": "506"
    },
    "20512": {
        "name": "Đại Hồng",
        "type": "xa",
        "slug": "dai-hong",
        "name_with_type": "Xã Đại Hồng",
        "path": "Đại Hồng, Đại Lộc, Quảng Nam",
        "path_with_type": "Xã Đại Hồng, Huyện Đại Lộc, Tỉnh Quảng Nam",
        "code": "20512",
        "parent_code": "506"
    },
    "20515": {
        "name": "Đại Đồng",
        "type": "xa",
        "slug": "dai-dong",
        "name_with_type": "Xã Đại Đồng",
        "path": "Đại Đồng, Đại Lộc, Quảng Nam",
        "path_with_type": "Xã Đại Đồng, Huyện Đại Lộc, Tỉnh Quảng Nam",
        "code": "20515",
        "parent_code": "506"
    },
    "20518": {
        "name": "Đại Quang",
        "type": "xa",
        "slug": "dai-quang",
        "name_with_type": "Xã Đại Quang",
        "path": "Đại Quang, Đại Lộc, Quảng Nam",
        "path_with_type": "Xã Đại Quang, Huyện Đại Lộc, Tỉnh Quảng Nam",
        "code": "20518",
        "parent_code": "506"
    },
    "20521": {
        "name": "Đại Nghĩa",
        "type": "xa",
        "slug": "dai-nghia",
        "name_with_type": "Xã Đại Nghĩa",
        "path": "Đại Nghĩa, Đại Lộc, Quảng Nam",
        "path_with_type": "Xã Đại Nghĩa, Huyện Đại Lộc, Tỉnh Quảng Nam",
        "code": "20521",
        "parent_code": "506"
    },
    "20524": {
        "name": "Đại Hiệp",
        "type": "xa",
        "slug": "dai-hiep",
        "name_with_type": "Xã Đại Hiệp",
        "path": "Đại Hiệp, Đại Lộc, Quảng Nam",
        "path_with_type": "Xã Đại Hiệp, Huyện Đại Lộc, Tỉnh Quảng Nam",
        "code": "20524",
        "parent_code": "506"
    },
    "20527": {
        "name": "Đại Thạnh",
        "type": "xa",
        "slug": "dai-thanh",
        "name_with_type": "Xã Đại Thạnh",
        "path": "Đại Thạnh, Đại Lộc, Quảng Nam",
        "path_with_type": "Xã Đại Thạnh, Huyện Đại Lộc, Tỉnh Quảng Nam",
        "code": "20527",
        "parent_code": "506"
    },
    "20530": {
        "name": "Đại Chánh",
        "type": "xa",
        "slug": "dai-chanh",
        "name_with_type": "Xã Đại Chánh",
        "path": "Đại Chánh, Đại Lộc, Quảng Nam",
        "path_with_type": "Xã Đại Chánh, Huyện Đại Lộc, Tỉnh Quảng Nam",
        "code": "20530",
        "parent_code": "506"
    },
    "20533": {
        "name": "Đại Tân",
        "type": "xa",
        "slug": "dai-tan",
        "name_with_type": "Xã Đại Tân",
        "path": "Đại Tân, Đại Lộc, Quảng Nam",
        "path_with_type": "Xã Đại Tân, Huyện Đại Lộc, Tỉnh Quảng Nam",
        "code": "20533",
        "parent_code": "506"
    },
    "20536": {
        "name": "Đại Phong",
        "type": "xa",
        "slug": "dai-phong",
        "name_with_type": "Xã Đại Phong",
        "path": "Đại Phong, Đại Lộc, Quảng Nam",
        "path_with_type": "Xã Đại Phong, Huyện Đại Lộc, Tỉnh Quảng Nam",
        "code": "20536",
        "parent_code": "506"
    },
    "20539": {
        "name": "Đại Minh",
        "type": "xa",
        "slug": "dai-minh",
        "name_with_type": "Xã Đại Minh",
        "path": "Đại Minh, Đại Lộc, Quảng Nam",
        "path_with_type": "Xã Đại Minh, Huyện Đại Lộc, Tỉnh Quảng Nam",
        "code": "20539",
        "parent_code": "506"
    },
    "20542": {
        "name": "Đại Thắng",
        "type": "xa",
        "slug": "dai-thang",
        "name_with_type": "Xã Đại Thắng",
        "path": "Đại Thắng, Đại Lộc, Quảng Nam",
        "path_with_type": "Xã Đại Thắng, Huyện Đại Lộc, Tỉnh Quảng Nam",
        "code": "20542",
        "parent_code": "506"
    },
    "20545": {
        "name": "Đại Cường",
        "type": "xa",
        "slug": "dai-cuong",
        "name_with_type": "Xã Đại Cường",
        "path": "Đại Cường, Đại Lộc, Quảng Nam",
        "path_with_type": "Xã Đại Cường, Huyện Đại Lộc, Tỉnh Quảng Nam",
        "code": "20545",
        "parent_code": "506"
    },
    "20547": {
        "name": "Đại An",
        "type": "xa",
        "slug": "dai-an",
        "name_with_type": "Xã Đại An",
        "path": "Đại An, Đại Lộc, Quảng Nam",
        "path_with_type": "Xã Đại An, Huyện Đại Lộc, Tỉnh Quảng Nam",
        "code": "20547",
        "parent_code": "506"
    },
    "20548": {
        "name": "Đại Hòa",
        "type": "xa",
        "slug": "dai-hoa",
        "name_with_type": "Xã Đại Hòa",
        "path": "Đại Hòa, Đại Lộc, Quảng Nam",
        "path_with_type": "Xã Đại Hòa, Huyện Đại Lộc, Tỉnh Quảng Nam",
        "code": "20548",
        "parent_code": "506"
    }
}