{
    "20551": {
        "name": "Vĩnh Điện",
        "type": "phuong",
        "slug": "vinh-dien",
        "name_with_type": "Phường Vĩnh Điện",
        "path": "Vĩnh Điện, Điện Bàn, Quảng Nam",
        "path_with_type": "Phường Vĩnh Điện, Thị xã Điện Bàn, Tỉnh Quảng Nam",
        "code": "20551",
        "parent_code": "507"
    },
    "20554": {
        "name": "Điện Tiến",
        "type": "xa",
        "slug": "dien-tien",
        "name_with_type": "Xã Điện Tiến",
        "path": "Điện Tiến, Điện Bàn, Quảng Nam",
        "path_with_type": "Xã Điện Tiến, Thị xã Điện Bàn, Tỉnh Quảng Nam",
        "code": "20554",
        "parent_code": "507"
    },
    "20557": {
        "name": "Điện Hòa",
        "type": "xa",
        "slug": "dien-hoa",
        "name_with_type": "Xã Điện Hòa",
        "path": "Điện Hòa, Điện Bàn, Quảng Nam",
        "path_with_type": "Xã Điện Hòa, Thị xã Điện Bàn, Tỉnh Quảng Nam",
        "code": "20557",
        "parent_code": "507"
    },
    "20560": {
        "name": "Điện Thắng Bắc",
        "type": "xa",
        "slug": "dien-thang-bac",
        "name_with_type": "Xã Điện Thắng Bắc",
        "path": "Điện Thắng Bắc, Điện Bàn, Quảng Nam",
        "path_with_type": "Xã Điện Thắng Bắc, Thị xã Điện Bàn, Tỉnh Quảng Nam",
        "code": "20560",
        "parent_code": "507"
    },
    "20561": {
        "name": "Điện Thắng Trung",
        "type": "xa",
        "slug": "dien-thang-trung",
        "name_with_type": "Xã Điện Thắng Trung",
        "path": "Điện Thắng Trung, Điện Bàn, Quảng Nam",
        "path_with_type": "Xã Điện Thắng Trung, Thị xã Điện Bàn, Tỉnh Quảng Nam",
        "code": "20561",
        "parent_code": "507"
    },
    "20562": {
        "name": "Điện Thắng Nam",
        "type": "xa",
        "slug": "dien-thang-nam",
        "name_with_type": "Xã Điện Thắng Nam",
        "path": "Điện Thắng Nam, Điện Bàn, Quảng Nam",
        "path_with_type": "Xã Điện Thắng Nam, Thị xã Điện Bàn, Tỉnh Quảng Nam",
        "code": "20562",
        "parent_code": "507"
    },
    "20563": {
        "name": "Điện Ngọc",
        "type": "phuong",
        "slug": "dien-ngoc",
        "name_with_type": "Phường Điện Ngọc",
        "path": "Điện Ngọc, Điện Bàn, Quảng Nam",
        "path_with_type": "Phường Điện Ngọc, Thị xã Điện Bàn, Tỉnh Quảng Nam",
        "code": "20563",
        "parent_code": "507"
    },
    "20566": {
        "name": "Điện Hồng",
        "type": "xa",
        "slug": "dien-hong",
        "name_with_type": "Xã Điện Hồng",
        "path": "Điện Hồng, Điện Bàn, Quảng Nam",
        "path_with_type": "Xã Điện Hồng, Thị xã Điện Bàn, Tỉnh Quảng Nam",
        "code": "20566",
        "parent_code": "507"
    },
    "20569": {
        "name": "Điện Thọ",
        "type": "xa",
        "slug": "dien-tho",
        "name_with_type": "Xã Điện Thọ",
        "path": "Điện Thọ, Điện Bàn, Quảng Nam",
        "path_with_type": "Xã Điện Thọ, Thị xã Điện Bàn, Tỉnh Quảng Nam",
        "code": "20569",
        "parent_code": "507"
    },
    "20572": {
        "name": "Điện Phước",
        "type": "xa",
        "slug": "dien-phuoc",
        "name_with_type": "Xã Điện Phước",
        "path": "Điện Phước, Điện Bàn, Quảng Nam",
        "path_with_type": "Xã Điện Phước, Thị xã Điện Bàn, Tỉnh Quảng Nam",
        "code": "20572",
        "parent_code": "507"
    },
    "20575": {
        "name": "Điện An",
        "type": "phuong",
        "slug": "dien-an",
        "name_with_type": "Phường Điện An",
        "path": "Điện An, Điện Bàn, Quảng Nam",
        "path_with_type": "Phường Điện An, Thị xã Điện Bàn, Tỉnh Quảng Nam",
        "code": "20575",
        "parent_code": "507"
    },
    "20578": {
        "name": "Điện Nam Bắc",
        "type": "phuong",
        "slug": "dien-nam-bac",
        "name_with_type": "Phường Điện Nam Bắc",
        "path": "Điện Nam Bắc, Điện Bàn, Quảng Nam",
        "path_with_type": "Phường Điện Nam Bắc, Thị xã Điện Bàn, Tỉnh Quảng Nam",
        "code": "20578",
        "parent_code": "507"
    },
    "20579": {
        "name": "Điện Nam Trung",
        "type": "phuong",
        "slug": "dien-nam-trung",
        "name_with_type": "Phường Điện Nam Trung",
        "path": "Điện Nam Trung, Điện Bàn, Quảng Nam",
        "path_with_type": "Phường Điện Nam Trung, Thị xã Điện Bàn, Tỉnh Quảng Nam",
        "code": "20579",
        "parent_code": "507"
    },
    "20580": {
        "name": "Điện Nam Đông",
        "type": "phuong",
        "slug": "dien-nam-dong",
        "name_with_type": "Phường Điện Nam Đông",
        "path": "Điện Nam Đông, Điện Bàn, Quảng Nam",
        "path_with_type": "Phường Điện Nam Đông, Thị xã Điện Bàn, Tỉnh Quảng Nam",
        "code": "20580",
        "parent_code": "507"
    },
    "20581": {
        "name": "Điện Dương",
        "type": "phuong",
        "slug": "dien-duong",
        "name_with_type": "Phường Điện Dương",
        "path": "Điện Dương, Điện Bàn, Quảng Nam",
        "path_with_type": "Phường Điện Dương, Thị xã Điện Bàn, Tỉnh Quảng Nam",
        "code": "20581",
        "parent_code": "507"
    },
    "20584": {
        "name": "Điện Quang",
        "type": "xa",
        "slug": "dien-quang",
        "name_with_type": "Xã Điện Quang",
        "path": "Điện Quang, Điện Bàn, Quảng Nam",
        "path_with_type": "Xã Điện Quang, Thị xã Điện Bàn, Tỉnh Quảng Nam",
        "code": "20584",
        "parent_code": "507"
    },
    "20587": {
        "name": "Điện Trung",
        "type": "xa",
        "slug": "dien-trung",
        "name_with_type": "Xã Điện Trung",
        "path": "Điện Trung, Điện Bàn, Quảng Nam",
        "path_with_type": "Xã Điện Trung, Thị xã Điện Bàn, Tỉnh Quảng Nam",
        "code": "20587",
        "parent_code": "507"
    },
    "20590": {
        "name": "Điện Phong",
        "type": "xa",
        "slug": "dien-phong",
        "name_with_type": "Xã Điện Phong",
        "path": "Điện Phong, Điện Bàn, Quảng Nam",
        "path_with_type": "Xã Điện Phong, Thị xã Điện Bàn, Tỉnh Quảng Nam",
        "code": "20590",
        "parent_code": "507"
    },
    "20593": {
        "name": "Điện Minh",
        "type": "xa",
        "slug": "dien-minh",
        "name_with_type": "Xã Điện Minh",
        "path": "Điện Minh, Điện Bàn, Quảng Nam",
        "path_with_type": "Xã Điện Minh, Thị xã Điện Bàn, Tỉnh Quảng Nam",
        "code": "20593",
        "parent_code": "507"
    },
    "20596": {
        "name": "Điện Phương",
        "type": "xa",
        "slug": "dien-phuong",
        "name_with_type": "Xã Điện Phương",
        "path": "Điện Phương, Điện Bàn, Quảng Nam",
        "path_with_type": "Xã Điện Phương, Thị xã Điện Bàn, Tỉnh Quảng Nam",
        "code": "20596",
        "parent_code": "507"
    }
}