{
    "20695": {
        "name": "Thạnh Mỹ",
        "type": "thi-tran",
        "slug": "thanh-my",
        "name_with_type": "Thị trấn Thạnh Mỹ",
        "path": "Thạnh Mỹ, Nam Giang, Quảng Nam",
        "path_with_type": "Thị trấn Thạnh Mỹ, Huyện Nam Giang, Tỉnh Quảng Nam",
        "code": "20695",
        "parent_code": "510"
    },
    "20698": {
        "name": "Laêê",
        "type": "xa",
        "slug": "laee",
        "name_with_type": "Xã Laêê",
        "path": "Laêê, Nam Giang, Quảng Nam",
        "path_with_type": "Xã Laêê, Huyện Nam Giang, Tỉnh Quảng Nam",
        "code": "20698",
        "parent_code": "510"
    },
    "20699": {
        "name": "Chơ Chun",
        "type": "xa",
        "slug": "cho-chun",
        "name_with_type": "Xã Chơ Chun",
        "path": "Chơ Chun, Nam Giang, Quảng Nam",
        "path_with_type": "Xã Chơ Chun, Huyện Nam Giang, Tỉnh Quảng Nam",
        "code": "20699",
        "parent_code": "510"
    },
    "20701": {
        "name": "Zuôich",
        "type": "xa",
        "slug": "zuoich",
        "name_with_type": "Xã Zuôich",
        "path": "Zuôich, Nam Giang, Quảng Nam",
        "path_with_type": "Xã Zuôich, Huyện Nam Giang, Tỉnh Quảng Nam",
        "code": "20701",
        "parent_code": "510"
    },
    "20702": {
        "name": "Tà Pơơ",
        "type": "xa",
        "slug": "ta-poo",
        "name_with_type": "Xã Tà Pơơ",
        "path": "Tà Pơơ, Nam Giang, Quảng Nam",
        "path_with_type": "Xã Tà Pơơ, Huyện Nam Giang, Tỉnh Quảng Nam",
        "code": "20702",
        "parent_code": "510"
    },
    "20704": {
        "name": "La Dêê",
        "type": "xa",
        "slug": "la-dee",
        "name_with_type": "Xã La Dêê",
        "path": "La Dêê, Nam Giang, Quảng Nam",
        "path_with_type": "Xã La Dêê, Huyện Nam Giang, Tỉnh Quảng Nam",
        "code": "20704",
        "parent_code": "510"
    },
    "20705": {
        "name": "Đắc Tôi",
        "type": "xa",
        "slug": "dac-toi",
        "name_with_type": "Xã Đắc Tôi",
        "path": "Đắc Tôi, Nam Giang, Quảng Nam",
        "path_with_type": "Xã Đắc Tôi, Huyện Nam Giang, Tỉnh Quảng Nam",
        "code": "20705",
        "parent_code": "510"
    },
    "20707": {
        "name": "Chà Vàl",
        "type": "xa",
        "slug": "cha-val",
        "name_with_type": "Xã Chà Vàl",
        "path": "Chà Vàl, Nam Giang, Quảng Nam",
        "path_with_type": "Xã Chà Vàl, Huyện Nam Giang, Tỉnh Quảng Nam",
        "code": "20707",
        "parent_code": "510"
    },
    "20710": {
        "name": "Tà Bhinh",
        "type": "xa",
        "slug": "ta-bhinh",
        "name_with_type": "Xã Tà Bhinh",
        "path": "Tà Bhinh, Nam Giang, Quảng Nam",
        "path_with_type": "Xã Tà Bhinh, Huyện Nam Giang, Tỉnh Quảng Nam",
        "code": "20710",
        "parent_code": "510"
    },
    "20713": {
        "name": "Cà Dy",
        "type": "xa",
        "slug": "ca-dy",
        "name_with_type": "Xã Cà Dy",
        "path": "Cà Dy, Nam Giang, Quảng Nam",
        "path_with_type": "Xã Cà Dy, Huyện Nam Giang, Tỉnh Quảng Nam",
        "code": "20713",
        "parent_code": "510"
    },
    "20716": {
        "name": "Đắc Pre",
        "type": "xa",
        "slug": "dac-pre",
        "name_with_type": "Xã Đắc Pre",
        "path": "Đắc Pre, Nam Giang, Quảng Nam",
        "path_with_type": "Xã Đắc Pre, Huyện Nam Giang, Tỉnh Quảng Nam",
        "code": "20716",
        "parent_code": "510"
    },
    "20719": {
        "name": "Đắc Pring",
        "type": "xa",
        "slug": "dac-pring",
        "name_with_type": "Xã Đắc Pring",
        "path": "Đắc Pring, Nam Giang, Quảng Nam",
        "path_with_type": "Xã Đắc Pring, Huyện Nam Giang, Tỉnh Quảng Nam",
        "code": "20719",
        "parent_code": "510"
    }
}