{
    "20935": {
        "name": "Trà Leng",
        "type": "xa",
        "slug": "tra-leng",
        "name_with_type": "Xã Trà Leng",
        "path": "Trà Leng, Nam Trà My, Quảng Nam",
        "path_with_type": "Xã Trà Leng, Huyện Nam Trà My, Tỉnh Quảng Nam",
        "code": "20935",
        "parent_code": "516"
    },
    "20938": {
        "name": "Trà Dơn",
        "type": "xa",
        "slug": "tra-don",
        "name_with_type": "Xã Trà Dơn",
        "path": "Trà Dơn, Nam Trà My, Quảng Nam",
        "path_with_type": "Xã Trà Dơn, Huyện Nam Trà My, Tỉnh Quảng Nam",
        "code": "20938",
        "parent_code": "516"
    },
    "20941": {
        "name": "Trà Tập",
        "type": "xa",
        "slug": "tra-tap",
        "name_with_type": "Xã Trà Tập",
        "path": "Trà Tập, Nam Trà My, Quảng Nam",
        "path_with_type": "Xã Trà Tập, Huyện Nam Trà My, Tỉnh Quảng Nam",
        "code": "20941",
        "parent_code": "516"
    },
    "20944": {
        "name": "Trà Mai",
        "type": "xa",
        "slug": "tra-mai",
        "name_with_type": "Xã Trà Mai",
        "path": "Trà Mai, Nam Trà My, Quảng Nam",
        "path_with_type": "Xã Trà Mai, Huyện Nam Trà My, Tỉnh Quảng Nam",
        "code": "20944",
        "parent_code": "516"
    },
    "20947": {
        "name": "Trà Cang",
        "type": "xa",
        "slug": "tra-cang",
        "name_with_type": "Xã Trà Cang",
        "path": "Trà Cang, Nam Trà My, Quảng Nam",
        "path_with_type": "Xã Trà Cang, Huyện Nam Trà My, Tỉnh Quảng Nam",
        "code": "20947",
        "parent_code": "516"
    },
    "20950": {
        "name": "Trà Linh",
        "type": "xa",
        "slug": "tra-linh",
        "name_with_type": "Xã Trà Linh",
        "path": "Trà Linh, Nam Trà My, Quảng Nam",
        "path_with_type": "Xã Trà Linh, Huyện Nam Trà My, Tỉnh Quảng Nam",
        "code": "20950",
        "parent_code": "516"
    },
    "20953": {
        "name": "Trà Nam",
        "type": "xa",
        "slug": "tra-nam",
        "name_with_type": "Xã Trà Nam",
        "path": "Trà Nam, Nam Trà My, Quảng Nam",
        "path_with_type": "Xã Trà Nam, Huyện Nam Trà My, Tỉnh Quảng Nam",
        "code": "20953",
        "parent_code": "516"
    },
    "20956": {
        "name": "Trà Don",
        "type": "xa",
        "slug": "tra-don",
        "name_with_type": "Xã Trà Don",
        "path": "Trà Don, Nam Trà My, Quảng Nam",
        "path_with_type": "Xã Trà Don, Huyện Nam Trà My, Tỉnh Quảng Nam",
        "code": "20956",
        "parent_code": "516"
    },
    "20959": {
        "name": "Trà Vân",
        "type": "xa",
        "slug": "tra-van",
        "name_with_type": "Xã Trà Vân",
        "path": "Trà Vân, Nam Trà My, Quảng Nam",
        "path_with_type": "Xã Trà Vân, Huyện Nam Trà My, Tỉnh Quảng Nam",
        "code": "20959",
        "parent_code": "516"
    },
    "20962": {
        "name": "Trà Vinh",
        "type": "xa",
        "slug": "tra-vinh",
        "name_with_type": "Xã Trà Vinh",
        "path": "Trà Vinh, Nam Trà My, Quảng Nam",
        "path_with_type": "Xã Trà Vinh, Huyện Nam Trà My, Tỉnh Quảng Nam",
        "code": "20962",
        "parent_code": "516"
    }
}