{
    "21115": {
        "name": "Trà Xuân",
        "type": "thi-tran",
        "slug": "tra-xuan",
        "name_with_type": "Thị trấn Trà Xuân",
        "path": "Trà Xuân, Trà Bồng, Quảng Ngãi",
        "path_with_type": "Thị trấn Trà Xuân, Huyện Trà Bồng, Tỉnh Quảng Ngãi",
        "code": "21115",
        "parent_code": "525"
    },
    "21118": {
        "name": "Trà Giang",
        "type": "xa",
        "slug": "tra-giang",
        "name_with_type": "Xã Trà Giang",
        "path": "Trà Giang, Trà Bồng, Quảng Ngãi",
        "path_with_type": "Xã Trà Giang, Huyện Trà Bồng, Tỉnh Quảng Ngãi",
        "code": "21118",
        "parent_code": "525"
    },
    "21121": {
        "name": "Trà Thủy",
        "type": "xa",
        "slug": "tra-thuy",
        "name_with_type": "Xã Trà Thủy",
        "path": "Trà Thủy, Trà Bồng, Quảng Ngãi",
        "path_with_type": "Xã Trà Thủy, Huyện Trà Bồng, Tỉnh Quảng Ngãi",
        "code": "21121",
        "parent_code": "525"
    },
    "21124": {
        "name": "Trà Hiệp",
        "type": "xa",
        "slug": "tra-hiep",
        "name_with_type": "Xã Trà Hiệp",
        "path": "Trà Hiệp, Trà Bồng, Quảng Ngãi",
        "path_with_type": "Xã Trà Hiệp, Huyện Trà Bồng, Tỉnh Quảng Ngãi",
        "code": "21124",
        "parent_code": "525"
    },
    "21127": {
        "name": "Trà Bình",
        "type": "xa",
        "slug": "tra-binh",
        "name_with_type": "Xã Trà Bình",
        "path": "Trà Bình, Trà Bồng, Quảng Ngãi",
        "path_with_type": "Xã Trà Bình, Huyện Trà Bồng, Tỉnh Quảng Ngãi",
        "code": "21127",
        "parent_code": "525"
    },
    "21130": {
        "name": "Trà Phú",
        "type": "xa",
        "slug": "tra-phu",
        "name_with_type": "Xã Trà Phú",
        "path": "Trà Phú, Trà Bồng, Quảng Ngãi",
        "path_with_type": "Xã Trà Phú, Huyện Trà Bồng, Tỉnh Quảng Ngãi",
        "code": "21130",
        "parent_code": "525"
    },
    "21133": {
        "name": "Trà Lâm",
        "type": "xa",
        "slug": "tra-lam",
        "name_with_type": "Xã Trà Lâm",
        "path": "Trà Lâm, Trà Bồng, Quảng Ngãi",
        "path_with_type": "Xã Trà Lâm, Huyện Trà Bồng, Tỉnh Quảng Ngãi",
        "code": "21133",
        "parent_code": "525"
    },
    "21136": {
        "name": "Trà Tân",
        "type": "xa",
        "slug": "tra-tan",
        "name_with_type": "Xã Trà Tân",
        "path": "Trà Tân, Trà Bồng, Quảng Ngãi",
        "path_with_type": "Xã Trà Tân, Huyện Trà Bồng, Tỉnh Quảng Ngãi",
        "code": "21136",
        "parent_code": "525"
    },
    "21139": {
        "name": "Trà Sơn",
        "type": "xa",
        "slug": "tra-son",
        "name_with_type": "Xã Trà Sơn",
        "path": "Trà Sơn, Trà Bồng, Quảng Ngãi",
        "path_with_type": "Xã Trà Sơn, Huyện Trà Bồng, Tỉnh Quảng Ngãi",
        "code": "21139",
        "parent_code": "525"
    },
    "21142": {
        "name": "Trà Bùi",
        "type": "xa",
        "slug": "tra-bui",
        "name_with_type": "Xã Trà Bùi",
        "path": "Trà Bùi, Trà Bồng, Quảng Ngãi",
        "path_with_type": "Xã Trà Bùi, Huyện Trà Bồng, Tỉnh Quảng Ngãi",
        "code": "21142",
        "parent_code": "525"
    }
}