{
    "21175": {
        "name": "Tịnh Thọ",
        "type": "xa",
        "slug": "tinh-tho",
        "name_with_type": "Xã Tịnh Thọ",
        "path": "Tịnh Thọ, Sơn Tịnh, Quảng Ngãi",
        "path_with_type": "Xã Tịnh Thọ, Huyện Sơn Tịnh, Tỉnh Quảng Ngãi",
        "code": "21175",
        "parent_code": "527"
    },
    "21178": {
        "name": "Tịnh Trà",
        "type": "xa",
        "slug": "tinh-tra",
        "name_with_type": "Xã Tịnh Trà",
        "path": "Tịnh Trà, Sơn Tịnh, Quảng Ngãi",
        "path_with_type": "Xã Tịnh Trà, Huyện Sơn Tịnh, Tỉnh Quảng Ngãi",
        "code": "21178",
        "parent_code": "527"
    },
    "21181": {
        "name": "Tịnh Phong",
        "type": "xa",
        "slug": "tinh-phong",
        "name_with_type": "Xã Tịnh Phong",
        "path": "Tịnh Phong, Sơn Tịnh, Quảng Ngãi",
        "path_with_type": "Xã Tịnh Phong, Huyện Sơn Tịnh, Tỉnh Quảng Ngãi",
        "code": "21181",
        "parent_code": "527"
    },
    "21184": {
        "name": "Tịnh Hiệp",
        "type": "xa",
        "slug": "tinh-hiep",
        "name_with_type": "Xã Tịnh Hiệp",
        "path": "Tịnh Hiệp, Sơn Tịnh, Quảng Ngãi",
        "path_with_type": "Xã Tịnh Hiệp, Huyện Sơn Tịnh, Tỉnh Quảng Ngãi",
        "code": "21184",
        "parent_code": "527"
    },
    "21193": {
        "name": "Tịnh Bình",
        "type": "xa",
        "slug": "tinh-binh",
        "name_with_type": "Xã Tịnh Bình",
        "path": "Tịnh Bình, Sơn Tịnh, Quảng Ngãi",
        "path_with_type": "Xã Tịnh Bình, Huyện Sơn Tịnh, Tỉnh Quảng Ngãi",
        "code": "21193",
        "parent_code": "527"
    },
    "21196": {
        "name": "Tịnh Đông",
        "type": "xa",
        "slug": "tinh-dong",
        "name_with_type": "Xã Tịnh Đông",
        "path": "Tịnh Đông, Sơn Tịnh, Quảng Ngãi",
        "path_with_type": "Xã Tịnh Đông, Huyện Sơn Tịnh, Tỉnh Quảng Ngãi",
        "code": "21196",
        "parent_code": "527"
    },
    "21205": {
        "name": "Tịnh Bắc",
        "type": "xa",
        "slug": "tinh-bac",
        "name_with_type": "Xã Tịnh Bắc",
        "path": "Tịnh Bắc, Sơn Tịnh, Quảng Ngãi",
        "path_with_type": "Xã Tịnh Bắc, Huyện Sơn Tịnh, Tỉnh Quảng Ngãi",
        "code": "21205",
        "parent_code": "527"
    },
    "21217": {
        "name": "Tịnh Sơn",
        "type": "xa",
        "slug": "tinh-son",
        "name_with_type": "Xã Tịnh Sơn",
        "path": "Tịnh Sơn, Sơn Tịnh, Quảng Ngãi",
        "path_with_type": "Xã Tịnh Sơn, Huyện Sơn Tịnh, Tỉnh Quảng Ngãi",
        "code": "21217",
        "parent_code": "527"
    },
    "21220": {
        "name": "Tịnh Hà",
        "type": "xa",
        "slug": "tinh-ha",
        "name_with_type": "Xã Tịnh Hà",
        "path": "Tịnh Hà, Sơn Tịnh, Quảng Ngãi",
        "path_with_type": "Xã Tịnh Hà, Huyện Sơn Tịnh, Tỉnh Quảng Ngãi",
        "code": "21220",
        "parent_code": "527"
    },
    "21226": {
        "name": "Tịnh Giang",
        "type": "xa",
        "slug": "tinh-giang",
        "name_with_type": "Xã Tịnh Giang",
        "path": "Tịnh Giang, Sơn Tịnh, Quảng Ngãi",
        "path_with_type": "Xã Tịnh Giang, Huyện Sơn Tịnh, Tỉnh Quảng Ngãi",
        "code": "21226",
        "parent_code": "527"
    },
    "21229": {
        "name": "Tịnh Minh",
        "type": "xa",
        "slug": "tinh-minh",
        "name_with_type": "Xã Tịnh Minh",
        "path": "Tịnh Minh, Sơn Tịnh, Quảng Ngãi",
        "path_with_type": "Xã Tịnh Minh, Huyện Sơn Tịnh, Tỉnh Quảng Ngãi",
        "code": "21229",
        "parent_code": "527"
    }
}