{
    "21289": {
        "name": "Di Lăng",
        "type": "thi-tran",
        "slug": "di-lang",
        "name_with_type": "Thị trấn Di Lăng",
        "path": "Di Lăng, Sơn Hà, Quảng Ngãi",
        "path_with_type": "Thị trấn Di Lăng, Huyện Sơn Hà, Tỉnh Quảng Ngãi",
        "code": "21289",
        "parent_code": "529"
    },
    "21292": {
        "name": "Sơn Hạ",
        "type": "xa",
        "slug": "son-ha",
        "name_with_type": "Xã Sơn Hạ",
        "path": "Sơn Hạ, Sơn Hà, Quảng Ngãi",
        "path_with_type": "Xã Sơn Hạ, Huyện Sơn Hà, Tỉnh Quảng Ngãi",
        "code": "21292",
        "parent_code": "529"
    },
    "21295": {
        "name": "Sơn Thành",
        "type": "xa",
        "slug": "son-thanh",
        "name_with_type": "Xã Sơn Thành",
        "path": "Sơn Thành, Sơn Hà, Quảng Ngãi",
        "path_with_type": "Xã Sơn Thành, Huyện Sơn Hà, Tỉnh Quảng Ngãi",
        "code": "21295",
        "parent_code": "529"
    },
    "21298": {
        "name": "Sơn Nham",
        "type": "xa",
        "slug": "son-nham",
        "name_with_type": "Xã Sơn Nham",
        "path": "Sơn Nham, Sơn Hà, Quảng Ngãi",
        "path_with_type": "Xã Sơn Nham, Huyện Sơn Hà, Tỉnh Quảng Ngãi",
        "code": "21298",
        "parent_code": "529"
    },
    "21301": {
        "name": "Sơn Bao",
        "type": "xa",
        "slug": "son-bao",
        "name_with_type": "Xã Sơn Bao",
        "path": "Sơn Bao, Sơn Hà, Quảng Ngãi",
        "path_with_type": "Xã Sơn Bao, Huyện Sơn Hà, Tỉnh Quảng Ngãi",
        "code": "21301",
        "parent_code": "529"
    },
    "21304": {
        "name": "Sơn Linh",
        "type": "xa",
        "slug": "son-linh",
        "name_with_type": "Xã Sơn Linh",
        "path": "Sơn Linh, Sơn Hà, Quảng Ngãi",
        "path_with_type": "Xã Sơn Linh, Huyện Sơn Hà, Tỉnh Quảng Ngãi",
        "code": "21304",
        "parent_code": "529"
    },
    "21307": {
        "name": "Sơn Giang",
        "type": "xa",
        "slug": "son-giang",
        "name_with_type": "Xã Sơn Giang",
        "path": "Sơn Giang, Sơn Hà, Quảng Ngãi",
        "path_with_type": "Xã Sơn Giang, Huyện Sơn Hà, Tỉnh Quảng Ngãi",
        "code": "21307",
        "parent_code": "529"
    },
    "21310": {
        "name": "Sơn Trung",
        "type": "xa",
        "slug": "son-trung",
        "name_with_type": "Xã Sơn Trung",
        "path": "Sơn Trung, Sơn Hà, Quảng Ngãi",
        "path_with_type": "Xã Sơn Trung, Huyện Sơn Hà, Tỉnh Quảng Ngãi",
        "code": "21310",
        "parent_code": "529"
    },
    "21313": {
        "name": "Sơn Thượng",
        "type": "xa",
        "slug": "son-thuong",
        "name_with_type": "Xã Sơn Thượng",
        "path": "Sơn Thượng, Sơn Hà, Quảng Ngãi",
        "path_with_type": "Xã Sơn Thượng, Huyện Sơn Hà, Tỉnh Quảng Ngãi",
        "code": "21313",
        "parent_code": "529"
    },
    "21316": {
        "name": "Sơn Cao",
        "type": "xa",
        "slug": "son-cao",
        "name_with_type": "Xã Sơn Cao",
        "path": "Sơn Cao, Sơn Hà, Quảng Ngãi",
        "path_with_type": "Xã Sơn Cao, Huyện Sơn Hà, Tỉnh Quảng Ngãi",
        "code": "21316",
        "parent_code": "529"
    },
    "21319": {
        "name": "Sơn Hải",
        "type": "xa",
        "slug": "son-hai",
        "name_with_type": "Xã Sơn Hải",
        "path": "Sơn Hải, Sơn Hà, Quảng Ngãi",
        "path_with_type": "Xã Sơn Hải, Huyện Sơn Hà, Tỉnh Quảng Ngãi",
        "code": "21319",
        "parent_code": "529"
    },
    "21322": {
        "name": "Sơn Thủy",
        "type": "xa",
        "slug": "son-thuy",
        "name_with_type": "Xã Sơn Thủy",
        "path": "Sơn Thủy, Sơn Hà, Quảng Ngãi",
        "path_with_type": "Xã Sơn Thủy, Huyện Sơn Hà, Tỉnh Quảng Ngãi",
        "code": "21322",
        "parent_code": "529"
    },
    "21325": {
        "name": "Sơn Kỳ",
        "type": "xa",
        "slug": "son-ky",
        "name_with_type": "Xã Sơn Kỳ",
        "path": "Sơn Kỳ, Sơn Hà, Quảng Ngãi",
        "path_with_type": "Xã Sơn Kỳ, Huyện Sơn Hà, Tỉnh Quảng Ngãi",
        "code": "21325",
        "parent_code": "529"
    },
    "21328": {
        "name": "Sơn Ba",
        "type": "xa",
        "slug": "son-ba",
        "name_with_type": "Xã Sơn Ba",
        "path": "Sơn Ba, Sơn Hà, Quảng Ngãi",
        "path_with_type": "Xã Sơn Ba, Huyện Sơn Hà, Tỉnh Quảng Ngãi",
        "code": "21328",
        "parent_code": "529"
    }
}