{
    "21550": {
        "name": "Nhơn Bình",
        "type": "phuong",
        "slug": "nhon-binh",
        "name_with_type": "Phường Nhơn Bình",
        "path": "Nhơn Bình, Qui Nhơn, Bình Định",
        "path_with_type": "Phường Nhơn Bình, Thành phố Qui Nhơn, Tỉnh Bình Định",
        "code": "21550",
        "parent_code": "540"
    },
    "21553": {
        "name": "Nhơn Phú",
        "type": "phuong",
        "slug": "nhon-phu",
        "name_with_type": "Phường Nhơn Phú",
        "path": "Nhơn Phú, Qui Nhơn, Bình Định",
        "path_with_type": "Phường Nhơn Phú, Thành phố Qui Nhơn, Tỉnh Bình Định",
        "code": "21553",
        "parent_code": "540"
    },
    "21556": {
        "name": "Đống Đa",
        "type": "phuong",
        "slug": "dong-da",
        "name_with_type": "Phường Đống Đa",
        "path": "Đống Đa, Qui Nhơn, Bình Định",
        "path_with_type": "Phường Đống Đa, Thành phố Qui Nhơn, Tỉnh Bình Định",
        "code": "21556",
        "parent_code": "540"
    },
    "21559": {
        "name": "Trần Quang Diệu",
        "type": "phuong",
        "slug": "tran-quang-dieu",
        "name_with_type": "Phường Trần Quang Diệu",
        "path": "Trần Quang Diệu, Qui Nhơn, Bình Định",
        "path_with_type": "Phường Trần Quang Diệu, Thành phố Qui Nhơn, Tỉnh Bình Định",
        "code": "21559",
        "parent_code": "540"
    },
    "21562": {
        "name": "Hải Cảng",
        "type": "phuong",
        "slug": "hai-cang",
        "name_with_type": "Phường Hải Cảng",
        "path": "Hải Cảng, Qui Nhơn, Bình Định",
        "path_with_type": "Phường Hải Cảng, Thành phố Qui Nhơn, Tỉnh Bình Định",
        "code": "21562",
        "parent_code": "540"
    },
    "21565": {
        "name": "Quang Trung",
        "type": "phuong",
        "slug": "quang-trung",
        "name_with_type": "Phường Quang Trung",
        "path": "Quang Trung, Qui Nhơn, Bình Định",
        "path_with_type": "Phường Quang Trung, Thành phố Qui Nhơn, Tỉnh Bình Định",
        "code": "21565",
        "parent_code": "540"
    },
    "21568": {
        "name": "Thị Nại",
        "type": "phuong",
        "slug": "thi-nai",
        "name_with_type": "Phường Thị Nại",
        "path": "Thị Nại, Qui Nhơn, Bình Định",
        "path_with_type": "Phường Thị Nại, Thành phố Qui Nhơn, Tỉnh Bình Định",
        "code": "21568",
        "parent_code": "540"
    },
    "21571": {
        "name": "Lê Hồng Phong",
        "type": "phuong",
        "slug": "le-hong-phong",
        "name_with_type": "Phường Lê Hồng Phong",
        "path": "Lê Hồng Phong, Qui Nhơn, Bình Định",
        "path_with_type": "Phường Lê Hồng Phong, Thành phố Qui Nhơn, Tỉnh Bình Định",
        "code": "21571",
        "parent_code": "540"
    },
    "21574": {
        "name": "Trần Hưng Đạo",
        "type": "phuong",
        "slug": "tran-hung-dao",
        "name_with_type": "Phường Trần Hưng Đạo",
        "path": "Trần Hưng Đạo, Qui Nhơn, Bình Định",
        "path_with_type": "Phường Trần Hưng Đạo, Thành phố Qui Nhơn, Tỉnh Bình Định",
        "code": "21574",
        "parent_code": "540"
    },
    "21577": {
        "name": "Ngô Mây",
        "type": "phuong",
        "slug": "ngo-may",
        "name_with_type": "Phường Ngô Mây",
        "path": "Ngô Mây, Qui Nhơn, Bình Định",
        "path_with_type": "Phường Ngô Mây, Thành phố Qui Nhơn, Tỉnh Bình Định",
        "code": "21577",
        "parent_code": "540"
    },
    "21580": {
        "name": "Lý Thường Kiệt",
        "type": "phuong",
        "slug": "ly-thuong-kiet",
        "name_with_type": "Phường Lý Thường Kiệt",
        "path": "Lý Thường Kiệt, Qui Nhơn, Bình Định",
        "path_with_type": "Phường Lý Thường Kiệt, Thành phố Qui Nhơn, Tỉnh Bình Định",
        "code": "21580",
        "parent_code": "540"
    },
    "21583": {
        "name": "Lê Lợi",
        "type": "phuong",
        "slug": "le-loi",
        "name_with_type": "Phường Lê Lợi",
        "path": "Lê Lợi, Qui Nhơn, Bình Định",
        "path_with_type": "Phường Lê Lợi, Thành phố Qui Nhơn, Tỉnh Bình Định",
        "code": "21583",
        "parent_code": "540"
    },
    "21586": {
        "name": "Trần Phú",
        "type": "phuong",
        "slug": "tran-phu",
        "name_with_type": "Phường Trần Phú",
        "path": "Trần Phú, Qui Nhơn, Bình Định",
        "path_with_type": "Phường Trần Phú, Thành phố Qui Nhơn, Tỉnh Bình Định",
        "code": "21586",
        "parent_code": "540"
    },
    "21589": {
        "name": "Bùi Thị Xuân",
        "type": "phuong",
        "slug": "bui-thi-xuan",
        "name_with_type": "Phường Bùi Thị Xuân",
        "path": "Bùi Thị Xuân, Qui Nhơn, Bình Định",
        "path_with_type": "Phường Bùi Thị Xuân, Thành phố Qui Nhơn, Tỉnh Bình Định",
        "code": "21589",
        "parent_code": "540"
    },
    "21592": {
        "name": "Nguyễn Văn Cừ",
        "type": "phuong",
        "slug": "nguyen-van-cu",
        "name_with_type": "Phường Nguyễn Văn Cừ",
        "path": "Nguyễn Văn Cừ, Qui Nhơn, Bình Định",
        "path_with_type": "Phường Nguyễn Văn Cừ, Thành phố Qui Nhơn, Tỉnh Bình Định",
        "code": "21592",
        "parent_code": "540"
    },
    "21595": {
        "name": "Ghềnh Ráng",
        "type": "phuong",
        "slug": "ghenh-rang",
        "name_with_type": "Phường Ghềnh Ráng",
        "path": "Ghềnh Ráng, Qui Nhơn, Bình Định",
        "path_with_type": "Phường Ghềnh Ráng, Thành phố Qui Nhơn, Tỉnh Bình Định",
        "code": "21595",
        "parent_code": "540"
    },
    "21598": {
        "name": "Nhơn Lý",
        "type": "xa",
        "slug": "nhon-ly",
        "name_with_type": "Xã Nhơn Lý",
        "path": "Nhơn Lý, Qui Nhơn, Bình Định",
        "path_with_type": "Xã Nhơn Lý, Thành phố Qui Nhơn, Tỉnh Bình Định",
        "code": "21598",
        "parent_code": "540"
    },
    "21601": {
        "name": "Nhơn Hội",
        "type": "xa",
        "slug": "nhon-hoi",
        "name_with_type": "Xã Nhơn Hội",
        "path": "Nhơn Hội, Qui Nhơn, Bình Định",
        "path_with_type": "Xã Nhơn Hội, Thành phố Qui Nhơn, Tỉnh Bình Định",
        "code": "21601",
        "parent_code": "540"
    },
    "21604": {
        "name": "Nhơn Hải",
        "type": "xa",
        "slug": "nhon-hai",
        "name_with_type": "Xã Nhơn Hải",
        "path": "Nhơn Hải, Qui Nhơn, Bình Định",
        "path_with_type": "Xã Nhơn Hải, Thành phố Qui Nhơn, Tỉnh Bình Định",
        "code": "21604",
        "parent_code": "540"
    },
    "21607": {
        "name": "Nhơn Châu",
        "type": "xa",
        "slug": "nhon-chau",
        "name_with_type": "Xã Nhơn Châu",
        "path": "Nhơn Châu, Qui Nhơn, Bình Định",
        "path_with_type": "Xã Nhơn Châu, Thành phố Qui Nhơn, Tỉnh Bình Định",
        "code": "21607",
        "parent_code": "540"
    },
    "21991": {
        "name": "Phước Mỹ",
        "type": "xa",
        "slug": "phuoc-my",
        "name_with_type": "Xã Phước Mỹ",
        "path": "Phước Mỹ, Qui Nhơn, Bình Định",
        "path_with_type": "Xã Phước Mỹ, Thành phố Qui Nhơn, Tỉnh Bình Định",
        "code": "21991",
        "parent_code": "540"
    }
}