{
    "21952": {
        "name": "Tuy Phước",
        "type": "thi-tran",
        "slug": "tuy-phuoc",
        "name_with_type": "Thị trấn Tuy Phước",
        "path": "Tuy Phước, Tuy Phước, Bình Định",
        "path_with_type": "Thị trấn Tuy Phước, Huyện Tuy Phước, Tỉnh Bình Định",
        "code": "21952",
        "parent_code": "550"
    },
    "21955": {
        "name": "Diêu Trì",
        "type": "thi-tran",
        "slug": "dieu-tri",
        "name_with_type": "Thị trấn Diêu Trì",
        "path": "Diêu Trì, Tuy Phước, Bình Định",
        "path_with_type": "Thị trấn Diêu Trì, Huyện Tuy Phước, Tỉnh Bình Định",
        "code": "21955",
        "parent_code": "550"
    },
    "21958": {
        "name": "Phước Thắng",
        "type": "xa",
        "slug": "phuoc-thang",
        "name_with_type": "Xã Phước Thắng",
        "path": "Phước Thắng, Tuy Phước, Bình Định",
        "path_with_type": "Xã Phước Thắng, Huyện Tuy Phước, Tỉnh Bình Định",
        "code": "21958",
        "parent_code": "550"
    },
    "21961": {
        "name": "Phước Hưng",
        "type": "xa",
        "slug": "phuoc-hung",
        "name_with_type": "Xã Phước Hưng",
        "path": "Phước Hưng, Tuy Phước, Bình Định",
        "path_with_type": "Xã Phước Hưng, Huyện Tuy Phước, Tỉnh Bình Định",
        "code": "21961",
        "parent_code": "550"
    },
    "21964": {
        "name": "Phước Quang",
        "type": "xa",
        "slug": "phuoc-quang",
        "name_with_type": "Xã Phước Quang",
        "path": "Phước Quang, Tuy Phước, Bình Định",
        "path_with_type": "Xã Phước Quang, Huyện Tuy Phước, Tỉnh Bình Định",
        "code": "21964",
        "parent_code": "550"
    },
    "21967": {
        "name": "Phước Hòa",
        "type": "xa",
        "slug": "phuoc-hoa",
        "name_with_type": "Xã Phước Hòa",
        "path": "Phước Hòa, Tuy Phước, Bình Định",
        "path_with_type": "Xã Phước Hòa, Huyện Tuy Phước, Tỉnh Bình Định",
        "code": "21967",
        "parent_code": "550"
    },
    "21970": {
        "name": "Phước Sơn",
        "type": "xa",
        "slug": "phuoc-son",
        "name_with_type": "Xã Phước Sơn",
        "path": "Phước Sơn, Tuy Phước, Bình Định",
        "path_with_type": "Xã Phước Sơn, Huyện Tuy Phước, Tỉnh Bình Định",
        "code": "21970",
        "parent_code": "550"
    },
    "21973": {
        "name": "Phước Hiệp",
        "type": "xa",
        "slug": "phuoc-hiep",
        "name_with_type": "Xã Phước Hiệp",
        "path": "Phước Hiệp, Tuy Phước, Bình Định",
        "path_with_type": "Xã Phước Hiệp, Huyện Tuy Phước, Tỉnh Bình Định",
        "code": "21973",
        "parent_code": "550"
    },
    "21976": {
        "name": "Phước Lộc",
        "type": "xa",
        "slug": "phuoc-loc",
        "name_with_type": "Xã Phước Lộc",
        "path": "Phước Lộc, Tuy Phước, Bình Định",
        "path_with_type": "Xã Phước Lộc, Huyện Tuy Phước, Tỉnh Bình Định",
        "code": "21976",
        "parent_code": "550"
    },
    "21979": {
        "name": "Phước Nghĩa",
        "type": "xa",
        "slug": "phuoc-nghia",
        "name_with_type": "Xã Phước Nghĩa",
        "path": "Phước Nghĩa, Tuy Phước, Bình Định",
        "path_with_type": "Xã Phước Nghĩa, Huyện Tuy Phước, Tỉnh Bình Định",
        "code": "21979",
        "parent_code": "550"
    },
    "21982": {
        "name": "Phước Thuận",
        "type": "xa",
        "slug": "phuoc-thuan",
        "name_with_type": "Xã Phước Thuận",
        "path": "Phước Thuận, Tuy Phước, Bình Định",
        "path_with_type": "Xã Phước Thuận, Huyện Tuy Phước, Tỉnh Bình Định",
        "code": "21982",
        "parent_code": "550"
    },
    "21985": {
        "name": "Phước An",
        "type": "xa",
        "slug": "phuoc-an",
        "name_with_type": "Xã Phước An",
        "path": "Phước An, Tuy Phước, Bình Định",
        "path_with_type": "Xã Phước An, Huyện Tuy Phước, Tỉnh Bình Định",
        "code": "21985",
        "parent_code": "550"
    },
    "21988": {
        "name": "Phước Thành",
        "type": "xa",
        "slug": "phuoc-thanh",
        "name_with_type": "Xã Phước Thành",
        "path": "Phước Thành, Tuy Phước, Bình Định",
        "path_with_type": "Xã Phước Thành, Huyện Tuy Phước, Tỉnh Bình Định",
        "code": "21988",
        "parent_code": "550"
    }
}