{
    "22051": {
        "name": "Xuân Phú",
        "type": "phuong",
        "slug": "xuan-phu",
        "name_with_type": "Phường Xuân Phú",
        "path": "Xuân Phú, Sông Cầu, Phú Yên",
        "path_with_type": "Phường Xuân Phú, Thị xã Sông Cầu, Tỉnh Phú Yên",
        "code": "22051",
        "parent_code": "557"
    },
    "22052": {
        "name": "Xuân Lâm",
        "type": "xa",
        "slug": "xuan-lam",
        "name_with_type": "Xã Xuân Lâm",
        "path": "Xuân Lâm, Sông Cầu, Phú Yên",
        "path_with_type": "Xã Xuân Lâm, Thị xã Sông Cầu, Tỉnh Phú Yên",
        "code": "22052",
        "parent_code": "557"
    },
    "22053": {
        "name": "Xuân Thành",
        "type": "phuong",
        "slug": "xuan-thanh",
        "name_with_type": "Phường Xuân Thành",
        "path": "Xuân Thành, Sông Cầu, Phú Yên",
        "path_with_type": "Phường Xuân Thành, Thị xã Sông Cầu, Tỉnh Phú Yên",
        "code": "22053",
        "parent_code": "557"
    },
    "22054": {
        "name": "Xuân Hải",
        "type": "xa",
        "slug": "xuan-hai",
        "name_with_type": "Xã Xuân Hải",
        "path": "Xuân Hải, Sông Cầu, Phú Yên",
        "path_with_type": "Xã Xuân Hải, Thị xã Sông Cầu, Tỉnh Phú Yên",
        "code": "22054",
        "parent_code": "557"
    },
    "22057": {
        "name": "Xuân Lộc",
        "type": "xa",
        "slug": "xuan-loc",
        "name_with_type": "Xã Xuân Lộc",
        "path": "Xuân Lộc, Sông Cầu, Phú Yên",
        "path_with_type": "Xã Xuân Lộc, Thị xã Sông Cầu, Tỉnh Phú Yên",
        "code": "22057",
        "parent_code": "557"
    },
    "22060": {
        "name": "Xuân Bình",
        "type": "xa",
        "slug": "xuan-binh",
        "name_with_type": "Xã Xuân Bình",
        "path": "Xuân Bình, Sông Cầu, Phú Yên",
        "path_with_type": "Xã Xuân Bình, Thị xã Sông Cầu, Tỉnh Phú Yên",
        "code": "22060",
        "parent_code": "557"
    },
    "22063": {
        "name": "Xuân Hòa",
        "type": "xa",
        "slug": "xuan-hoa",
        "name_with_type": "Xã Xuân Hòa",
        "path": "Xuân Hòa, Sông Cầu, Phú Yên",
        "path_with_type": "Xã Xuân Hòa, Thị xã Sông Cầu, Tỉnh Phú Yên",
        "code": "22063",
        "parent_code": "557"
    },
    "22066": {
        "name": "Xuân Cảnh",
        "type": "xa",
        "slug": "xuan-canh",
        "name_with_type": "Xã Xuân Cảnh",
        "path": "Xuân Cảnh, Sông Cầu, Phú Yên",
        "path_with_type": "Xã Xuân Cảnh, Thị xã Sông Cầu, Tỉnh Phú Yên",
        "code": "22066",
        "parent_code": "557"
    },
    "22069": {
        "name": "Xuân Thịnh",
        "type": "xa",
        "slug": "xuan-thinh",
        "name_with_type": "Xã Xuân Thịnh",
        "path": "Xuân Thịnh, Sông Cầu, Phú Yên",
        "path_with_type": "Xã Xuân Thịnh, Thị xã Sông Cầu, Tỉnh Phú Yên",
        "code": "22069",
        "parent_code": "557"
    },
    "22072": {
        "name": "Xuân Phương",
        "type": "xa",
        "slug": "xuan-phuong",
        "name_with_type": "Xã Xuân Phương",
        "path": "Xuân Phương, Sông Cầu, Phú Yên",
        "path_with_type": "Xã Xuân Phương, Thị xã Sông Cầu, Tỉnh Phú Yên",
        "code": "22072",
        "parent_code": "557"
    },
    "22073": {
        "name": "Xuân Yên",
        "type": "phuong",
        "slug": "xuan-yen",
        "name_with_type": "Phường Xuân Yên",
        "path": "Xuân Yên, Sông Cầu, Phú Yên",
        "path_with_type": "Phường Xuân Yên, Thị xã Sông Cầu, Tỉnh Phú Yên",
        "code": "22073",
        "parent_code": "557"
    },
    "22075": {
        "name": "Xuân Thọ 1",
        "type": "xa",
        "slug": "xuan-tho-1",
        "name_with_type": "Xã Xuân Thọ 1",
        "path": "Xuân Thọ 1, Sông Cầu, Phú Yên",
        "path_with_type": "Xã Xuân Thọ 1, Thị xã Sông Cầu, Tỉnh Phú Yên",
        "code": "22075",
        "parent_code": "557"
    },
    "22076": {
        "name": "Xuân Đài",
        "type": "phuong",
        "slug": "xuan-dai",
        "name_with_type": "Phường Xuân Đài",
        "path": "Xuân Đài, Sông Cầu, Phú Yên",
        "path_with_type": "Phường Xuân Đài, Thị xã Sông Cầu, Tỉnh Phú Yên",
        "code": "22076",
        "parent_code": "557"
    },
    "22078": {
        "name": "Xuân Thọ 2",
        "type": "xa",
        "slug": "xuan-tho-2",
        "name_with_type": "Xã Xuân Thọ 2",
        "path": "Xuân Thọ 2, Sông Cầu, Phú Yên",
        "path_with_type": "Xã Xuân Thọ 2, Thị xã Sông Cầu, Tỉnh Phú Yên",
        "code": "22078",
        "parent_code": "557"
    }
}