{
    "22081": {
        "name": "La Hai",
        "type": "thi-tran",
        "slug": "la-hai",
        "name_with_type": "Thị trấn La Hai",
        "path": "La Hai, Đồng Xuân, Phú Yên",
        "path_with_type": "Thị trấn La Hai, Huyện Đồng Xuân, Tỉnh Phú Yên",
        "code": "22081",
        "parent_code": "558"
    },
    "22084": {
        "name": "Đa Lộc",
        "type": "xa",
        "slug": "da-loc",
        "name_with_type": "Xã Đa Lộc",
        "path": "Đa Lộc, Đồng Xuân, Phú Yên",
        "path_with_type": "Xã Đa Lộc, Huyện Đồng Xuân, Tỉnh Phú Yên",
        "code": "22084",
        "parent_code": "558"
    },
    "22087": {
        "name": "Phú Mỡ",
        "type": "xa",
        "slug": "phu-mo",
        "name_with_type": "Xã Phú Mỡ",
        "path": "Phú Mỡ, Đồng Xuân, Phú Yên",
        "path_with_type": "Xã Phú Mỡ, Huyện Đồng Xuân, Tỉnh Phú Yên",
        "code": "22087",
        "parent_code": "558"
    },
    "22090": {
        "name": "Xuân Lãnh",
        "type": "xa",
        "slug": "xuan-lanh",
        "name_with_type": "Xã Xuân Lãnh",
        "path": "Xuân Lãnh, Đồng Xuân, Phú Yên",
        "path_with_type": "Xã Xuân Lãnh, Huyện Đồng Xuân, Tỉnh Phú Yên",
        "code": "22090",
        "parent_code": "558"
    },
    "22093": {
        "name": "Xuân Long",
        "type": "xa",
        "slug": "xuan-long",
        "name_with_type": "Xã Xuân Long",
        "path": "Xuân Long, Đồng Xuân, Phú Yên",
        "path_with_type": "Xã Xuân Long, Huyện Đồng Xuân, Tỉnh Phú Yên",
        "code": "22093",
        "parent_code": "558"
    },
    "22096": {
        "name": "Xuân Quang 1",
        "type": "xa",
        "slug": "xuan-quang-1",
        "name_with_type": "Xã Xuân Quang 1",
        "path": "Xuân Quang 1, Đồng Xuân, Phú Yên",
        "path_with_type": "Xã Xuân Quang 1, Huyện Đồng Xuân, Tỉnh Phú Yên",
        "code": "22096",
        "parent_code": "558"
    },
    "22099": {
        "name": "Xuân Sơn Bắc",
        "type": "xa",
        "slug": "xuan-son-bac",
        "name_with_type": "Xã Xuân Sơn Bắc",
        "path": "Xuân Sơn Bắc, Đồng Xuân, Phú Yên",
        "path_with_type": "Xã Xuân Sơn Bắc, Huyện Đồng Xuân, Tỉnh Phú Yên",
        "code": "22099",
        "parent_code": "558"
    },
    "22102": {
        "name": "Xuân Quang 2",
        "type": "xa",
        "slug": "xuan-quang-2",
        "name_with_type": "Xã Xuân Quang 2",
        "path": "Xuân Quang 2, Đồng Xuân, Phú Yên",
        "path_with_type": "Xã Xuân Quang 2, Huyện Đồng Xuân, Tỉnh Phú Yên",
        "code": "22102",
        "parent_code": "558"
    },
    "22105": {
        "name": "Xuân Sơn Nam",
        "type": "xa",
        "slug": "xuan-son-nam",
        "name_with_type": "Xã Xuân Sơn Nam",
        "path": "Xuân Sơn Nam, Đồng Xuân, Phú Yên",
        "path_with_type": "Xã Xuân Sơn Nam, Huyện Đồng Xuân, Tỉnh Phú Yên",
        "code": "22105",
        "parent_code": "558"
    },
    "22108": {
        "name": "Xuân Quang 3",
        "type": "xa",
        "slug": "xuan-quang-3",
        "name_with_type": "Xã Xuân Quang 3",
        "path": "Xuân Quang 3, Đồng Xuân, Phú Yên",
        "path_with_type": "Xã Xuân Quang 3, Huyện Đồng Xuân, Tỉnh Phú Yên",
        "code": "22108",
        "parent_code": "558"
    },
    "22111": {
        "name": "Xuân Phước",
        "type": "xa",
        "slug": "xuan-phuoc",
        "name_with_type": "Xã Xuân Phước",
        "path": "Xuân Phước, Đồng Xuân, Phú Yên",
        "path_with_type": "Xã Xuân Phước, Huyện Đồng Xuân, Tỉnh Phú Yên",
        "code": "22111",
        "parent_code": "558"
    }
}