{
    "22114": {
        "name": "Chí Thạnh",
        "type": "thi-tran",
        "slug": "chi-thanh",
        "name_with_type": "Thị trấn Chí Thạnh",
        "path": "Chí Thạnh, Tuy An, Phú Yên",
        "path_with_type": "Thị trấn Chí Thạnh, Huyện Tuy An, Tỉnh Phú Yên",
        "code": "22114",
        "parent_code": "559"
    },
    "22117": {
        "name": "An Dân",
        "type": "xa",
        "slug": "an-dan",
        "name_with_type": "Xã An Dân",
        "path": "An Dân, Tuy An, Phú Yên",
        "path_with_type": "Xã An Dân, Huyện Tuy An, Tỉnh Phú Yên",
        "code": "22117",
        "parent_code": "559"
    },
    "22120": {
        "name": "An Ninh Tây",
        "type": "xa",
        "slug": "an-ninh-tay",
        "name_with_type": "Xã An Ninh Tây",
        "path": "An Ninh Tây, Tuy An, Phú Yên",
        "path_with_type": "Xã An Ninh Tây, Huyện Tuy An, Tỉnh Phú Yên",
        "code": "22120",
        "parent_code": "559"
    },
    "22123": {
        "name": "An Ninh Đông",
        "type": "xa",
        "slug": "an-ninh-dong",
        "name_with_type": "Xã An Ninh Đông",
        "path": "An Ninh Đông, Tuy An, Phú Yên",
        "path_with_type": "Xã An Ninh Đông, Huyện Tuy An, Tỉnh Phú Yên",
        "code": "22123",
        "parent_code": "559"
    },
    "22126": {
        "name": "An Thạch",
        "type": "xa",
        "slug": "an-thach",
        "name_with_type": "Xã An Thạch",
        "path": "An Thạch, Tuy An, Phú Yên",
        "path_with_type": "Xã An Thạch, Huyện Tuy An, Tỉnh Phú Yên",
        "code": "22126",
        "parent_code": "559"
    },
    "22129": {
        "name": "An Định",
        "type": "xa",
        "slug": "an-dinh",
        "name_with_type": "Xã An Định",
        "path": "An Định, Tuy An, Phú Yên",
        "path_with_type": "Xã An Định, Huyện Tuy An, Tỉnh Phú Yên",
        "code": "22129",
        "parent_code": "559"
    },
    "22132": {
        "name": "An Nghiệp",
        "type": "xa",
        "slug": "an-nghiep",
        "name_with_type": "Xã An Nghiệp",
        "path": "An Nghiệp, Tuy An, Phú Yên",
        "path_with_type": "Xã An Nghiệp, Huyện Tuy An, Tỉnh Phú Yên",
        "code": "22132",
        "parent_code": "559"
    },
    "22135": {
        "name": "An Hải",
        "type": "xa",
        "slug": "an-hai",
        "name_with_type": "Xã An Hải",
        "path": "An Hải, Tuy An, Phú Yên",
        "path_with_type": "Xã An Hải, Huyện Tuy An, Tỉnh Phú Yên",
        "code": "22135",
        "parent_code": "559"
    },
    "22138": {
        "name": "An Cư",
        "type": "xa",
        "slug": "an-cu",
        "name_with_type": "Xã An Cư",
        "path": "An Cư, Tuy An, Phú Yên",
        "path_with_type": "Xã An Cư, Huyện Tuy An, Tỉnh Phú Yên",
        "code": "22138",
        "parent_code": "559"
    },
    "22141": {
        "name": "An Xuân",
        "type": "xa",
        "slug": "an-xuan",
        "name_with_type": "Xã An Xuân",
        "path": "An Xuân, Tuy An, Phú Yên",
        "path_with_type": "Xã An Xuân, Huyện Tuy An, Tỉnh Phú Yên",
        "code": "22141",
        "parent_code": "559"
    },
    "22144": {
        "name": "An Lĩnh",
        "type": "xa",
        "slug": "an-linh",
        "name_with_type": "Xã An Lĩnh",
        "path": "An Lĩnh, Tuy An, Phú Yên",
        "path_with_type": "Xã An Lĩnh, Huyện Tuy An, Tỉnh Phú Yên",
        "code": "22144",
        "parent_code": "559"
    },
    "22147": {
        "name": "An Hòa",
        "type": "xa",
        "slug": "an-hoa",
        "name_with_type": "Xã An Hòa",
        "path": "An Hòa, Tuy An, Phú Yên",
        "path_with_type": "Xã An Hòa, Huyện Tuy An, Tỉnh Phú Yên",
        "code": "22147",
        "parent_code": "559"
    },
    "22150": {
        "name": "An Hiệp",
        "type": "xa",
        "slug": "an-hiep",
        "name_with_type": "Xã An Hiệp",
        "path": "An Hiệp, Tuy An, Phú Yên",
        "path_with_type": "Xã An Hiệp, Huyện Tuy An, Tỉnh Phú Yên",
        "code": "22150",
        "parent_code": "559"
    },
    "22153": {
        "name": "An Mỹ",
        "type": "xa",
        "slug": "an-my",
        "name_with_type": "Xã An Mỹ",
        "path": "An Mỹ, Tuy An, Phú Yên",
        "path_with_type": "Xã An Mỹ, Huyện Tuy An, Tỉnh Phú Yên",
        "code": "22153",
        "parent_code": "559"
    },
    "22156": {
        "name": "An Chấn",
        "type": "xa",
        "slug": "an-chan",
        "name_with_type": "Xã An Chấn",
        "path": "An Chấn, Tuy An, Phú Yên",
        "path_with_type": "Xã An Chấn, Huyện Tuy An, Tỉnh Phú Yên",
        "code": "22156",
        "parent_code": "559"
    },
    "22159": {
        "name": "An Thọ",
        "type": "xa",
        "slug": "an-tho",
        "name_with_type": "Xã An Thọ",
        "path": "An Thọ, Tuy An, Phú Yên",
        "path_with_type": "Xã An Thọ, Huyện Tuy An, Tỉnh Phú Yên",
        "code": "22159",
        "parent_code": "559"
    }
}