{
    "22207": {
        "name": "Hai Riêng",
        "type": "thi-tran",
        "slug": "hai-rieng",
        "name_with_type": "Thị trấn Hai Riêng",
        "path": "Hai Riêng, Sông Hinh, Phú Yên",
        "path_with_type": "Thị trấn Hai Riêng, Huyện Sông Hinh, Tỉnh Phú Yên",
        "code": "22207",
        "parent_code": "561"
    },
    "22210": {
        "name": "Ea Lâm",
        "type": "xa",
        "slug": "ea-lam",
        "name_with_type": "Xã Ea Lâm",
        "path": "Ea Lâm, Sông Hinh, Phú Yên",
        "path_with_type": "Xã Ea Lâm, Huyện Sông Hinh, Tỉnh Phú Yên",
        "code": "22210",
        "parent_code": "561"
    },
    "22213": {
        "name": "Đức Bình Tây",
        "type": "xa",
        "slug": "duc-binh-tay",
        "name_with_type": "Xã Đức Bình Tây",
        "path": "Đức Bình Tây, Sông Hinh, Phú Yên",
        "path_with_type": "Xã Đức Bình Tây, Huyện Sông Hinh, Tỉnh Phú Yên",
        "code": "22213",
        "parent_code": "561"
    },
    "22216": {
        "name": "Ea Bá",
        "type": "xa",
        "slug": "ea-ba",
        "name_with_type": "Xã Ea Bá",
        "path": "Ea Bá, Sông Hinh, Phú Yên",
        "path_with_type": "Xã Ea Bá, Huyện Sông Hinh, Tỉnh Phú Yên",
        "code": "22216",
        "parent_code": "561"
    },
    "22219": {
        "name": "Sơn Giang",
        "type": "xa",
        "slug": "son-giang",
        "name_with_type": "Xã Sơn Giang",
        "path": "Sơn Giang, Sông Hinh, Phú Yên",
        "path_with_type": "Xã Sơn Giang, Huyện Sông Hinh, Tỉnh Phú Yên",
        "code": "22219",
        "parent_code": "561"
    },
    "22222": {
        "name": "Đức Bình Đông",
        "type": "xa",
        "slug": "duc-binh-dong",
        "name_with_type": "Xã Đức Bình Đông",
        "path": "Đức Bình Đông, Sông Hinh, Phú Yên",
        "path_with_type": "Xã Đức Bình Đông, Huyện Sông Hinh, Tỉnh Phú Yên",
        "code": "22222",
        "parent_code": "561"
    },
    "22225": {
        "name": "EaBar",
        "type": "xa",
        "slug": "eabar",
        "name_with_type": "Xã EaBar",
        "path": "EaBar, Sông Hinh, Phú Yên",
        "path_with_type": "Xã EaBar, Huyện Sông Hinh, Tỉnh Phú Yên",
        "code": "22225",
        "parent_code": "561"
    },
    "22228": {
        "name": "EaBia",
        "type": "xa",
        "slug": "eabia",
        "name_with_type": "Xã EaBia",
        "path": "EaBia, Sông Hinh, Phú Yên",
        "path_with_type": "Xã EaBia, Huyện Sông Hinh, Tỉnh Phú Yên",
        "code": "22228",
        "parent_code": "561"
    },
    "22231": {
        "name": "EaTrol",
        "type": "xa",
        "slug": "eatrol",
        "name_with_type": "Xã EaTrol",
        "path": "EaTrol, Sông Hinh, Phú Yên",
        "path_with_type": "Xã EaTrol, Huyện Sông Hinh, Tỉnh Phú Yên",
        "code": "22231",
        "parent_code": "561"
    },
    "22234": {
        "name": "Sông Hinh",
        "type": "xa",
        "slug": "song-hinh",
        "name_with_type": "Xã Sông Hinh",
        "path": "Sông Hinh, Sông Hinh, Phú Yên",
        "path_with_type": "Xã Sông Hinh, Huyện Sông Hinh, Tỉnh Phú Yên",
        "code": "22234",
        "parent_code": "561"
    },
    "22237": {
        "name": "Ealy",
        "type": "xa",
        "slug": "ealy",
        "name_with_type": "Xã Ealy",
        "path": "Ealy, Sông Hinh, Phú Yên",
        "path_with_type": "Xã Ealy, Huyện Sông Hinh, Tỉnh Phú Yên",
        "code": "22237",
        "parent_code": "561"
    }
}