{
    "22249": {
        "name": "Sơn Thành Tây",
        "type": "xa",
        "slug": "son-thanh-tay",
        "name_with_type": "Xã Sơn Thành Tây",
        "path": "Sơn Thành Tây, Tây Hoà, Phú Yên",
        "path_with_type": "Xã Sơn Thành Tây, Huyện Tây Hoà, Tỉnh Phú Yên",
        "code": "22249",
        "parent_code": "562"
    },
    "22250": {
        "name": "Sơn Thành Đông",
        "type": "xa",
        "slug": "son-thanh-dong",
        "name_with_type": "Xã Sơn Thành Đông",
        "path": "Sơn Thành Đông, Tây Hoà, Phú Yên",
        "path_with_type": "Xã Sơn Thành Đông, Huyện Tây Hoà, Tỉnh Phú Yên",
        "code": "22250",
        "parent_code": "562"
    },
    "22252": {
        "name": "Hòa Bình 1",
        "type": "xa",
        "slug": "hoa-binh-1",
        "name_with_type": "Xã Hòa Bình 1",
        "path": "Hòa Bình 1, Tây Hoà, Phú Yên",
        "path_with_type": "Xã Hòa Bình 1, Huyện Tây Hoà, Tỉnh Phú Yên",
        "code": "22252",
        "parent_code": "562"
    },
    "22255": {
        "name": "Phú Thứ",
        "type": "thi-tran",
        "slug": "phu-thu",
        "name_with_type": "Thị trấn Phú Thứ",
        "path": "Phú Thứ, Tây Hoà, Phú Yên",
        "path_with_type": "Thị trấn Phú Thứ, Huyện Tây Hoà, Tỉnh Phú Yên",
        "code": "22255",
        "parent_code": "562"
    },
    "22264": {
        "name": "Hòa Phong",
        "type": "xa",
        "slug": "hoa-phong",
        "name_with_type": "Xã Hòa Phong",
        "path": "Hòa Phong, Tây Hoà, Phú Yên",
        "path_with_type": "Xã Hòa Phong, Huyện Tây Hoà, Tỉnh Phú Yên",
        "code": "22264",
        "parent_code": "562"
    },
    "22270": {
        "name": "Hòa Phú",
        "type": "xa",
        "slug": "hoa-phu",
        "name_with_type": "Xã Hòa Phú",
        "path": "Hòa Phú, Tây Hoà, Phú Yên",
        "path_with_type": "Xã Hòa Phú, Huyện Tây Hoà, Tỉnh Phú Yên",
        "code": "22270",
        "parent_code": "562"
    },
    "22273": {
        "name": "Hòa Tân Tây",
        "type": "xa",
        "slug": "hoa-tan-tay",
        "name_with_type": "Xã Hòa Tân Tây",
        "path": "Hòa Tân Tây, Tây Hoà, Phú Yên",
        "path_with_type": "Xã Hòa Tân Tây, Huyện Tây Hoà, Tỉnh Phú Yên",
        "code": "22273",
        "parent_code": "562"
    },
    "22276": {
        "name": "Hòa Đồng",
        "type": "xa",
        "slug": "hoa-dong",
        "name_with_type": "Xã Hòa Đồng",
        "path": "Hòa Đồng, Tây Hoà, Phú Yên",
        "path_with_type": "Xã Hòa Đồng, Huyện Tây Hoà, Tỉnh Phú Yên",
        "code": "22276",
        "parent_code": "562"
    },
    "22285": {
        "name": "Hòa Mỹ Đông",
        "type": "xa",
        "slug": "hoa-my-dong",
        "name_with_type": "Xã Hòa Mỹ Đông",
        "path": "Hòa Mỹ Đông, Tây Hoà, Phú Yên",
        "path_with_type": "Xã Hòa Mỹ Đông, Huyện Tây Hoà, Tỉnh Phú Yên",
        "code": "22285",
        "parent_code": "562"
    },
    "22288": {
        "name": "Hòa Mỹ Tây",
        "type": "xa",
        "slug": "hoa-my-tay",
        "name_with_type": "Xã Hòa Mỹ Tây",
        "path": "Hòa Mỹ Tây, Tây Hoà, Phú Yên",
        "path_with_type": "Xã Hòa Mỹ Tây, Huyện Tây Hoà, Tỉnh Phú Yên",
        "code": "22288",
        "parent_code": "562"
    },
    "22294": {
        "name": "Hòa Thịnh",
        "type": "xa",
        "slug": "hoa-thinh",
        "name_with_type": "Xã Hòa Thịnh",
        "path": "Hòa Thịnh, Tây Hoà, Phú Yên",
        "path_with_type": "Xã Hòa Thịnh, Huyện Tây Hoà, Tỉnh Phú Yên",
        "code": "22294",
        "parent_code": "562"
    }
}