{
    "22303": {
        "name": "Hòa Quang Bắc",
        "type": "xa",
        "slug": "hoa-quang-bac",
        "name_with_type": "Xã Hòa Quang Bắc",
        "path": "Hòa Quang Bắc, Phú Hoà, Phú Yên",
        "path_with_type": "Xã Hòa Quang Bắc, Huyện Phú Hoà, Tỉnh Phú Yên",
        "code": "22303",
        "parent_code": "563"
    },
    "22306": {
        "name": "Hòa Quang Nam",
        "type": "xa",
        "slug": "hoa-quang-nam",
        "name_with_type": "Xã Hòa Quang Nam",
        "path": "Hòa Quang Nam, Phú Hoà, Phú Yên",
        "path_with_type": "Xã Hòa Quang Nam, Huyện Phú Hoà, Tỉnh Phú Yên",
        "code": "22306",
        "parent_code": "563"
    },
    "22309": {
        "name": "Hòa Hội",
        "type": "xa",
        "slug": "hoa-hoi",
        "name_with_type": "Xã Hòa Hội",
        "path": "Hòa Hội, Phú Hoà, Phú Yên",
        "path_with_type": "Xã Hòa Hội, Huyện Phú Hoà, Tỉnh Phú Yên",
        "code": "22309",
        "parent_code": "563"
    },
    "22312": {
        "name": "Hòa Trị",
        "type": "xa",
        "slug": "hoa-tri",
        "name_with_type": "Xã Hòa Trị",
        "path": "Hòa Trị, Phú Hoà, Phú Yên",
        "path_with_type": "Xã Hòa Trị, Huyện Phú Hoà, Tỉnh Phú Yên",
        "code": "22312",
        "parent_code": "563"
    },
    "22315": {
        "name": "Hòa An",
        "type": "xa",
        "slug": "hoa-an",
        "name_with_type": "Xã Hòa An",
        "path": "Hòa An, Phú Hoà, Phú Yên",
        "path_with_type": "Xã Hòa An, Huyện Phú Hoà, Tỉnh Phú Yên",
        "code": "22315",
        "parent_code": "563"
    },
    "22318": {
        "name": "Hòa Định Đông",
        "type": "xa",
        "slug": "hoa-dinh-dong",
        "name_with_type": "Xã Hòa Định Đông",
        "path": "Hòa Định Đông, Phú Hoà, Phú Yên",
        "path_with_type": "Xã Hòa Định Đông, Huyện Phú Hoà, Tỉnh Phú Yên",
        "code": "22318",
        "parent_code": "563"
    },
    "22319": {
        "name": "Phú Hoà",
        "type": "thi-tran",
        "slug": "phu-hoa",
        "name_with_type": "Thị Trấn Phú Hoà",
        "path": "Phú Hoà, Phú Hoà, Phú Yên",
        "path_with_type": "Thị Trấn Phú Hoà, Huyện Phú Hoà, Tỉnh Phú Yên",
        "code": "22319",
        "parent_code": "563"
    },
    "22321": {
        "name": "Hòa Định Tây",
        "type": "xa",
        "slug": "hoa-dinh-tay",
        "name_with_type": "Xã Hòa Định Tây",
        "path": "Hòa Định Tây, Phú Hoà, Phú Yên",
        "path_with_type": "Xã Hòa Định Tây, Huyện Phú Hoà, Tỉnh Phú Yên",
        "code": "22321",
        "parent_code": "563"
    },
    "22324": {
        "name": "Hòa Thắng",
        "type": "xa",
        "slug": "hoa-thang",
        "name_with_type": "Xã Hòa Thắng",
        "path": "Hòa Thắng, Phú Hoà, Phú Yên",
        "path_with_type": "Xã Hòa Thắng, Huyện Phú Hoà, Tỉnh Phú Yên",
        "code": "22324",
        "parent_code": "563"
    }
}