{
    "22714": {
        "name": "Tô Hạp",
        "type": "thi-tran",
        "slug": "to-hap",
        "name_with_type": "Thị trấn Tô Hạp",
        "path": "Tô Hạp, Khánh Sơn, Khánh Hòa",
        "path_with_type": "Thị trấn Tô Hạp, Huyện Khánh Sơn, Tỉnh Khánh Hòa",
        "code": "22714",
        "parent_code": "575"
    },
    "22717": {
        "name": "Thành Sơn",
        "type": "xa",
        "slug": "thanh-son",
        "name_with_type": "Xã Thành Sơn",
        "path": "Thành Sơn, Khánh Sơn, Khánh Hòa",
        "path_with_type": "Xã Thành Sơn, Huyện Khánh Sơn, Tỉnh Khánh Hòa",
        "code": "22717",
        "parent_code": "575"
    },
    "22720": {
        "name": "Sơn Lâm",
        "type": "xa",
        "slug": "son-lam",
        "name_with_type": "Xã Sơn Lâm",
        "path": "Sơn Lâm, Khánh Sơn, Khánh Hòa",
        "path_with_type": "Xã Sơn Lâm, Huyện Khánh Sơn, Tỉnh Khánh Hòa",
        "code": "22720",
        "parent_code": "575"
    },
    "22723": {
        "name": "Sơn Hiệp",
        "type": "xa",
        "slug": "son-hiep",
        "name_with_type": "Xã Sơn Hiệp",
        "path": "Sơn Hiệp, Khánh Sơn, Khánh Hòa",
        "path_with_type": "Xã Sơn Hiệp, Huyện Khánh Sơn, Tỉnh Khánh Hòa",
        "code": "22723",
        "parent_code": "575"
    },
    "22726": {
        "name": "Sơn Bình",
        "type": "xa",
        "slug": "son-binh",
        "name_with_type": "Xã Sơn Bình",
        "path": "Sơn Bình, Khánh Sơn, Khánh Hòa",
        "path_with_type": "Xã Sơn Bình, Huyện Khánh Sơn, Tỉnh Khánh Hòa",
        "code": "22726",
        "parent_code": "575"
    },
    "22729": {
        "name": "Sơn Trung",
        "type": "xa",
        "slug": "son-trung",
        "name_with_type": "Xã Sơn Trung",
        "path": "Sơn Trung, Khánh Sơn, Khánh Hòa",
        "path_with_type": "Xã Sơn Trung, Huyện Khánh Sơn, Tỉnh Khánh Hòa",
        "code": "22729",
        "parent_code": "575"
    },
    "22732": {
        "name": "Ba Cụm Bắc",
        "type": "xa",
        "slug": "ba-cum-bac",
        "name_with_type": "Xã Ba Cụm Bắc",
        "path": "Ba Cụm Bắc, Khánh Sơn, Khánh Hòa",
        "path_with_type": "Xã Ba Cụm Bắc, Huyện Khánh Sơn, Tỉnh Khánh Hòa",
        "code": "22732",
        "parent_code": "575"
    },
    "22735": {
        "name": "Ba Cụm Nam",
        "type": "xa",
        "slug": "ba-cum-nam",
        "name_with_type": "Xã Ba Cụm Nam",
        "path": "Ba Cụm Nam, Khánh Sơn, Khánh Hòa",
        "path_with_type": "Xã Ba Cụm Nam, Huyện Khánh Sơn, Tỉnh Khánh Hòa",
        "code": "22735",
        "parent_code": "575"
    }
}