{
    "22736": {
        "name": "Trường Sa",
        "type": "thi-tran",
        "slug": "truong-sa",
        "name_with_type": "Thị trấn Trường Sa",
        "path": "Trường Sa, Trường Sa, Khánh Hòa",
        "path_with_type": "Thị trấn Trường Sa, Huyện Trường Sa, Tỉnh Khánh Hòa",
        "code": "22736",
        "parent_code": "576"
    },
    "22737": {
        "name": "Song Tử Tây",
        "type": "xa",
        "slug": "song-tu-tay",
        "name_with_type": "Xã Song Tử Tây",
        "path": "Song Tử Tây, Trường Sa, Khánh Hòa",
        "path_with_type": "Xã Song Tử Tây, Huyện Trường Sa, Tỉnh Khánh Hòa",
        "code": "22737",
        "parent_code": "576"
    },
    "22739": {
        "name": "Sinh Tồn",
        "type": "xa",
        "slug": "sinh-ton",
        "name_with_type": "Xã Sinh Tồn",
        "path": "Sinh Tồn, Trường Sa, Khánh Hòa",
        "path_with_type": "Xã Sinh Tồn, Huyện Trường Sa, Tỉnh Khánh Hòa",
        "code": "22739",
        "parent_code": "576"
    }
}