{
    "22783": {
        "name": "Phước Bình",
        "type": "xa",
        "slug": "phuoc-binh",
        "name_with_type": "Xã Phước Bình",
        "path": "Phước Bình, Bác Ái, Ninh Thuận",
        "path_with_type": "Xã Phước Bình, Huyện Bác Ái, Tỉnh Ninh Thuận",
        "code": "22783",
        "parent_code": "584"
    },
    "22786": {
        "name": "Phước Hòa",
        "type": "xa",
        "slug": "phuoc-hoa",
        "name_with_type": "Xã Phước Hòa",
        "path": "Phước Hòa, Bác Ái, Ninh Thuận",
        "path_with_type": "Xã Phước Hòa, Huyện Bác Ái, Tỉnh Ninh Thuận",
        "code": "22786",
        "parent_code": "584"
    },
    "22789": {
        "name": "Phước Tân",
        "type": "xa",
        "slug": "phuoc-tan",
        "name_with_type": "Xã Phước Tân",
        "path": "Phước Tân, Bác Ái, Ninh Thuận",
        "path_with_type": "Xã Phước Tân, Huyện Bác Ái, Tỉnh Ninh Thuận",
        "code": "22789",
        "parent_code": "584"
    },
    "22792": {
        "name": "Phước Tiến",
        "type": "xa",
        "slug": "phuoc-tien",
        "name_with_type": "Xã Phước Tiến",
        "path": "Phước Tiến, Bác Ái, Ninh Thuận",
        "path_with_type": "Xã Phước Tiến, Huyện Bác Ái, Tỉnh Ninh Thuận",
        "code": "22792",
        "parent_code": "584"
    },
    "22795": {
        "name": "Phước Thắng",
        "type": "xa",
        "slug": "phuoc-thang",
        "name_with_type": "Xã Phước Thắng",
        "path": "Phước Thắng, Bác Ái, Ninh Thuận",
        "path_with_type": "Xã Phước Thắng, Huyện Bác Ái, Tỉnh Ninh Thuận",
        "code": "22795",
        "parent_code": "584"
    },
    "22798": {
        "name": "Phước Thành",
        "type": "xa",
        "slug": "phuoc-thanh",
        "name_with_type": "Xã Phước Thành",
        "path": "Phước Thành, Bác Ái, Ninh Thuận",
        "path_with_type": "Xã Phước Thành, Huyện Bác Ái, Tỉnh Ninh Thuận",
        "code": "22798",
        "parent_code": "584"
    },
    "22801": {
        "name": "Phước Đại",
        "type": "xa",
        "slug": "phuoc-dai",
        "name_with_type": "Xã Phước Đại",
        "path": "Phước Đại, Bác Ái, Ninh Thuận",
        "path_with_type": "Xã Phước Đại, Huyện Bác Ái, Tỉnh Ninh Thuận",
        "code": "22801",
        "parent_code": "584"
    },
    "22804": {
        "name": "Phước Chính",
        "type": "xa",
        "slug": "phuoc-chinh",
        "name_with_type": "Xã Phước Chính",
        "path": "Phước Chính, Bác Ái, Ninh Thuận",
        "path_with_type": "Xã Phước Chính, Huyện Bác Ái, Tỉnh Ninh Thuận",
        "code": "22804",
        "parent_code": "584"
    },
    "22807": {
        "name": "Phước Trung",
        "type": "xa",
        "slug": "phuoc-trung",
        "name_with_type": "Xã Phước Trung",
        "path": "Phước Trung, Bác Ái, Ninh Thuận",
        "path_with_type": "Xã Phước Trung, Huyện Bác Ái, Tỉnh Ninh Thuận",
        "code": "22807",
        "parent_code": "584"
    }
}