{
    "22915": {
        "name": "Mũi Né",
        "type": "phuong",
        "slug": "mui-ne",
        "name_with_type": "Phường Mũi Né",
        "path": "Mũi Né, Phan Thiết, Bình Thuận",
        "path_with_type": "Phường Mũi Né, Thành phố Phan Thiết, Tỉnh Bình Thuận",
        "code": "22915",
        "parent_code": "593"
    },
    "22918": {
        "name": "Hàm Tiến",
        "type": "phuong",
        "slug": "ham-tien",
        "name_with_type": "Phường Hàm Tiến",
        "path": "Hàm Tiến, Phan Thiết, Bình Thuận",
        "path_with_type": "Phường Hàm Tiến, Thành phố Phan Thiết, Tỉnh Bình Thuận",
        "code": "22918",
        "parent_code": "593"
    },
    "22921": {
        "name": "Phú Hài",
        "type": "phuong",
        "slug": "phu-hai",
        "name_with_type": "Phường Phú Hài",
        "path": "Phú Hài, Phan Thiết, Bình Thuận",
        "path_with_type": "Phường Phú Hài, Thành phố Phan Thiết, Tỉnh Bình Thuận",
        "code": "22921",
        "parent_code": "593"
    },
    "22924": {
        "name": "Phú Thủy",
        "type": "phuong",
        "slug": "phu-thuy",
        "name_with_type": "Phường Phú Thủy",
        "path": "Phú Thủy, Phan Thiết, Bình Thuận",
        "path_with_type": "Phường Phú Thủy, Thành phố Phan Thiết, Tỉnh Bình Thuận",
        "code": "22924",
        "parent_code": "593"
    },
    "22927": {
        "name": "Phú Tài",
        "type": "phuong",
        "slug": "phu-tai",
        "name_with_type": "Phường Phú Tài",
        "path": "Phú Tài, Phan Thiết, Bình Thuận",
        "path_with_type": "Phường Phú Tài, Thành phố Phan Thiết, Tỉnh Bình Thuận",
        "code": "22927",
        "parent_code": "593"
    },
    "22930": {
        "name": "Phú Trinh",
        "type": "phuong",
        "slug": "phu-trinh",
        "name_with_type": "Phường Phú Trinh",
        "path": "Phú Trinh, Phan Thiết, Bình Thuận",
        "path_with_type": "Phường Phú Trinh, Thành phố Phan Thiết, Tỉnh Bình Thuận",
        "code": "22930",
        "parent_code": "593"
    },
    "22933": {
        "name": "Xuân An",
        "type": "phuong",
        "slug": "xuan-an",
        "name_with_type": "Phường Xuân An",
        "path": "Xuân An, Phan Thiết, Bình Thuận",
        "path_with_type": "Phường Xuân An, Thành phố Phan Thiết, Tỉnh Bình Thuận",
        "code": "22933",
        "parent_code": "593"
    },
    "22936": {
        "name": "Thanh Hải",
        "type": "phuong",
        "slug": "thanh-hai",
        "name_with_type": "Phường Thanh Hải",
        "path": "Thanh Hải, Phan Thiết, Bình Thuận",
        "path_with_type": "Phường Thanh Hải, Thành phố Phan Thiết, Tỉnh Bình Thuận",
        "code": "22936",
        "parent_code": "593"
    },
    "22939": {
        "name": "Bình Hưng",
        "type": "phuong",
        "slug": "binh-hung",
        "name_with_type": "Phường Bình Hưng",
        "path": "Bình Hưng, Phan Thiết, Bình Thuận",
        "path_with_type": "Phường Bình Hưng, Thành phố Phan Thiết, Tỉnh Bình Thuận",
        "code": "22939",
        "parent_code": "593"
    },
    "22942": {
        "name": "Đức Nghĩa",
        "type": "phuong",
        "slug": "duc-nghia",
        "name_with_type": "Phường Đức Nghĩa",
        "path": "Đức Nghĩa, Phan Thiết, Bình Thuận",
        "path_with_type": "Phường Đức Nghĩa, Thành phố Phan Thiết, Tỉnh Bình Thuận",
        "code": "22942",
        "parent_code": "593"
    },
    "22945": {
        "name": "Lạc Đạo",
        "type": "phuong",
        "slug": "lac-dao",
        "name_with_type": "Phường Lạc Đạo",
        "path": "Lạc Đạo, Phan Thiết, Bình Thuận",
        "path_with_type": "Phường Lạc Đạo, Thành phố Phan Thiết, Tỉnh Bình Thuận",
        "code": "22945",
        "parent_code": "593"
    },
    "22948": {
        "name": "Đức Thắng",
        "type": "phuong",
        "slug": "duc-thang",
        "name_with_type": "Phường Đức Thắng",
        "path": "Đức Thắng, Phan Thiết, Bình Thuận",
        "path_with_type": "Phường Đức Thắng, Thành phố Phan Thiết, Tỉnh Bình Thuận",
        "code": "22948",
        "parent_code": "593"
    },
    "22951": {
        "name": "Hưng Long",
        "type": "phuong",
        "slug": "hung-long",
        "name_with_type": "Phường Hưng Long",
        "path": "Hưng Long, Phan Thiết, Bình Thuận",
        "path_with_type": "Phường Hưng Long, Thành phố Phan Thiết, Tỉnh Bình Thuận",
        "code": "22951",
        "parent_code": "593"
    },
    "22954": {
        "name": "Đức Long",
        "type": "phuong",
        "slug": "duc-long",
        "name_with_type": "Phường Đức Long",
        "path": "Đức Long, Phan Thiết, Bình Thuận",
        "path_with_type": "Phường Đức Long, Thành phố Phan Thiết, Tỉnh Bình Thuận",
        "code": "22954",
        "parent_code": "593"
    },
    "22957": {
        "name": "Thiện Nghiệp",
        "type": "xa",
        "slug": "thien-nghiep",
        "name_with_type": "Xã Thiện Nghiệp",
        "path": "Thiện Nghiệp, Phan Thiết, Bình Thuận",
        "path_with_type": "Xã Thiện Nghiệp, Thành phố Phan Thiết, Tỉnh Bình Thuận",
        "code": "22957",
        "parent_code": "593"
    },
    "22960": {
        "name": "Phong Nẫm",
        "type": "xa",
        "slug": "phong-nam",
        "name_with_type": "Xã Phong Nẫm",
        "path": "Phong Nẫm, Phan Thiết, Bình Thuận",
        "path_with_type": "Xã Phong Nẫm, Thành phố Phan Thiết, Tỉnh Bình Thuận",
        "code": "22960",
        "parent_code": "593"
    },
    "22963": {
        "name": "Tiến Lợi",
        "type": "xa",
        "slug": "tien-loi",
        "name_with_type": "Xã Tiến Lợi",
        "path": "Tiến Lợi, Phan Thiết, Bình Thuận",
        "path_with_type": "Xã Tiến Lợi, Thành phố Phan Thiết, Tỉnh Bình Thuận",
        "code": "22963",
        "parent_code": "593"
    },
    "22966": {
        "name": "Tiến Thành",
        "type": "xa",
        "slug": "tien-thanh",
        "name_with_type": "Xã Tiến Thành",
        "path": "Tiến Thành, Phan Thiết, Bình Thuận",
        "path_with_type": "Xã Tiến Thành, Thành phố Phan Thiết, Tỉnh Bình Thuận",
        "code": "22966",
        "parent_code": "593"
    }
}