{
    "23231": {
        "name": "Phước Hội",
        "type": "phuong",
        "slug": "phuoc-hoi",
        "name_with_type": "Phường Phước Hội",
        "path": "Phước Hội, La Gi, Bình Thuận",
        "path_with_type": "Phường Phước Hội, Thị xã La Gi, Tỉnh Bình Thuận",
        "code": "23231",
        "parent_code": "594"
    },
    "23232": {
        "name": "Phước Lộc",
        "type": "phuong",
        "slug": "phuoc-loc",
        "name_with_type": "Phường Phước Lộc",
        "path": "Phước Lộc, La Gi, Bình Thuận",
        "path_with_type": "Phường Phước Lộc, Thị xã La Gi, Tỉnh Bình Thuận",
        "code": "23232",
        "parent_code": "594"
    },
    "23234": {
        "name": "Tân Thiện",
        "type": "phuong",
        "slug": "tan-thien",
        "name_with_type": "Phường Tân Thiện",
        "path": "Tân Thiện, La Gi, Bình Thuận",
        "path_with_type": "Phường Tân Thiện, Thị xã La Gi, Tỉnh Bình Thuận",
        "code": "23234",
        "parent_code": "594"
    },
    "23235": {
        "name": "Tân An",
        "type": "phuong",
        "slug": "tan-an",
        "name_with_type": "Phường Tân An",
        "path": "Tân An, La Gi, Bình Thuận",
        "path_with_type": "Phường Tân An, Thị xã La Gi, Tỉnh Bình Thuận",
        "code": "23235",
        "parent_code": "594"
    },
    "23237": {
        "name": "Bình Tân",
        "type": "phuong",
        "slug": "binh-tan",
        "name_with_type": "Phường Bình Tân",
        "path": "Bình Tân, La Gi, Bình Thuận",
        "path_with_type": "Phường Bình Tân, Thị xã La Gi, Tỉnh Bình Thuận",
        "code": "23237",
        "parent_code": "594"
    },
    "23245": {
        "name": "Tân Hải",
        "type": "xa",
        "slug": "tan-hai",
        "name_with_type": "Xã Tân Hải",
        "path": "Tân Hải, La Gi, Bình Thuận",
        "path_with_type": "Xã Tân Hải, Thị xã La Gi, Tỉnh Bình Thuận",
        "code": "23245",
        "parent_code": "594"
    },
    "23246": {
        "name": "Tân Tiến",
        "type": "xa",
        "slug": "tan-tien",
        "name_with_type": "Xã Tân Tiến",
        "path": "Tân Tiến, La Gi, Bình Thuận",
        "path_with_type": "Xã Tân Tiến, Thị xã La Gi, Tỉnh Bình Thuận",
        "code": "23246",
        "parent_code": "594"
    },
    "23248": {
        "name": "Tân Bình",
        "type": "xa",
        "slug": "tan-binh",
        "name_with_type": "Xã Tân Bình",
        "path": "Tân Bình, La Gi, Bình Thuận",
        "path_with_type": "Xã Tân Bình, Thị xã La Gi, Tỉnh Bình Thuận",
        "code": "23248",
        "parent_code": "594"
    },
    "23268": {
        "name": "Tân Phước",
        "type": "xa",
        "slug": "tan-phuoc",
        "name_with_type": "Xã Tân Phước",
        "path": "Tân Phước, La Gi, Bình Thuận",
        "path_with_type": "Xã Tân Phước, Thị xã La Gi, Tỉnh Bình Thuận",
        "code": "23268",
        "parent_code": "594"
    }
}