{
    "23191": {
        "name": "Võ Xu",
        "type": "thi-tran",
        "slug": "vo-xu",
        "name_with_type": "Thị trấn Võ Xu",
        "path": "Võ Xu, Đức Linh, Bình Thuận",
        "path_with_type": "Thị trấn Võ Xu, Huyện Đức Linh, Tỉnh Bình Thuận",
        "code": "23191",
        "parent_code": "600"
    },
    "23194": {
        "name": "Đức Tài",
        "type": "thi-tran",
        "slug": "duc-tai",
        "name_with_type": "Thị trấn Đức Tài",
        "path": "Đức Tài, Đức Linh, Bình Thuận",
        "path_with_type": "Thị trấn Đức Tài, Huyện Đức Linh, Tỉnh Bình Thuận",
        "code": "23194",
        "parent_code": "600"
    },
    "23197": {
        "name": "Đa Kai",
        "type": "xa",
        "slug": "da-kai",
        "name_with_type": "Xã Đa Kai",
        "path": "Đa Kai, Đức Linh, Bình Thuận",
        "path_with_type": "Xã Đa Kai, Huyện Đức Linh, Tỉnh Bình Thuận",
        "code": "23197",
        "parent_code": "600"
    },
    "23200": {
        "name": "Sùng Nhơn",
        "type": "xa",
        "slug": "sung-nhon",
        "name_with_type": "Xã Sùng Nhơn",
        "path": "Sùng Nhơn, Đức Linh, Bình Thuận",
        "path_with_type": "Xã Sùng Nhơn, Huyện Đức Linh, Tỉnh Bình Thuận",
        "code": "23200",
        "parent_code": "600"
    },
    "23203": {
        "name": "Mê Pu",
        "type": "xa",
        "slug": "me-pu",
        "name_with_type": "Xã Mê Pu",
        "path": "Mê Pu, Đức Linh, Bình Thuận",
        "path_with_type": "Xã Mê Pu, Huyện Đức Linh, Tỉnh Bình Thuận",
        "code": "23203",
        "parent_code": "600"
    },
    "23206": {
        "name": "Nam Chính",
        "type": "xa",
        "slug": "nam-chinh",
        "name_with_type": "Xã Nam Chính",
        "path": "Nam Chính, Đức Linh, Bình Thuận",
        "path_with_type": "Xã Nam Chính, Huyện Đức Linh, Tỉnh Bình Thuận",
        "code": "23206",
        "parent_code": "600"
    },
    "23209": {
        "name": "Đức Chính",
        "type": "xa",
        "slug": "duc-chinh",
        "name_with_type": "Xã Đức Chính",
        "path": "Đức Chính, Đức Linh, Bình Thuận",
        "path_with_type": "Xã Đức Chính, Huyện Đức Linh, Tỉnh Bình Thuận",
        "code": "23209",
        "parent_code": "600"
    },
    "23212": {
        "name": "Đức Hạnh",
        "type": "xa",
        "slug": "duc-hanh",
        "name_with_type": "Xã Đức Hạnh",
        "path": "Đức Hạnh, Đức Linh, Bình Thuận",
        "path_with_type": "Xã Đức Hạnh, Huyện Đức Linh, Tỉnh Bình Thuận",
        "code": "23212",
        "parent_code": "600"
    },
    "23215": {
        "name": "Đức Tín",
        "type": "xa",
        "slug": "duc-tin",
        "name_with_type": "Xã Đức Tín",
        "path": "Đức Tín, Đức Linh, Bình Thuận",
        "path_with_type": "Xã Đức Tín, Huyện Đức Linh, Tỉnh Bình Thuận",
        "code": "23215",
        "parent_code": "600"
    },
    "23218": {
        "name": "Vũ Hoà",
        "type": "xa",
        "slug": "vu-hoa",
        "name_with_type": "Xã Vũ Hoà",
        "path": "Vũ Hoà, Đức Linh, Bình Thuận",
        "path_with_type": "Xã Vũ Hoà, Huyện Đức Linh, Tỉnh Bình Thuận",
        "code": "23218",
        "parent_code": "600"
    },
    "23221": {
        "name": "Tân Hà",
        "type": "xa",
        "slug": "tan-ha",
        "name_with_type": "Xã Tân Hà",
        "path": "Tân Hà, Đức Linh, Bình Thuận",
        "path_with_type": "Xã Tân Hà, Huyện Đức Linh, Tỉnh Bình Thuận",
        "code": "23221",
        "parent_code": "600"
    },
    "23224": {
        "name": "Đông Hà",
        "type": "xa",
        "slug": "dong-ha",
        "name_with_type": "Xã Đông Hà",
        "path": "Đông Hà, Đức Linh, Bình Thuận",
        "path_with_type": "Xã Đông Hà, Huyện Đức Linh, Tỉnh Bình Thuận",
        "code": "23224",
        "parent_code": "600"
    },
    "23227": {
        "name": "Trà Tân",
        "type": "xa",
        "slug": "tra-tan",
        "name_with_type": "Xã Trà Tân",
        "path": "Trà Tân, Đức Linh, Bình Thuận",
        "path_with_type": "Xã Trà Tân, Huyện Đức Linh, Tỉnh Bình Thuận",
        "code": "23227",
        "parent_code": "600"
    }
}