{
    "23230": {
        "name": "Tân Minh",
        "type": "thi-tran",
        "slug": "tan-minh",
        "name_with_type": "Thị trấn Tân Minh",
        "path": "Tân Minh, Hàm Tân, Bình Thuận",
        "path_with_type": "Thị trấn Tân Minh, Huyện Hàm Tân, Tỉnh Bình Thuận",
        "code": "23230",
        "parent_code": "601"
    },
    "23236": {
        "name": "Tân Nghĩa",
        "type": "thi-tran",
        "slug": "tan-nghia",
        "name_with_type": "Thị trấn Tân Nghĩa",
        "path": "Tân Nghĩa, Hàm Tân, Bình Thuận",
        "path_with_type": "Thị trấn Tân Nghĩa, Huyện Hàm Tân, Tỉnh Bình Thuận",
        "code": "23236",
        "parent_code": "601"
    },
    "23239": {
        "name": "Sông Phan",
        "type": "xa",
        "slug": "song-phan",
        "name_with_type": "Xã Sông Phan",
        "path": "Sông Phan, Hàm Tân, Bình Thuận",
        "path_with_type": "Xã Sông Phan, Huyện Hàm Tân, Tỉnh Bình Thuận",
        "code": "23239",
        "parent_code": "601"
    },
    "23242": {
        "name": "Tân Phúc",
        "type": "xa",
        "slug": "tan-phuc",
        "name_with_type": "Xã Tân Phúc",
        "path": "Tân Phúc, Hàm Tân, Bình Thuận",
        "path_with_type": "Xã Tân Phúc, Huyện Hàm Tân, Tỉnh Bình Thuận",
        "code": "23242",
        "parent_code": "601"
    },
    "23251": {
        "name": "Tân Đức",
        "type": "xa",
        "slug": "tan-duc",
        "name_with_type": "Xã Tân Đức",
        "path": "Tân Đức, Hàm Tân, Bình Thuận",
        "path_with_type": "Xã Tân Đức, Huyện Hàm Tân, Tỉnh Bình Thuận",
        "code": "23251",
        "parent_code": "601"
    },
    "23254": {
        "name": "Tân Thắng",
        "type": "xa",
        "slug": "tan-thang",
        "name_with_type": "Xã Tân Thắng",
        "path": "Tân Thắng, Hàm Tân, Bình Thuận",
        "path_with_type": "Xã Tân Thắng, Huyện Hàm Tân, Tỉnh Bình Thuận",
        "code": "23254",
        "parent_code": "601"
    },
    "23255": {
        "name": "Thắng Hải",
        "type": "xa",
        "slug": "thang-hai",
        "name_with_type": "Xã Thắng Hải",
        "path": "Thắng Hải, Hàm Tân, Bình Thuận",
        "path_with_type": "Xã Thắng Hải, Huyện Hàm Tân, Tỉnh Bình Thuận",
        "code": "23255",
        "parent_code": "601"
    },
    "23257": {
        "name": "Tân Hà",
        "type": "xa",
        "slug": "tan-ha",
        "name_with_type": "Xã Tân Hà",
        "path": "Tân Hà, Hàm Tân, Bình Thuận",
        "path_with_type": "Xã Tân Hà, Huyện Hàm Tân, Tỉnh Bình Thuận",
        "code": "23257",
        "parent_code": "601"
    },
    "23260": {
        "name": "Tân Xuân",
        "type": "xa",
        "slug": "tan-xuan",
        "name_with_type": "Xã Tân Xuân",
        "path": "Tân Xuân, Hàm Tân, Bình Thuận",
        "path_with_type": "Xã Tân Xuân, Huyện Hàm Tân, Tỉnh Bình Thuận",
        "code": "23260",
        "parent_code": "601"
    },
    "23266": {
        "name": "Sơn Mỹ",
        "type": "xa",
        "slug": "son-my",
        "name_with_type": "Xã Sơn Mỹ",
        "path": "Sơn Mỹ, Hàm Tân, Bình Thuận",
        "path_with_type": "Xã Sơn Mỹ, Huyện Hàm Tân, Tỉnh Bình Thuận",
        "code": "23266",
        "parent_code": "601"
    }
}