{
    "23272": {
        "name": "Ngũ Phụng",
        "type": "xa",
        "slug": "ngu-phung",
        "name_with_type": "Xã Ngũ Phụng",
        "path": "Ngũ Phụng, Phú Quí, Bình Thuận",
        "path_with_type": "Xã Ngũ Phụng, Huyện Phú Quí, Tỉnh Bình Thuận",
        "code": "23272",
        "parent_code": "602"
    },
    "23275": {
        "name": "Long Hải",
        "type": "xa",
        "slug": "long-hai",
        "name_with_type": "Xã Long Hải",
        "path": "Long Hải, Phú Quí, Bình Thuận",
        "path_with_type": "Xã Long Hải, Huyện Phú Quí, Tỉnh Bình Thuận",
        "code": "23275",
        "parent_code": "602"
    },
    "23278": {
        "name": "Tam Thanh",
        "type": "xa",
        "slug": "tam-thanh",
        "name_with_type": "Xã Tam Thanh",
        "path": "Tam Thanh, Phú Quí, Bình Thuận",
        "path_with_type": "Xã Tam Thanh, Huyện Phú Quí, Tỉnh Bình Thuận",
        "code": "23278",
        "parent_code": "602"
    }
}