{
    "23401": {
        "name": "Đắk Tô",
        "type": "thi-tran",
        "slug": "dak-to",
        "name_with_type": "Thị trấn Đắk Tô",
        "path": "Đắk Tô, Đắk Tô, Kon Tum",
        "path_with_type": "Thị trấn Đắk Tô, Huyện Đắk Tô, Tỉnh Kon Tum",
        "code": "23401",
        "parent_code": "612"
    },
    "23427": {
        "name": "Đắk Rơ Nga",
        "type": "xa",
        "slug": "dak-ro-nga",
        "name_with_type": "Xã Đắk Rơ Nga",
        "path": "Đắk Rơ Nga, Đắk Tô, Kon Tum",
        "path_with_type": "Xã Đắk Rơ Nga, Huyện Đắk Tô, Tỉnh Kon Tum",
        "code": "23427",
        "parent_code": "612"
    },
    "23428": {
        "name": "Ngọk Tụ",
        "type": "xa",
        "slug": "ngok-tu",
        "name_with_type": "Xã Ngọk Tụ",
        "path": "Ngọk Tụ, Đắk Tô, Kon Tum",
        "path_with_type": "Xã Ngọk Tụ, Huyện Đắk Tô, Tỉnh Kon Tum",
        "code": "23428",
        "parent_code": "612"
    },
    "23430": {
        "name": "Đắk Trăm",
        "type": "xa",
        "slug": "dak-tram",
        "name_with_type": "Xã Đắk Trăm",
        "path": "Đắk Trăm, Đắk Tô, Kon Tum",
        "path_with_type": "Xã Đắk Trăm, Huyện Đắk Tô, Tỉnh Kon Tum",
        "code": "23430",
        "parent_code": "612"
    },
    "23431": {
        "name": "Văn Lem",
        "type": "xa",
        "slug": "van-lem",
        "name_with_type": "Xã Văn Lem",
        "path": "Văn Lem, Đắk Tô, Kon Tum",
        "path_with_type": "Xã Văn Lem, Huyện Đắk Tô, Tỉnh Kon Tum",
        "code": "23431",
        "parent_code": "612"
    },
    "23434": {
        "name": "Kon Đào",
        "type": "xa",
        "slug": "kon-dao",
        "name_with_type": "Xã Kon Đào",
        "path": "Kon Đào, Đắk Tô, Kon Tum",
        "path_with_type": "Xã Kon Đào, Huyện Đắk Tô, Tỉnh Kon Tum",
        "code": "23434",
        "parent_code": "612"
    },
    "23437": {
        "name": "Tân Cảnh",
        "type": "xa",
        "slug": "tan-canh",
        "name_with_type": "Xã Tân Cảnh",
        "path": "Tân Cảnh, Đắk Tô, Kon Tum",
        "path_with_type": "Xã Tân Cảnh, Huyện Đắk Tô, Tỉnh Kon Tum",
        "code": "23437",
        "parent_code": "612"
    },
    "23440": {
        "name": "Diên Bình",
        "type": "xa",
        "slug": "dien-binh",
        "name_with_type": "Xã Diên Bình",
        "path": "Diên Bình, Đắk Tô, Kon Tum",
        "path_with_type": "Xã Diên Bình, Huyện Đắk Tô, Tỉnh Kon Tum",
        "code": "23440",
        "parent_code": "612"
    },
    "23443": {
        "name": "Pô Kô",
        "type": "xa",
        "slug": "po-ko",
        "name_with_type": "Xã Pô Kô",
        "path": "Pô Kô, Đắk Tô, Kon Tum",
        "path_with_type": "Xã Pô Kô, Huyện Đắk Tô, Tỉnh Kon Tum",
        "code": "23443",
        "parent_code": "612"
    }
}