{
    "23452": {
        "name": "Đắk Nên",
        "type": "xa",
        "slug": "dak-nen",
        "name_with_type": "Xã Đắk Nên",
        "path": "Đắk Nên, Kon Plông, Kon Tum",
        "path_with_type": "Xã Đắk Nên, Huyện Kon Plông, Tỉnh Kon Tum",
        "code": "23452",
        "parent_code": "613"
    },
    "23455": {
        "name": "Đắk Ring",
        "type": "xa",
        "slug": "dak-ring",
        "name_with_type": "Xã Đắk Ring",
        "path": "Đắk Ring, Kon Plông, Kon Tum",
        "path_with_type": "Xã Đắk Ring, Huyện Kon Plông, Tỉnh Kon Tum",
        "code": "23455",
        "parent_code": "613"
    },
    "23458": {
        "name": "Măng Buk",
        "type": "xa",
        "slug": "mang-buk",
        "name_with_type": "Xã Măng Buk",
        "path": "Măng Buk, Kon Plông, Kon Tum",
        "path_with_type": "Xã Măng Buk, Huyện Kon Plông, Tỉnh Kon Tum",
        "code": "23458",
        "parent_code": "613"
    },
    "23461": {
        "name": "Đắk Tăng",
        "type": "xa",
        "slug": "dak-tang",
        "name_with_type": "Xã Đắk Tăng",
        "path": "Đắk Tăng, Kon Plông, Kon Tum",
        "path_with_type": "Xã Đắk Tăng, Huyện Kon Plông, Tỉnh Kon Tum",
        "code": "23461",
        "parent_code": "613"
    },
    "23464": {
        "name": "Ngok Tem",
        "type": "xa",
        "slug": "ngok-tem",
        "name_with_type": "Xã Ngok Tem",
        "path": "Ngok Tem, Kon Plông, Kon Tum",
        "path_with_type": "Xã Ngok Tem, Huyện Kon Plông, Tỉnh Kon Tum",
        "code": "23464",
        "parent_code": "613"
    },
    "23467": {
        "name": "Pờ Ê",
        "type": "xa",
        "slug": "po-e",
        "name_with_type": "Xã Pờ Ê",
        "path": "Pờ Ê, Kon Plông, Kon Tum",
        "path_with_type": "Xã Pờ Ê, Huyện Kon Plông, Tỉnh Kon Tum",
        "code": "23467",
        "parent_code": "613"
    },
    "23470": {
        "name": "Măng Cành",
        "type": "xa",
        "slug": "mang-canh",
        "name_with_type": "Xã Măng Cành",
        "path": "Măng Cành, Kon Plông, Kon Tum",
        "path_with_type": "Xã Măng Cành, Huyện Kon Plông, Tỉnh Kon Tum",
        "code": "23470",
        "parent_code": "613"
    },
    "23473": {
        "name": "Đắk Long",
        "type": "xa",
        "slug": "dak-long",
        "name_with_type": "Xã Đắk Long",
        "path": "Đắk Long, Kon Plông, Kon Tum",
        "path_with_type": "Xã Đắk Long, Huyện Kon Plông, Tỉnh Kon Tum",
        "code": "23473",
        "parent_code": "613"
    },
    "23476": {
        "name": "Hiếu",
        "type": "xa",
        "slug": "hieu",
        "name_with_type": "Xã Hiếu",
        "path": "Hiếu, Kon Plông, Kon Tum",
        "path_with_type": "Xã Hiếu, Huyện Kon Plông, Tỉnh Kon Tum",
        "code": "23476",
        "parent_code": "613"
    }
}