{
    "23557": {
        "name": "Yên Đỗ",
        "type": "phuong",
        "slug": "yen-do",
        "name_with_type": "Phường Yên Đỗ",
        "path": "Yên Đỗ, Pleiku, Gia Lai",
        "path_with_type": "Phường Yên Đỗ, Thành phố Pleiku, Tỉnh Gia Lai",
        "code": "23557",
        "parent_code": "622"
    },
    "23560": {
        "name": "Diên Hồng",
        "type": "phuong",
        "slug": "dien-hong",
        "name_with_type": "Phường Diên Hồng",
        "path": "Diên Hồng, Pleiku, Gia Lai",
        "path_with_type": "Phường Diên Hồng, Thành phố Pleiku, Tỉnh Gia Lai",
        "code": "23560",
        "parent_code": "622"
    },
    "23563": {
        "name": "Ia Kring",
        "type": "phuong",
        "slug": "ia-kring",
        "name_with_type": "Phường Ia Kring",
        "path": "Ia Kring, Pleiku, Gia Lai",
        "path_with_type": "Phường Ia Kring, Thành phố Pleiku, Tỉnh Gia Lai",
        "code": "23563",
        "parent_code": "622"
    },
    "23566": {
        "name": "Hội Thương",
        "type": "phuong",
        "slug": "hoi-thuong",
        "name_with_type": "Phường Hội Thương",
        "path": "Hội Thương, Pleiku, Gia Lai",
        "path_with_type": "Phường Hội Thương, Thành phố Pleiku, Tỉnh Gia Lai",
        "code": "23566",
        "parent_code": "622"
    },
    "23569": {
        "name": "Hội Phú",
        "type": "phuong",
        "slug": "hoi-phu",
        "name_with_type": "Phường Hội Phú",
        "path": "Hội Phú, Pleiku, Gia Lai",
        "path_with_type": "Phường Hội Phú, Thành phố Pleiku, Tỉnh Gia Lai",
        "code": "23569",
        "parent_code": "622"
    },
    "23570": {
        "name": "Phù Đổng",
        "type": "phuong",
        "slug": "phu-dong",
        "name_with_type": "Phường Phù Đổng",
        "path": "Phù Đổng, Pleiku, Gia Lai",
        "path_with_type": "Phường Phù Đổng, Thành phố Pleiku, Tỉnh Gia Lai",
        "code": "23570",
        "parent_code": "622"
    },
    "23572": {
        "name": "Hoa Lư",
        "type": "phuong",
        "slug": "hoa-lu",
        "name_with_type": "Phường Hoa Lư",
        "path": "Hoa Lư, Pleiku, Gia Lai",
        "path_with_type": "Phường Hoa Lư, Thành phố Pleiku, Tỉnh Gia Lai",
        "code": "23572",
        "parent_code": "622"
    },
    "23575": {
        "name": "Tây Sơn",
        "type": "phuong",
        "slug": "tay-son",
        "name_with_type": "Phường Tây Sơn",
        "path": "Tây Sơn, Pleiku, Gia Lai",
        "path_with_type": "Phường Tây Sơn, Thành phố Pleiku, Tỉnh Gia Lai",
        "code": "23575",
        "parent_code": "622"
    },
    "23578": {
        "name": "Thống Nhất",
        "type": "phuong",
        "slug": "thong-nhat",
        "name_with_type": "Phường Thống Nhất",
        "path": "Thống Nhất, Pleiku, Gia Lai",
        "path_with_type": "Phường Thống Nhất, Thành phố Pleiku, Tỉnh Gia Lai",
        "code": "23578",
        "parent_code": "622"
    },
    "23579": {
        "name": "Đống Đa",
        "type": "phuong",
        "slug": "dong-da",
        "name_with_type": "Phường Đống Đa",
        "path": "Đống Đa, Pleiku, Gia Lai",
        "path_with_type": "Phường Đống Đa, Thành phố Pleiku, Tỉnh Gia Lai",
        "code": "23579",
        "parent_code": "622"
    },
    "23581": {
        "name": "Trà Bá",
        "type": "phuong",
        "slug": "tra-ba",
        "name_with_type": "Phường Trà Bá",
        "path": "Trà Bá, Pleiku, Gia Lai",
        "path_with_type": "Phường Trà Bá, Thành phố Pleiku, Tỉnh Gia Lai",
        "code": "23581",
        "parent_code": "622"
    },
    "23582": {
        "name": "Thắng Lợi",
        "type": "phuong",
        "slug": "thang-loi",
        "name_with_type": "Phường Thắng Lợi",
        "path": "Thắng Lợi, Pleiku, Gia Lai",
        "path_with_type": "Phường Thắng Lợi, Thành phố Pleiku, Tỉnh Gia Lai",
        "code": "23582",
        "parent_code": "622"
    },
    "23584": {
        "name": "Yên Thế",
        "type": "phuong",
        "slug": "yen-the",
        "name_with_type": "Phường Yên Thế",
        "path": "Yên Thế, Pleiku, Gia Lai",
        "path_with_type": "Phường Yên Thế, Thành phố Pleiku, Tỉnh Gia Lai",
        "code": "23584",
        "parent_code": "622"
    },
    "23586": {
        "name": "Chi Lăng",
        "type": "phuong",
        "slug": "chi-lang",
        "name_with_type": "Phường Chi Lăng",
        "path": "Chi Lăng, Pleiku, Gia Lai",
        "path_with_type": "Phường Chi Lăng, Thành phố Pleiku, Tỉnh Gia Lai",
        "code": "23586",
        "parent_code": "622"
    },
    "23587": {
        "name": "Chư HDrông",
        "type": "xa",
        "slug": "chu-hdrong",
        "name_with_type": "Xã Chư HDrông",
        "path": "Chư HDrông, Pleiku, Gia Lai",
        "path_with_type": "Xã Chư HDrông, Thành phố Pleiku, Tỉnh Gia Lai",
        "code": "23587",
        "parent_code": "622"
    },
    "23590": {
        "name": "Biển Hồ",
        "type": "xa",
        "slug": "bien-ho",
        "name_with_type": "Xã Biển Hồ",
        "path": "Biển Hồ, Pleiku, Gia Lai",
        "path_with_type": "Xã Biển Hồ, Thành phố Pleiku, Tỉnh Gia Lai",
        "code": "23590",
        "parent_code": "622"
    },
    "23593": {
        "name": "Tân Sơn",
        "type": "xa",
        "slug": "tan-son",
        "name_with_type": "Xã Tân Sơn",
        "path": "Tân Sơn, Pleiku, Gia Lai",
        "path_with_type": "Xã Tân Sơn, Thành phố Pleiku, Tỉnh Gia Lai",
        "code": "23593",
        "parent_code": "622"
    },
    "23596": {
        "name": "Trà Đa",
        "type": "xa",
        "slug": "tra-da",
        "name_with_type": "Xã Trà Đa",
        "path": "Trà Đa, Pleiku, Gia Lai",
        "path_with_type": "Xã Trà Đa, Thành phố Pleiku, Tỉnh Gia Lai",
        "code": "23596",
        "parent_code": "622"
    },
    "23599": {
        "name": "Chư Á",
        "type": "xa",
        "slug": "chu-a",
        "name_with_type": "Xã Chư Á",
        "path": "Chư Á, Pleiku, Gia Lai",
        "path_with_type": "Xã Chư Á, Thành phố Pleiku, Tỉnh Gia Lai",
        "code": "23599",
        "parent_code": "622"
    },
    "23602": {
        "name": "An Phú",
        "type": "xa",
        "slug": "an-phu",
        "name_with_type": "Xã An Phú",
        "path": "An Phú, Pleiku, Gia Lai",
        "path_with_type": "Xã An Phú, Thành phố Pleiku, Tỉnh Gia Lai",
        "code": "23602",
        "parent_code": "622"
    },
    "23605": {
        "name": "Diên Phú",
        "type": "xa",
        "slug": "dien-phu",
        "name_with_type": "Xã Diên Phú",
        "path": "Diên Phú, Pleiku, Gia Lai",
        "path_with_type": "Xã Diên Phú, Thành phố Pleiku, Tỉnh Gia Lai",
        "code": "23605",
        "parent_code": "622"
    },
    "23608": {
        "name": "Ia Kênh",
        "type": "xa",
        "slug": "ia-kenh",
        "name_with_type": "Xã Ia Kênh",
        "path": "Ia Kênh, Pleiku, Gia Lai",
        "path_with_type": "Xã Ia Kênh, Thành phố Pleiku, Tỉnh Gia Lai",
        "code": "23608",
        "parent_code": "622"
    },
    "23611": {
        "name": "Gào",
        "type": "xa",
        "slug": "gao",
        "name_with_type": "Xã Gào",
        "path": "Gào, Pleiku, Gia Lai",
        "path_with_type": "Xã Gào, Thành phố Pleiku, Tỉnh Gia Lai",
        "code": "23611",
        "parent_code": "622"
    }
}