{
    "23614": {
        "name": "An Bình",
        "type": "phuong",
        "slug": "an-binh",
        "name_with_type": "Phường An Bình",
        "path": "An Bình, An Khê, Gia Lai",
        "path_with_type": "Phường An Bình, Thị xã An Khê, Tỉnh Gia Lai",
        "code": "23614",
        "parent_code": "623"
    },
    "23617": {
        "name": "Tây Sơn",
        "type": "phuong",
        "slug": "tay-son",
        "name_with_type": "Phường Tây Sơn",
        "path": "Tây Sơn, An Khê, Gia Lai",
        "path_with_type": "Phường Tây Sơn, Thị xã An Khê, Tỉnh Gia Lai",
        "code": "23617",
        "parent_code": "623"
    },
    "23620": {
        "name": "An Phú",
        "type": "phuong",
        "slug": "an-phu",
        "name_with_type": "Phường An Phú",
        "path": "An Phú, An Khê, Gia Lai",
        "path_with_type": "Phường An Phú, Thị xã An Khê, Tỉnh Gia Lai",
        "code": "23620",
        "parent_code": "623"
    },
    "23623": {
        "name": "An Tân",
        "type": "phuong",
        "slug": "an-tan",
        "name_with_type": "Phường An Tân",
        "path": "An Tân, An Khê, Gia Lai",
        "path_with_type": "Phường An Tân, Thị xã An Khê, Tỉnh Gia Lai",
        "code": "23623",
        "parent_code": "623"
    },
    "23626": {
        "name": "Tú An",
        "type": "xa",
        "slug": "tu-an",
        "name_with_type": "Xã Tú An",
        "path": "Tú An, An Khê, Gia Lai",
        "path_with_type": "Xã Tú An, Thị xã An Khê, Tỉnh Gia Lai",
        "code": "23626",
        "parent_code": "623"
    },
    "23627": {
        "name": "Xuân An",
        "type": "xa",
        "slug": "xuan-an",
        "name_with_type": "Xã Xuân An",
        "path": "Xuân An, An Khê, Gia Lai",
        "path_with_type": "Xã Xuân An, Thị xã An Khê, Tỉnh Gia Lai",
        "code": "23627",
        "parent_code": "623"
    },
    "23629": {
        "name": "Cửu An",
        "type": "xa",
        "slug": "cuu-an",
        "name_with_type": "Xã Cửu An",
        "path": "Cửu An, An Khê, Gia Lai",
        "path_with_type": "Xã Cửu An, Thị xã An Khê, Tỉnh Gia Lai",
        "code": "23629",
        "parent_code": "623"
    },
    "23630": {
        "name": "An Phước",
        "type": "phuong",
        "slug": "an-phuoc",
        "name_with_type": "Phường An Phước",
        "path": "An Phước, An Khê, Gia Lai",
        "path_with_type": "Phường An Phước, Thị xã An Khê, Tỉnh Gia Lai",
        "code": "23630",
        "parent_code": "623"
    },
    "23632": {
        "name": "Song An",
        "type": "xa",
        "slug": "song-an",
        "name_with_type": "Xã Song An",
        "path": "Song An, An Khê, Gia Lai",
        "path_with_type": "Xã Song An, Thị xã An Khê, Tỉnh Gia Lai",
        "code": "23632",
        "parent_code": "623"
    },
    "23633": {
        "name": "Ngô Mây",
        "type": "phuong",
        "slug": "ngo-may",
        "name_with_type": "Phường Ngô Mây",
        "path": "Ngô Mây, An Khê, Gia Lai",
        "path_with_type": "Phường Ngô Mây, Thị xã An Khê, Tỉnh Gia Lai",
        "code": "23633",
        "parent_code": "623"
    },
    "23635": {
        "name": "Thành An",
        "type": "xa",
        "slug": "thanh-an",
        "name_with_type": "Xã Thành An",
        "path": "Thành An, An Khê, Gia Lai",
        "path_with_type": "Xã Thành An, Thị xã An Khê, Tỉnh Gia Lai",
        "code": "23635",
        "parent_code": "623"
    }
}