{
    "23764": {
        "name": "Ia Kha",
        "type": "thi-tran",
        "slug": "ia-kha",
        "name_with_type": "Thị trấn Ia Kha",
        "path": "Ia Kha, Ia Grai, Gia Lai",
        "path_with_type": "Thị trấn Ia Kha, Huyện Ia Grai, Tỉnh Gia Lai",
        "code": "23764",
        "parent_code": "628"
    },
    "23767": {
        "name": "Ia Sao",
        "type": "xa",
        "slug": "ia-sao",
        "name_with_type": "Xã Ia Sao",
        "path": "Ia Sao, Ia Grai, Gia Lai",
        "path_with_type": "Xã Ia Sao, Huyện Ia Grai, Tỉnh Gia Lai",
        "code": "23767",
        "parent_code": "628"
    },
    "23768": {
        "name": "Ia Yok",
        "type": "xa",
        "slug": "ia-yok",
        "name_with_type": "Xã Ia Yok",
        "path": "Ia Yok, Ia Grai, Gia Lai",
        "path_with_type": "Xã Ia Yok, Huyện Ia Grai, Tỉnh Gia Lai",
        "code": "23768",
        "parent_code": "628"
    },
    "23770": {
        "name": "Ia Hrung",
        "type": "xa",
        "slug": "ia-hrung",
        "name_with_type": "Xã Ia Hrung",
        "path": "Ia Hrung, Ia Grai, Gia Lai",
        "path_with_type": "Xã Ia Hrung, Huyện Ia Grai, Tỉnh Gia Lai",
        "code": "23770",
        "parent_code": "628"
    },
    "23771": {
        "name": "Ia Bă",
        "type": "xa",
        "slug": "ia-ba",
        "name_with_type": "Xã Ia Bă",
        "path": "Ia Bă, Ia Grai, Gia Lai",
        "path_with_type": "Xã Ia Bă, Huyện Ia Grai, Tỉnh Gia Lai",
        "code": "23771",
        "parent_code": "628"
    },
    "23773": {
        "name": "Ia Khai",
        "type": "xa",
        "slug": "ia-khai",
        "name_with_type": "Xã Ia Khai",
        "path": "Ia Khai, Ia Grai, Gia Lai",
        "path_with_type": "Xã Ia Khai, Huyện Ia Grai, Tỉnh Gia Lai",
        "code": "23773",
        "parent_code": "628"
    },
    "23776": {
        "name": "Ia KRai",
        "type": "xa",
        "slug": "ia-krai",
        "name_with_type": "Xã Ia KRai",
        "path": "Ia KRai, Ia Grai, Gia Lai",
        "path_with_type": "Xã Ia KRai, Huyện Ia Grai, Tỉnh Gia Lai",
        "code": "23776",
        "parent_code": "628"
    },
    "23778": {
        "name": "Ia Grăng",
        "type": "xa",
        "slug": "ia-grang",
        "name_with_type": "Xã Ia Grăng",
        "path": "Ia Grăng, Ia Grai, Gia Lai",
        "path_with_type": "Xã Ia Grăng, Huyện Ia Grai, Tỉnh Gia Lai",
        "code": "23778",
        "parent_code": "628"
    },
    "23779": {
        "name": "Ia Tô",
        "type": "xa",
        "slug": "ia-to",
        "name_with_type": "Xã Ia Tô",
        "path": "Ia Tô, Ia Grai, Gia Lai",
        "path_with_type": "Xã Ia Tô, Huyện Ia Grai, Tỉnh Gia Lai",
        "code": "23779",
        "parent_code": "628"
    },
    "23782": {
        "name": "Ia O",
        "type": "xa",
        "slug": "ia-o",
        "name_with_type": "Xã Ia O",
        "path": "Ia O, Ia Grai, Gia Lai",
        "path_with_type": "Xã Ia O, Huyện Ia Grai, Tỉnh Gia Lai",
        "code": "23782",
        "parent_code": "628"
    },
    "23785": {
        "name": "Ia Dêr",
        "type": "xa",
        "slug": "ia-der",
        "name_with_type": "Xã Ia Dêr",
        "path": "Ia Dêr, Ia Grai, Gia Lai",
        "path_with_type": "Xã Ia Dêr, Huyện Ia Grai, Tỉnh Gia Lai",
        "code": "23785",
        "parent_code": "628"
    },
    "23788": {
        "name": "Ia Chia",
        "type": "xa",
        "slug": "ia-chia",
        "name_with_type": "Xã Ia Chia",
        "path": "Ia Chia, Ia Grai, Gia Lai",
        "path_with_type": "Xã Ia Chia, Huyện Ia Grai, Tỉnh Gia Lai",
        "code": "23788",
        "parent_code": "628"
    },
    "23791": {
        "name": "Ia Pếch",
        "type": "xa",
        "slug": "ia-pech",
        "name_with_type": "Xã Ia Pếch",
        "path": "Ia Pếch, Ia Grai, Gia Lai",
        "path_with_type": "Xã Ia Pếch, Huyện Ia Grai, Tỉnh Gia Lai",
        "code": "23791",
        "parent_code": "628"
    }
}