{
    "23794": {
        "name": "Kon Dơng",
        "type": "thi-tran",
        "slug": "kon-dong",
        "name_with_type": "Thị trấn Kon Dơng",
        "path": "Kon Dơng, Mang Yang, Gia Lai",
        "path_with_type": "Thị trấn Kon Dơng, Huyện Mang Yang, Tỉnh Gia Lai",
        "code": "23794",
        "parent_code": "629"
    },
    "23797": {
        "name": "Ayun",
        "type": "xa",
        "slug": "ayun",
        "name_with_type": "Xã Ayun",
        "path": "Ayun, Mang Yang, Gia Lai",
        "path_with_type": "Xã Ayun, Huyện Mang Yang, Tỉnh Gia Lai",
        "code": "23797",
        "parent_code": "629"
    },
    "23798": {
        "name": "Đak Jơ Ta",
        "type": "xa",
        "slug": "dak-jo-ta",
        "name_with_type": "Xã Đak Jơ Ta",
        "path": "Đak Jơ Ta, Mang Yang, Gia Lai",
        "path_with_type": "Xã Đak Jơ Ta, Huyện Mang Yang, Tỉnh Gia Lai",
        "code": "23798",
        "parent_code": "629"
    },
    "23799": {
        "name": "Đak Ta Ley",
        "type": "xa",
        "slug": "dak-ta-ley",
        "name_with_type": "Xã Đak Ta Ley",
        "path": "Đak Ta Ley, Mang Yang, Gia Lai",
        "path_with_type": "Xã Đak Ta Ley, Huyện Mang Yang, Tỉnh Gia Lai",
        "code": "23799",
        "parent_code": "629"
    },
    "23800": {
        "name": "Hà Ra",
        "type": "xa",
        "slug": "ha-ra",
        "name_with_type": "Xã Hà Ra",
        "path": "Hà Ra, Mang Yang, Gia Lai",
        "path_with_type": "Xã Hà Ra, Huyện Mang Yang, Tỉnh Gia Lai",
        "code": "23800",
        "parent_code": "629"
    },
    "23803": {
        "name": "Đăk Yă",
        "type": "xa",
        "slug": "dak-ya",
        "name_with_type": "Xã Đăk Yă",
        "path": "Đăk Yă, Mang Yang, Gia Lai",
        "path_with_type": "Xã Đăk Yă, Huyện Mang Yang, Tỉnh Gia Lai",
        "code": "23803",
        "parent_code": "629"
    },
    "23806": {
        "name": "Đăk Djrăng",
        "type": "xa",
        "slug": "dak-djrang",
        "name_with_type": "Xã Đăk Djrăng",
        "path": "Đăk Djrăng, Mang Yang, Gia Lai",
        "path_with_type": "Xã Đăk Djrăng, Huyện Mang Yang, Tỉnh Gia Lai",
        "code": "23806",
        "parent_code": "629"
    },
    "23809": {
        "name": "Lơ Pang",
        "type": "xa",
        "slug": "lo-pang",
        "name_with_type": "Xã Lơ Pang",
        "path": "Lơ Pang, Mang Yang, Gia Lai",
        "path_with_type": "Xã Lơ Pang, Huyện Mang Yang, Tỉnh Gia Lai",
        "code": "23809",
        "parent_code": "629"
    },
    "23812": {
        "name": "Kon Thụp",
        "type": "xa",
        "slug": "kon-thup",
        "name_with_type": "Xã Kon Thụp",
        "path": "Kon Thụp, Mang Yang, Gia Lai",
        "path_with_type": "Xã Kon Thụp, Huyện Mang Yang, Tỉnh Gia Lai",
        "code": "23812",
        "parent_code": "629"
    },
    "23815": {
        "name": "Đê Ar",
        "type": "xa",
        "slug": "de-ar",
        "name_with_type": "Xã Đê Ar",
        "path": "Đê Ar, Mang Yang, Gia Lai",
        "path_with_type": "Xã Đê Ar, Huyện Mang Yang, Tỉnh Gia Lai",
        "code": "23815",
        "parent_code": "629"
    },
    "23818": {
        "name": "Kon Chiêng",
        "type": "xa",
        "slug": "kon-chieng",
        "name_with_type": "Xã Kon Chiêng",
        "path": "Kon Chiêng, Mang Yang, Gia Lai",
        "path_with_type": "Xã Kon Chiêng, Huyện Mang Yang, Tỉnh Gia Lai",
        "code": "23818",
        "parent_code": "629"
    },
    "23821": {
        "name": "Đăk Trôi",
        "type": "xa",
        "slug": "dak-troi",
        "name_with_type": "Xã Đăk Trôi",
        "path": "Đăk Trôi, Mang Yang, Gia Lai",
        "path_with_type": "Xã Đăk Trôi, Huyện Mang Yang, Tỉnh Gia Lai",
        "code": "23821",
        "parent_code": "629"
    }
}