{
    "23824": {
        "name": "Kông Chro",
        "type": "thi-tran",
        "slug": "kong-chro",
        "name_with_type": "Thị trấn Kông Chro",
        "path": "Kông Chro, Kông Chro, Gia Lai",
        "path_with_type": "Thị trấn Kông Chro, Huyện Kông Chro, Tỉnh Gia Lai",
        "code": "23824",
        "parent_code": "630"
    },
    "23827": {
        "name": "Chư Krêy",
        "type": "xa",
        "slug": "chu-krey",
        "name_with_type": "Xã Chư Krêy",
        "path": "Chư Krêy, Kông Chro, Gia Lai",
        "path_with_type": "Xã Chư Krêy, Huyện Kông Chro, Tỉnh Gia Lai",
        "code": "23827",
        "parent_code": "630"
    },
    "23830": {
        "name": "An Trung",
        "type": "xa",
        "slug": "an-trung",
        "name_with_type": "Xã An Trung",
        "path": "An Trung, Kông Chro, Gia Lai",
        "path_with_type": "Xã An Trung, Huyện Kông Chro, Tỉnh Gia Lai",
        "code": "23830",
        "parent_code": "630"
    },
    "23833": {
        "name": "Kông Yang",
        "type": "xa",
        "slug": "kong-yang",
        "name_with_type": "Xã Kông Yang",
        "path": "Kông Yang, Kông Chro, Gia Lai",
        "path_with_type": "Xã Kông Yang, Huyện Kông Chro, Tỉnh Gia Lai",
        "code": "23833",
        "parent_code": "630"
    },
    "23836": {
        "name": "Đăk Tơ Pang",
        "type": "xa",
        "slug": "dak-to-pang",
        "name_with_type": "Xã Đăk Tơ Pang",
        "path": "Đăk Tơ Pang, Kông Chro, Gia Lai",
        "path_with_type": "Xã Đăk Tơ Pang, Huyện Kông Chro, Tỉnh Gia Lai",
        "code": "23836",
        "parent_code": "630"
    },
    "23839": {
        "name": "SRó",
        "type": "xa",
        "slug": "sro",
        "name_with_type": "Xã SRó",
        "path": "SRó, Kông Chro, Gia Lai",
        "path_with_type": "Xã SRó, Huyện Kông Chro, Tỉnh Gia Lai",
        "code": "23839",
        "parent_code": "630"
    },
    "23840": {
        "name": "Đắk Kơ Ning",
        "type": "xa",
        "slug": "dak-ko-ning",
        "name_with_type": "Xã Đắk Kơ Ning",
        "path": "Đắk Kơ Ning, Kông Chro, Gia Lai",
        "path_with_type": "Xã Đắk Kơ Ning, Huyện Kông Chro, Tỉnh Gia Lai",
        "code": "23840",
        "parent_code": "630"
    },
    "23842": {
        "name": "Đăk Song",
        "type": "xa",
        "slug": "dak-song",
        "name_with_type": "Xã Đăk Song",
        "path": "Đăk Song, Kông Chro, Gia Lai",
        "path_with_type": "Xã Đăk Song, Huyện Kông Chro, Tỉnh Gia Lai",
        "code": "23842",
        "parent_code": "630"
    },
    "23843": {
        "name": "Đăk Pling",
        "type": "xa",
        "slug": "dak-pling",
        "name_with_type": "Xã Đăk Pling",
        "path": "Đăk Pling, Kông Chro, Gia Lai",
        "path_with_type": "Xã Đăk Pling, Huyện Kông Chro, Tỉnh Gia Lai",
        "code": "23843",
        "parent_code": "630"
    },
    "23845": {
        "name": "Yang Trung",
        "type": "xa",
        "slug": "yang-trung",
        "name_with_type": "Xã Yang Trung",
        "path": "Yang Trung, Kông Chro, Gia Lai",
        "path_with_type": "Xã Yang Trung, Huyện Kông Chro, Tỉnh Gia Lai",
        "code": "23845",
        "parent_code": "630"
    },
    "23846": {
        "name": "Đăk Pơ Pho",
        "type": "xa",
        "slug": "dak-po-pho",
        "name_with_type": "Xã Đăk Pơ Pho",
        "path": "Đăk Pơ Pho, Kông Chro, Gia Lai",
        "path_with_type": "Xã Đăk Pơ Pho, Huyện Kông Chro, Tỉnh Gia Lai",
        "code": "23846",
        "parent_code": "630"
    },
    "23848": {
        "name": "Ya Ma",
        "type": "xa",
        "slug": "ya-ma",
        "name_with_type": "Xã Ya Ma",
        "path": "Ya Ma, Kông Chro, Gia Lai",
        "path_with_type": "Xã Ya Ma, Huyện Kông Chro, Tỉnh Gia Lai",
        "code": "23848",
        "parent_code": "630"
    },
    "23851": {
        "name": "Chơ Long",
        "type": "xa",
        "slug": "cho-long",
        "name_with_type": "Xã Chơ Long",
        "path": "Chơ Long, Kông Chro, Gia Lai",
        "path_with_type": "Xã Chơ Long, Huyện Kông Chro, Tỉnh Gia Lai",
        "code": "23851",
        "parent_code": "630"
    },
    "23854": {
        "name": "Yang Nam",
        "type": "xa",
        "slug": "yang-nam",
        "name_with_type": "Xã Yang Nam",
        "path": "Yang Nam, Kông Chro, Gia Lai",
        "path_with_type": "Xã Yang Nam, Huyện Kông Chro, Tỉnh Gia Lai",
        "code": "23854",
        "parent_code": "630"
    }
}