{
    "23887": {
        "name": "Chư Prông",
        "type": "thi-tran",
        "slug": "chu-prong",
        "name_with_type": "Thị trấn Chư Prông",
        "path": "Chư Prông, Chư Prông, Gia Lai",
        "path_with_type": "Thị trấn Chư Prông, Huyện Chư Prông, Tỉnh Gia Lai",
        "code": "23887",
        "parent_code": "632"
    },
    "23888": {
        "name": "Ia Kly",
        "type": "xa",
        "slug": "ia-kly",
        "name_with_type": "Xã Ia Kly",
        "path": "Ia Kly, Chư Prông, Gia Lai",
        "path_with_type": "Xã Ia Kly, Huyện Chư Prông, Tỉnh Gia Lai",
        "code": "23888",
        "parent_code": "632"
    },
    "23890": {
        "name": "Bình Giáo",
        "type": "xa",
        "slug": "binh-giao",
        "name_with_type": "Xã Bình Giáo",
        "path": "Bình Giáo, Chư Prông, Gia Lai",
        "path_with_type": "Xã Bình Giáo, Huyện Chư Prông, Tỉnh Gia Lai",
        "code": "23890",
        "parent_code": "632"
    },
    "23893": {
        "name": "Ia Drăng",
        "type": "xa",
        "slug": "ia-drang",
        "name_with_type": "Xã Ia Drăng",
        "path": "Ia Drăng, Chư Prông, Gia Lai",
        "path_with_type": "Xã Ia Drăng, Huyện Chư Prông, Tỉnh Gia Lai",
        "code": "23893",
        "parent_code": "632"
    },
    "23896": {
        "name": "Thăng Hưng",
        "type": "xa",
        "slug": "thang-hung",
        "name_with_type": "Xã Thăng Hưng",
        "path": "Thăng Hưng, Chư Prông, Gia Lai",
        "path_with_type": "Xã Thăng Hưng, Huyện Chư Prông, Tỉnh Gia Lai",
        "code": "23896",
        "parent_code": "632"
    },
    "23899": {
        "name": "Bàu Cạn",
        "type": "xa",
        "slug": "bau-can",
        "name_with_type": "Xã Bàu Cạn",
        "path": "Bàu Cạn, Chư Prông, Gia Lai",
        "path_with_type": "Xã Bàu Cạn, Huyện Chư Prông, Tỉnh Gia Lai",
        "code": "23899",
        "parent_code": "632"
    },
    "23902": {
        "name": "Ia Phìn",
        "type": "xa",
        "slug": "ia-phin",
        "name_with_type": "Xã Ia Phìn",
        "path": "Ia Phìn, Chư Prông, Gia Lai",
        "path_with_type": "Xã Ia Phìn, Huyện Chư Prông, Tỉnh Gia Lai",
        "code": "23902",
        "parent_code": "632"
    },
    "23905": {
        "name": "Ia Băng",
        "type": "xa",
        "slug": "ia-bang",
        "name_with_type": "Xã Ia Băng",
        "path": "Ia Băng, Chư Prông, Gia Lai",
        "path_with_type": "Xã Ia Băng, Huyện Chư Prông, Tỉnh Gia Lai",
        "code": "23905",
        "parent_code": "632"
    },
    "23908": {
        "name": "Ia Tôr",
        "type": "xa",
        "slug": "ia-tor",
        "name_with_type": "Xã Ia Tôr",
        "path": "Ia Tôr, Chư Prông, Gia Lai",
        "path_with_type": "Xã Ia Tôr, Huyện Chư Prông, Tỉnh Gia Lai",
        "code": "23908",
        "parent_code": "632"
    },
    "23911": {
        "name": "Ia Boòng",
        "type": "xa",
        "slug": "ia-boong",
        "name_with_type": "Xã Ia Boòng",
        "path": "Ia Boòng, Chư Prông, Gia Lai",
        "path_with_type": "Xã Ia Boòng, Huyện Chư Prông, Tỉnh Gia Lai",
        "code": "23911",
        "parent_code": "632"
    },
    "23914": {
        "name": "Ia O",
        "type": "xa",
        "slug": "ia-o",
        "name_with_type": "Xã Ia O",
        "path": "Ia O, Chư Prông, Gia Lai",
        "path_with_type": "Xã Ia O, Huyện Chư Prông, Tỉnh Gia Lai",
        "code": "23914",
        "parent_code": "632"
    },
    "23917": {
        "name": "Ia Púch",
        "type": "xa",
        "slug": "ia-puch",
        "name_with_type": "Xã Ia Púch",
        "path": "Ia Púch, Chư Prông, Gia Lai",
        "path_with_type": "Xã Ia Púch, Huyện Chư Prông, Tỉnh Gia Lai",
        "code": "23917",
        "parent_code": "632"
    },
    "23920": {
        "name": "Ia Me",
        "type": "xa",
        "slug": "ia-me",
        "name_with_type": "Xã Ia Me",
        "path": "Ia Me, Chư Prông, Gia Lai",
        "path_with_type": "Xã Ia Me, Huyện Chư Prông, Tỉnh Gia Lai",
        "code": "23920",
        "parent_code": "632"
    },
    "23923": {
        "name": "Ia Vê",
        "type": "xa",
        "slug": "ia-ve",
        "name_with_type": "Xã Ia Vê",
        "path": "Ia Vê, Chư Prông, Gia Lai",
        "path_with_type": "Xã Ia Vê, Huyện Chư Prông, Tỉnh Gia Lai",
        "code": "23923",
        "parent_code": "632"
    },
    "23924": {
        "name": "Ia Bang",
        "type": "xa",
        "slug": "ia-bang",
        "name_with_type": "Xã Ia Bang",
        "path": "Ia Bang, Chư Prông, Gia Lai",
        "path_with_type": "Xã Ia Bang, Huyện Chư Prông, Tỉnh Gia Lai",
        "code": "23924",
        "parent_code": "632"
    },
    "23926": {
        "name": "Ia Pia",
        "type": "xa",
        "slug": "ia-pia",
        "name_with_type": "Xã Ia Pia",
        "path": "Ia Pia, Chư Prông, Gia Lai",
        "path_with_type": "Xã Ia Pia, Huyện Chư Prông, Tỉnh Gia Lai",
        "code": "23926",
        "parent_code": "632"
    },
    "23929": {
        "name": "Ia Ga",
        "type": "xa",
        "slug": "ia-ga",
        "name_with_type": "Xã Ia Ga",
        "path": "Ia Ga, Chư Prông, Gia Lai",
        "path_with_type": "Xã Ia Ga, Huyện Chư Prông, Tỉnh Gia Lai",
        "code": "23929",
        "parent_code": "632"
    },
    "23932": {
        "name": "Ia Lâu",
        "type": "xa",
        "slug": "ia-lau",
        "name_with_type": "Xã Ia Lâu",
        "path": "Ia Lâu, Chư Prông, Gia Lai",
        "path_with_type": "Xã Ia Lâu, Huyện Chư Prông, Tỉnh Gia Lai",
        "code": "23932",
        "parent_code": "632"
    },
    "23935": {
        "name": "Ia Piơr",
        "type": "xa",
        "slug": "ia-pior",
        "name_with_type": "Xã Ia Piơr",
        "path": "Ia Piơr, Chư Prông, Gia Lai",
        "path_with_type": "Xã Ia Piơr, Huyện Chư Prông, Tỉnh Gia Lai",
        "code": "23935",
        "parent_code": "632"
    },
    "23938": {
        "name": "Ia Mơ",
        "type": "xa",
        "slug": "ia-mo",
        "name_with_type": "Xã Ia Mơ",
        "path": "Ia Mơ, Chư Prông, Gia Lai",
        "path_with_type": "Xã Ia Mơ, Huyện Chư Prông, Tỉnh Gia Lai",
        "code": "23938",
        "parent_code": "632"
    }
}