{
    "23941": {
        "name": "Chư Sê",
        "type": "thi-tran",
        "slug": "chu-se",
        "name_with_type": "Thị trấn Chư Sê",
        "path": "Chư Sê, Chư Sê, Gia Lai",
        "path_with_type": "Thị trấn Chư Sê, Huyện Chư Sê, Tỉnh Gia Lai",
        "code": "23941",
        "parent_code": "633"
    },
    "23944": {
        "name": "Ia Tiêm",
        "type": "xa",
        "slug": "ia-tiem",
        "name_with_type": "Xã Ia Tiêm",
        "path": "Ia Tiêm, Chư Sê, Gia Lai",
        "path_with_type": "Xã Ia Tiêm, Huyện Chư Sê, Tỉnh Gia Lai",
        "code": "23944",
        "parent_code": "633"
    },
    "23945": {
        "name": "Chư Pơng",
        "type": "xa",
        "slug": "chu-pong",
        "name_with_type": "Xã Chư Pơng",
        "path": "Chư Pơng, Chư Sê, Gia Lai",
        "path_with_type": "Xã Chư Pơng, Huyện Chư Sê, Tỉnh Gia Lai",
        "code": "23945",
        "parent_code": "633"
    },
    "23946": {
        "name": "Bar Măih",
        "type": "xa",
        "slug": "bar-maih",
        "name_with_type": "Xã Bar Măih",
        "path": "Bar Măih, Chư Sê, Gia Lai",
        "path_with_type": "Xã Bar Măih, Huyện Chư Sê, Tỉnh Gia Lai",
        "code": "23946",
        "parent_code": "633"
    },
    "23947": {
        "name": "Bờ Ngoong",
        "type": "xa",
        "slug": "bo-ngoong",
        "name_with_type": "Xã Bờ Ngoong",
        "path": "Bờ Ngoong, Chư Sê, Gia Lai",
        "path_with_type": "Xã Bờ Ngoong, Huyện Chư Sê, Tỉnh Gia Lai",
        "code": "23947",
        "parent_code": "633"
    },
    "23950": {
        "name": "Ia Glai",
        "type": "xa",
        "slug": "ia-glai",
        "name_with_type": "Xã Ia Glai",
        "path": "Ia Glai, Chư Sê, Gia Lai",
        "path_with_type": "Xã Ia Glai, Huyện Chư Sê, Tỉnh Gia Lai",
        "code": "23950",
        "parent_code": "633"
    },
    "23953": {
        "name": "AL Bá",
        "type": "xa",
        "slug": "al-ba",
        "name_with_type": "Xã AL Bá",
        "path": "AL Bá, Chư Sê, Gia Lai",
        "path_with_type": "Xã AL Bá, Huyện Chư Sê, Tỉnh Gia Lai",
        "code": "23953",
        "parent_code": "633"
    },
    "23954": {
        "name": "Kông HTok",
        "type": "xa",
        "slug": "kong-htok",
        "name_with_type": "Xã Kông HTok",
        "path": "Kông HTok, Chư Sê, Gia Lai",
        "path_with_type": "Xã Kông HTok, Huyện Chư Sê, Tỉnh Gia Lai",
        "code": "23954",
        "parent_code": "633"
    },
    "23956": {
        "name": "AYun",
        "type": "xa",
        "slug": "ayun",
        "name_with_type": "Xã AYun",
        "path": "AYun, Chư Sê, Gia Lai",
        "path_with_type": "Xã AYun, Huyện Chư Sê, Tỉnh Gia Lai",
        "code": "23956",
        "parent_code": "633"
    },
    "23959": {
        "name": "Ia HLốp",
        "type": "xa",
        "slug": "ia-hlop",
        "name_with_type": "Xã Ia HLốp",
        "path": "Ia HLốp, Chư Sê, Gia Lai",
        "path_with_type": "Xã Ia HLốp, Huyện Chư Sê, Tỉnh Gia Lai",
        "code": "23959",
        "parent_code": "633"
    },
    "23962": {
        "name": "Ia Blang",
        "type": "xa",
        "slug": "ia-blang",
        "name_with_type": "Xã Ia Blang",
        "path": "Ia Blang, Chư Sê, Gia Lai",
        "path_with_type": "Xã Ia Blang, Huyện Chư Sê, Tỉnh Gia Lai",
        "code": "23962",
        "parent_code": "633"
    },
    "23965": {
        "name": "Dun",
        "type": "xa",
        "slug": "dun",
        "name_with_type": "Xã Dun",
        "path": "Dun, Chư Sê, Gia Lai",
        "path_with_type": "Xã Dun, Huyện Chư Sê, Tỉnh Gia Lai",
        "code": "23965",
        "parent_code": "633"
    },
    "23966": {
        "name": "Ia Pal",
        "type": "xa",
        "slug": "ia-pal",
        "name_with_type": "Xã Ia Pal",
        "path": "Ia Pal, Chư Sê, Gia Lai",
        "path_with_type": "Xã Ia Pal, Huyện Chư Sê, Tỉnh Gia Lai",
        "code": "23966",
        "parent_code": "633"
    },
    "23968": {
        "name": "H Bông",
        "type": "xa",
        "slug": "h-bong",
        "name_with_type": "Xã H Bông",
        "path": "H Bông, Chư Sê, Gia Lai",
        "path_with_type": "Xã H Bông, Huyện Chư Sê, Tỉnh Gia Lai",
        "code": "23968",
        "parent_code": "633"
    },
    "23977": {
        "name": "Ia Ko",
        "type": "xa",
        "slug": "ia-ko",
        "name_with_type": "Xã Ia Ko",
        "path": "Ia Ko, Chư Sê, Gia Lai",
        "path_with_type": "Xã Ia Ko, Huyện Chư Sê, Tỉnh Gia Lai",
        "code": "23977",
        "parent_code": "633"
    }
}