{
    "24076": {
        "name": "Phú Túc",
        "type": "thi-tran",
        "slug": "phu-tuc",
        "name_with_type": "Thị trấn Phú Túc",
        "path": "Phú Túc, Krông Pa, Gia Lai",
        "path_with_type": "Thị trấn Phú Túc, Huyện Krông Pa, Tỉnh Gia Lai",
        "code": "24076",
        "parent_code": "637"
    },
    "24079": {
        "name": "Ia RSai",
        "type": "xa",
        "slug": "ia-rsai",
        "name_with_type": "Xã Ia RSai",
        "path": "Ia RSai, Krông Pa, Gia Lai",
        "path_with_type": "Xã Ia RSai, Huyện Krông Pa, Tỉnh Gia Lai",
        "code": "24079",
        "parent_code": "637"
    },
    "24082": {
        "name": "Ia RSươm",
        "type": "xa",
        "slug": "ia-rsuom",
        "name_with_type": "Xã Ia RSươm",
        "path": "Ia RSươm, Krông Pa, Gia Lai",
        "path_with_type": "Xã Ia RSươm, Huyện Krông Pa, Tỉnh Gia Lai",
        "code": "24082",
        "parent_code": "637"
    },
    "24085": {
        "name": "Chư Gu",
        "type": "xa",
        "slug": "chu-gu",
        "name_with_type": "Xã Chư Gu",
        "path": "Chư Gu, Krông Pa, Gia Lai",
        "path_with_type": "Xã Chư Gu, Huyện Krông Pa, Tỉnh Gia Lai",
        "code": "24085",
        "parent_code": "637"
    },
    "24088": {
        "name": "Đất Bằng",
        "type": "xa",
        "slug": "dat-bang",
        "name_with_type": "Xã Đất Bằng",
        "path": "Đất Bằng, Krông Pa, Gia Lai",
        "path_with_type": "Xã Đất Bằng, Huyện Krông Pa, Tỉnh Gia Lai",
        "code": "24088",
        "parent_code": "637"
    },
    "24091": {
        "name": "Ia Mláh",
        "type": "xa",
        "slug": "ia-mlah",
        "name_with_type": "Xã Ia Mláh",
        "path": "Ia Mláh, Krông Pa, Gia Lai",
        "path_with_type": "Xã Ia Mláh, Huyện Krông Pa, Tỉnh Gia Lai",
        "code": "24091",
        "parent_code": "637"
    },
    "24094": {
        "name": "Chư Drăng",
        "type": "xa",
        "slug": "chu-drang",
        "name_with_type": "Xã Chư Drăng",
        "path": "Chư Drăng, Krông Pa, Gia Lai",
        "path_with_type": "Xã Chư Drăng, Huyện Krông Pa, Tỉnh Gia Lai",
        "code": "24094",
        "parent_code": "637"
    },
    "24097": {
        "name": "Phú Cần",
        "type": "xa",
        "slug": "phu-can",
        "name_with_type": "Xã Phú Cần",
        "path": "Phú Cần, Krông Pa, Gia Lai",
        "path_with_type": "Xã Phú Cần, Huyện Krông Pa, Tỉnh Gia Lai",
        "code": "24097",
        "parent_code": "637"
    },
    "24100": {
        "name": "Ia HDreh",
        "type": "xa",
        "slug": "ia-hdreh",
        "name_with_type": "Xã Ia HDreh",
        "path": "Ia HDreh, Krông Pa, Gia Lai",
        "path_with_type": "Xã Ia HDreh, Huyện Krông Pa, Tỉnh Gia Lai",
        "code": "24100",
        "parent_code": "637"
    },
    "24103": {
        "name": "Ia RMok",
        "type": "xa",
        "slug": "ia-rmok",
        "name_with_type": "Xã Ia RMok",
        "path": "Ia RMok, Krông Pa, Gia Lai",
        "path_with_type": "Xã Ia RMok, Huyện Krông Pa, Tỉnh Gia Lai",
        "code": "24103",
        "parent_code": "637"
    },
    "24106": {
        "name": "Chư Ngọc",
        "type": "xa",
        "slug": "chu-ngoc",
        "name_with_type": "Xã Chư Ngọc",
        "path": "Chư Ngọc, Krông Pa, Gia Lai",
        "path_with_type": "Xã Chư Ngọc, Huyện Krông Pa, Tỉnh Gia Lai",
        "code": "24106",
        "parent_code": "637"
    },
    "24109": {
        "name": "Uar",
        "type": "xa",
        "slug": "uar",
        "name_with_type": "Xã Uar",
        "path": "Uar, Krông Pa, Gia Lai",
        "path_with_type": "Xã Uar, Huyện Krông Pa, Tỉnh Gia Lai",
        "code": "24109",
        "parent_code": "637"
    },
    "24112": {
        "name": "Chư Rcăm",
        "type": "xa",
        "slug": "chu-rcam",
        "name_with_type": "Xã Chư Rcăm",
        "path": "Chư Rcăm, Krông Pa, Gia Lai",
        "path_with_type": "Xã Chư Rcăm, Huyện Krông Pa, Tỉnh Gia Lai",
        "code": "24112",
        "parent_code": "637"
    },
    "24115": {
        "name": "Krông Năng",
        "type": "xa",
        "slug": "krong-nang",
        "name_with_type": "Xã Krông Năng",
        "path": "Krông Năng, Krông Pa, Gia Lai",
        "path_with_type": "Xã Krông Năng, Huyện Krông Pa, Tỉnh Gia Lai",
        "code": "24115",
        "parent_code": "637"
    }
}