{
    "24118": {
        "name": "Tân Lập",
        "type": "phuong",
        "slug": "tan-lap",
        "name_with_type": "Phường Tân Lập",
        "path": "Tân Lập, Buôn Ma Thuột, Đắk Lắk",
        "path_with_type": "Phường Tân Lập, Thành phố Buôn Ma Thuột, Tỉnh Đắk Lắk",
        "code": "24118",
        "parent_code": "643"
    },
    "24121": {
        "name": "Tân Hòa",
        "type": "phuong",
        "slug": "tan-hoa",
        "name_with_type": "Phường Tân Hòa",
        "path": "Tân Hòa, Buôn Ma Thuột, Đắk Lắk",
        "path_with_type": "Phường Tân Hòa, Thành phố Buôn Ma Thuột, Tỉnh Đắk Lắk",
        "code": "24121",
        "parent_code": "643"
    },
    "24124": {
        "name": "Tân An",
        "type": "phuong",
        "slug": "tan-an",
        "name_with_type": "Phường Tân An",
        "path": "Tân An, Buôn Ma Thuột, Đắk Lắk",
        "path_with_type": "Phường Tân An, Thành phố Buôn Ma Thuột, Tỉnh Đắk Lắk",
        "code": "24124",
        "parent_code": "643"
    },
    "24127": {
        "name": "Thống Nhất",
        "type": "phuong",
        "slug": "thong-nhat",
        "name_with_type": "Phường Thống Nhất",
        "path": "Thống Nhất, Buôn Ma Thuột, Đắk Lắk",
        "path_with_type": "Phường Thống Nhất, Thành phố Buôn Ma Thuột, Tỉnh Đắk Lắk",
        "code": "24127",
        "parent_code": "643"
    },
    "24130": {
        "name": "Thành Nhất",
        "type": "phuong",
        "slug": "thanh-nhat",
        "name_with_type": "Phường Thành Nhất",
        "path": "Thành Nhất, Buôn Ma Thuột, Đắk Lắk",
        "path_with_type": "Phường Thành Nhất, Thành phố Buôn Ma Thuột, Tỉnh Đắk Lắk",
        "code": "24130",
        "parent_code": "643"
    },
    "24133": {
        "name": "Thắng Lợi",
        "type": "phuong",
        "slug": "thang-loi",
        "name_with_type": "Phường Thắng Lợi",
        "path": "Thắng Lợi, Buôn Ma Thuột, Đắk Lắk",
        "path_with_type": "Phường Thắng Lợi, Thành phố Buôn Ma Thuột, Tỉnh Đắk Lắk",
        "code": "24133",
        "parent_code": "643"
    },
    "24136": {
        "name": "Tân Lợi",
        "type": "phuong",
        "slug": "tan-loi",
        "name_with_type": "Phường Tân Lợi",
        "path": "Tân Lợi, Buôn Ma Thuột, Đắk Lắk",
        "path_with_type": "Phường Tân Lợi, Thành phố Buôn Ma Thuột, Tỉnh Đắk Lắk",
        "code": "24136",
        "parent_code": "643"
    },
    "24139": {
        "name": "Thành Công",
        "type": "phuong",
        "slug": "thanh-cong",
        "name_with_type": "Phường Thành Công",
        "path": "Thành Công, Buôn Ma Thuột, Đắk Lắk",
        "path_with_type": "Phường Thành Công, Thành phố Buôn Ma Thuột, Tỉnh Đắk Lắk",
        "code": "24139",
        "parent_code": "643"
    },
    "24142": {
        "name": "Tân Thành",
        "type": "phuong",
        "slug": "tan-thanh",
        "name_with_type": "Phường Tân Thành",
        "path": "Tân Thành, Buôn Ma Thuột, Đắk Lắk",
        "path_with_type": "Phường Tân Thành, Thành phố Buôn Ma Thuột, Tỉnh Đắk Lắk",
        "code": "24142",
        "parent_code": "643"
    },
    "24145": {
        "name": "Tân Tiến",
        "type": "phuong",
        "slug": "tan-tien",
        "name_with_type": "Phường Tân Tiến",
        "path": "Tân Tiến, Buôn Ma Thuột, Đắk Lắk",
        "path_with_type": "Phường Tân Tiến, Thành phố Buôn Ma Thuột, Tỉnh Đắk Lắk",
        "code": "24145",
        "parent_code": "643"
    },
    "24148": {
        "name": "Tự An",
        "type": "phuong",
        "slug": "tu-an",
        "name_with_type": "Phường Tự An",
        "path": "Tự An, Buôn Ma Thuột, Đắk Lắk",
        "path_with_type": "Phường Tự An, Thành phố Buôn Ma Thuột, Tỉnh Đắk Lắk",
        "code": "24148",
        "parent_code": "643"
    },
    "24151": {
        "name": "Ea Tam",
        "type": "phuong",
        "slug": "ea-tam",
        "name_with_type": "Phường Ea Tam",
        "path": "Ea Tam, Buôn Ma Thuột, Đắk Lắk",
        "path_with_type": "Phường Ea Tam, Thành phố Buôn Ma Thuột, Tỉnh Đắk Lắk",
        "code": "24151",
        "parent_code": "643"
    },
    "24154": {
        "name": "Khánh Xuân",
        "type": "phuong",
        "slug": "khanh-xuan",
        "name_with_type": "Phường Khánh Xuân",
        "path": "Khánh Xuân, Buôn Ma Thuột, Đắk Lắk",
        "path_with_type": "Phường Khánh Xuân, Thành phố Buôn Ma Thuột, Tỉnh Đắk Lắk",
        "code": "24154",
        "parent_code": "643"
    },
    "24157": {
        "name": "Hòa Thuận",
        "type": "xa",
        "slug": "hoa-thuan",
        "name_with_type": "Xã Hòa Thuận",
        "path": "Hòa Thuận, Buôn Ma Thuột, Đắk Lắk",
        "path_with_type": "Xã Hòa Thuận, Thành phố Buôn Ma Thuột, Tỉnh Đắk Lắk",
        "code": "24157",
        "parent_code": "643"
    },
    "24160": {
        "name": "Cư ÊBur",
        "type": "xa",
        "slug": "cu-ebur",
        "name_with_type": "Xã Cư ÊBur",
        "path": "Cư ÊBur, Buôn Ma Thuột, Đắk Lắk",
        "path_with_type": "Xã Cư ÊBur, Thành phố Buôn Ma Thuột, Tỉnh Đắk Lắk",
        "code": "24160",
        "parent_code": "643"
    },
    "24163": {
        "name": "Ea Tu",
        "type": "xa",
        "slug": "ea-tu",
        "name_with_type": "Xã Ea Tu",
        "path": "Ea Tu, Buôn Ma Thuột, Đắk Lắk",
        "path_with_type": "Xã Ea Tu, Thành phố Buôn Ma Thuột, Tỉnh Đắk Lắk",
        "code": "24163",
        "parent_code": "643"
    },
    "24166": {
        "name": "Hòa Thắng",
        "type": "xa",
        "slug": "hoa-thang",
        "name_with_type": "Xã Hòa Thắng",
        "path": "Hòa Thắng, Buôn Ma Thuột, Đắk Lắk",
        "path_with_type": "Xã Hòa Thắng, Thành phố Buôn Ma Thuột, Tỉnh Đắk Lắk",
        "code": "24166",
        "parent_code": "643"
    },
    "24169": {
        "name": "Ea Kao",
        "type": "xa",
        "slug": "ea-kao",
        "name_with_type": "Xã Ea Kao",
        "path": "Ea Kao, Buôn Ma Thuột, Đắk Lắk",
        "path_with_type": "Xã Ea Kao, Thành phố Buôn Ma Thuột, Tỉnh Đắk Lắk",
        "code": "24169",
        "parent_code": "643"
    },
    "24172": {
        "name": "Hòa Phú",
        "type": "xa",
        "slug": "hoa-phu",
        "name_with_type": "Xã Hòa Phú",
        "path": "Hòa Phú, Buôn Ma Thuột, Đắk Lắk",
        "path_with_type": "Xã Hòa Phú, Thành phố Buôn Ma Thuột, Tỉnh Đắk Lắk",
        "code": "24172",
        "parent_code": "643"
    },
    "24175": {
        "name": "Hòa Khánh",
        "type": "xa",
        "slug": "hoa-khanh",
        "name_with_type": "Xã Hòa Khánh",
        "path": "Hòa Khánh, Buôn Ma Thuột, Đắk Lắk",
        "path_with_type": "Xã Hòa Khánh, Thành phố Buôn Ma Thuột, Tỉnh Đắk Lắk",
        "code": "24175",
        "parent_code": "643"
    },
    "24178": {
        "name": "Hòa Xuân",
        "type": "xa",
        "slug": "hoa-xuan",
        "name_with_type": "Xã Hòa Xuân",
        "path": "Hòa Xuân, Buôn Ma Thuột, Đắk Lắk",
        "path_with_type": "Xã Hòa Xuân, Thành phố Buôn Ma Thuột, Tỉnh Đắk Lắk",
        "code": "24178",
        "parent_code": "643"
    }
}