{
    "24305": {
        "name": "An Lạc",
        "type": "phuong",
        "slug": "an-lac",
        "name_with_type": "Phường An Lạc",
        "path": "An Lạc, Buôn Hồ, Đắk Lắk",
        "path_with_type": "Phường An Lạc, Thị xã Buôn Hồ, Tỉnh Đắk Lắk",
        "code": "24305",
        "parent_code": "644"
    },
    "24308": {
        "name": "An Bình",
        "type": "phuong",
        "slug": "an-binh",
        "name_with_type": "Phường An Bình",
        "path": "An Bình, Buôn Hồ, Đắk Lắk",
        "path_with_type": "Phường An Bình, Thị xã Buôn Hồ, Tỉnh Đắk Lắk",
        "code": "24308",
        "parent_code": "644"
    },
    "24311": {
        "name": "Thiện An",
        "type": "phuong",
        "slug": "thien-an",
        "name_with_type": "Phường Thiện An",
        "path": "Thiện An, Buôn Hồ, Đắk Lắk",
        "path_with_type": "Phường Thiện An, Thị xã Buôn Hồ, Tỉnh Đắk Lắk",
        "code": "24311",
        "parent_code": "644"
    },
    "24318": {
        "name": "Đạt Hiếu",
        "type": "phuong",
        "slug": "dat-hieu",
        "name_with_type": "Phường Đạt Hiếu",
        "path": "Đạt Hiếu, Buôn Hồ, Đắk Lắk",
        "path_with_type": "Phường Đạt Hiếu, Thị xã Buôn Hồ, Tỉnh Đắk Lắk",
        "code": "24318",
        "parent_code": "644"
    },
    "24322": {
        "name": "Đoàn Kết",
        "type": "phuong",
        "slug": "doan-ket",
        "name_with_type": "Phường Đoàn Kết",
        "path": "Đoàn Kết, Buôn Hồ, Đắk Lắk",
        "path_with_type": "Phường Đoàn Kết, Thị xã Buôn Hồ, Tỉnh Đắk Lắk",
        "code": "24322",
        "parent_code": "644"
    },
    "24325": {
        "name": "Ea Blang",
        "type": "xa",
        "slug": "ea-blang",
        "name_with_type": "Xã Ea Blang",
        "path": "Ea Blang, Buôn Hồ, Đắk Lắk",
        "path_with_type": "Xã Ea Blang, Thị xã Buôn Hồ, Tỉnh Đắk Lắk",
        "code": "24325",
        "parent_code": "644"
    },
    "24328": {
        "name": "Ea Drông",
        "type": "xa",
        "slug": "ea-drong",
        "name_with_type": "Xã Ea Drông",
        "path": "Ea Drông, Buôn Hồ, Đắk Lắk",
        "path_with_type": "Xã Ea Drông, Thị xã Buôn Hồ, Tỉnh Đắk Lắk",
        "code": "24328",
        "parent_code": "644"
    },
    "24331": {
        "name": "Thống Nhất",
        "type": "phuong",
        "slug": "thong-nhat",
        "name_with_type": "Phường Thống Nhất",
        "path": "Thống Nhất, Buôn Hồ, Đắk Lắk",
        "path_with_type": "Phường Thống Nhất, Thị xã Buôn Hồ, Tỉnh Đắk Lắk",
        "code": "24331",
        "parent_code": "644"
    },
    "24332": {
        "name": "Bình Tân",
        "type": "phuong",
        "slug": "binh-tan",
        "name_with_type": "Phường Bình Tân",
        "path": "Bình Tân, Buôn Hồ, Đắk Lắk",
        "path_with_type": "Phường Bình Tân, Thị xã Buôn Hồ, Tỉnh Đắk Lắk",
        "code": "24332",
        "parent_code": "644"
    },
    "24334": {
        "name": "Ea Siên",
        "type": "xa",
        "slug": "ea-sien",
        "name_with_type": "Xã Ea Siên",
        "path": "Ea Siên, Buôn Hồ, Đắk Lắk",
        "path_with_type": "Xã Ea Siên, Thị xã Buôn Hồ, Tỉnh Đắk Lắk",
        "code": "24334",
        "parent_code": "644"
    },
    "24337": {
        "name": "Bình Thuận",
        "type": "xa",
        "slug": "binh-thuan",
        "name_with_type": "Xã Bình Thuận",
        "path": "Bình Thuận, Buôn Hồ, Đắk Lắk",
        "path_with_type": "Xã Bình Thuận, Thị xã Buôn Hồ, Tỉnh Đắk Lắk",
        "code": "24337",
        "parent_code": "644"
    },
    "24340": {
        "name": "Cư Bao",
        "type": "xa",
        "slug": "cu-bao",
        "name_with_type": "Xã Cư Bao",
        "path": "Cư Bao, Buôn Hồ, Đắk Lắk",
        "path_with_type": "Xã Cư Bao, Thị xã Buôn Hồ, Tỉnh Đắk Lắk",
        "code": "24340",
        "parent_code": "644"
    }
}