{
    "24181": {
        "name": "Ea Drăng",
        "type": "thi-tran",
        "slug": "ea-drang",
        "name_with_type": "Thị trấn Ea Drăng",
        "path": "Ea Drăng, Ea H'leo, Đắk Lắk",
        "path_with_type": "Thị trấn Ea Drăng, Huyện Ea H'leo, Tỉnh Đắk Lắk",
        "code": "24181",
        "parent_code": "645"
    },
    "24184": {
        "name": "Ea H'leo",
        "type": "xa",
        "slug": "ea-h-leo",
        "name_with_type": "Xã Ea H'leo",
        "path": "Ea H'leo, Ea H'leo, Đắk Lắk",
        "path_with_type": "Xã Ea H'leo, Huyện Ea H'leo, Tỉnh Đắk Lắk",
        "code": "24184",
        "parent_code": "645"
    },
    "24187": {
        "name": "Ea Sol",
        "type": "xa",
        "slug": "ea-sol",
        "name_with_type": "Xã Ea Sol",
        "path": "Ea Sol, Ea H'leo, Đắk Lắk",
        "path_with_type": "Xã Ea Sol, Huyện Ea H'leo, Tỉnh Đắk Lắk",
        "code": "24187",
        "parent_code": "645"
    },
    "24190": {
        "name": "Ea Ral",
        "type": "xa",
        "slug": "ea-ral",
        "name_with_type": "Xã Ea Ral",
        "path": "Ea Ral, Ea H'leo, Đắk Lắk",
        "path_with_type": "Xã Ea Ral, Huyện Ea H'leo, Tỉnh Đắk Lắk",
        "code": "24190",
        "parent_code": "645"
    },
    "24193": {
        "name": "Ea Wy",
        "type": "xa",
        "slug": "ea-wy",
        "name_with_type": "Xã Ea Wy",
        "path": "Ea Wy, Ea H'leo, Đắk Lắk",
        "path_with_type": "Xã Ea Wy, Huyện Ea H'leo, Tỉnh Đắk Lắk",
        "code": "24193",
        "parent_code": "645"
    },
    "24194": {
        "name": "Cư A Mung",
        "type": "xa",
        "slug": "cu-a-mung",
        "name_with_type": "Xã Cư A Mung",
        "path": "Cư A Mung, Ea H'leo, Đắk Lắk",
        "path_with_type": "Xã Cư A Mung, Huyện Ea H'leo, Tỉnh Đắk Lắk",
        "code": "24194",
        "parent_code": "645"
    },
    "24196": {
        "name": "Cư Mốt",
        "type": "xa",
        "slug": "cu-mot",
        "name_with_type": "Xã Cư Mốt",
        "path": "Cư Mốt, Ea H'leo, Đắk Lắk",
        "path_with_type": "Xã Cư Mốt, Huyện Ea H'leo, Tỉnh Đắk Lắk",
        "code": "24196",
        "parent_code": "645"
    },
    "24199": {
        "name": "Ea Hiao",
        "type": "xa",
        "slug": "ea-hiao",
        "name_with_type": "Xã Ea Hiao",
        "path": "Ea Hiao, Ea H'leo, Đắk Lắk",
        "path_with_type": "Xã Ea Hiao, Huyện Ea H'leo, Tỉnh Đắk Lắk",
        "code": "24199",
        "parent_code": "645"
    },
    "24202": {
        "name": "Ea Khal",
        "type": "xa",
        "slug": "ea-khal",
        "name_with_type": "Xã Ea Khal",
        "path": "Ea Khal, Ea H'leo, Đắk Lắk",
        "path_with_type": "Xã Ea Khal, Huyện Ea H'leo, Tỉnh Đắk Lắk",
        "code": "24202",
        "parent_code": "645"
    },
    "24205": {
        "name": "Dlê Yang",
        "type": "xa",
        "slug": "dle-yang",
        "name_with_type": "Xã Dlê Yang",
        "path": "Dlê Yang, Ea H'leo, Đắk Lắk",
        "path_with_type": "Xã Dlê Yang, Huyện Ea H'leo, Tỉnh Đắk Lắk",
        "code": "24205",
        "parent_code": "645"
    },
    "24207": {
        "name": "Ea Tir",
        "type": "xa",
        "slug": "ea-tir",
        "name_with_type": "Xã Ea Tir",
        "path": "Ea Tir, Ea H'leo, Đắk Lắk",
        "path_with_type": "Xã Ea Tir, Huyện Ea H'leo, Tỉnh Đắk Lắk",
        "code": "24207",
        "parent_code": "645"
    },
    "24208": {
        "name": "Ea Nam",
        "type": "xa",
        "slug": "ea-nam",
        "name_with_type": "Xã Ea Nam",
        "path": "Ea Nam, Ea H'leo, Đắk Lắk",
        "path_with_type": "Xã Ea Nam, Huyện Ea H'leo, Tỉnh Đắk Lắk",
        "code": "24208",
        "parent_code": "645"
    }
}