{
    "24235": {
        "name": "Krông Na",
        "type": "xa",
        "slug": "krong-na",
        "name_with_type": "Xã Krông Na",
        "path": "Krông Na, Buôn Đôn, Đắk Lắk",
        "path_with_type": "Xã Krông Na, Huyện Buôn Đôn, Tỉnh Đắk Lắk",
        "code": "24235",
        "parent_code": "647"
    },
    "24238": {
        "name": "Ea Huar",
        "type": "xa",
        "slug": "ea-huar",
        "name_with_type": "Xã Ea Huar",
        "path": "Ea Huar, Buôn Đôn, Đắk Lắk",
        "path_with_type": "Xã Ea Huar, Huyện Buôn Đôn, Tỉnh Đắk Lắk",
        "code": "24238",
        "parent_code": "647"
    },
    "24241": {
        "name": "Ea Wer",
        "type": "xa",
        "slug": "ea-wer",
        "name_with_type": "Xã Ea Wer",
        "path": "Ea Wer, Buôn Đôn, Đắk Lắk",
        "path_with_type": "Xã Ea Wer, Huyện Buôn Đôn, Tỉnh Đắk Lắk",
        "code": "24241",
        "parent_code": "647"
    },
    "24244": {
        "name": "Tân Hoà",
        "type": "xa",
        "slug": "tan-hoa",
        "name_with_type": "Xã Tân Hoà",
        "path": "Tân Hoà, Buôn Đôn, Đắk Lắk",
        "path_with_type": "Xã Tân Hoà, Huyện Buôn Đôn, Tỉnh Đắk Lắk",
        "code": "24244",
        "parent_code": "647"
    },
    "24247": {
        "name": "Cuôr KNia",
        "type": "xa",
        "slug": "cuor-knia",
        "name_with_type": "Xã Cuôr KNia",
        "path": "Cuôr KNia, Buôn Đôn, Đắk Lắk",
        "path_with_type": "Xã Cuôr KNia, Huyện Buôn Đôn, Tỉnh Đắk Lắk",
        "code": "24247",
        "parent_code": "647"
    },
    "24250": {
        "name": "Ea Bar",
        "type": "xa",
        "slug": "ea-bar",
        "name_with_type": "Xã Ea Bar",
        "path": "Ea Bar, Buôn Đôn, Đắk Lắk",
        "path_with_type": "Xã Ea Bar, Huyện Buôn Đôn, Tỉnh Đắk Lắk",
        "code": "24250",
        "parent_code": "647"
    },
    "24253": {
        "name": "Ea Nuôl",
        "type": "xa",
        "slug": "ea-nuol",
        "name_with_type": "Xã Ea Nuôl",
        "path": "Ea Nuôl, Buôn Đôn, Đắk Lắk",
        "path_with_type": "Xã Ea Nuôl, Huyện Buôn Đôn, Tỉnh Đắk Lắk",
        "code": "24253",
        "parent_code": "647"
    }
}