{
    "24256": {
        "name": "Ea Pốk",
        "type": "thi-tran",
        "slug": "ea-pok",
        "name_with_type": "Thị trấn Ea Pốk",
        "path": "Ea Pốk, Cư M'gar, Đắk Lắk",
        "path_with_type": "Thị trấn Ea Pốk, Huyện Cư M'gar, Tỉnh Đắk Lắk",
        "code": "24256",
        "parent_code": "648"
    },
    "24259": {
        "name": "Quảng Phú",
        "type": "thi-tran",
        "slug": "quang-phu",
        "name_with_type": "Thị trấn Quảng Phú",
        "path": "Quảng Phú, Cư M'gar, Đắk Lắk",
        "path_with_type": "Thị trấn Quảng Phú, Huyện Cư M'gar, Tỉnh Đắk Lắk",
        "code": "24259",
        "parent_code": "648"
    },
    "24262": {
        "name": "Quảng Tiến",
        "type": "xa",
        "slug": "quang-tien",
        "name_with_type": "Xã Quảng Tiến",
        "path": "Quảng Tiến, Cư M'gar, Đắk Lắk",
        "path_with_type": "Xã Quảng Tiến, Huyện Cư M'gar, Tỉnh Đắk Lắk",
        "code": "24262",
        "parent_code": "648"
    },
    "24264": {
        "name": "Ea Kuêh",
        "type": "xa",
        "slug": "ea-kueh",
        "name_with_type": "Xã Ea Kuêh",
        "path": "Ea Kuêh, Cư M'gar, Đắk Lắk",
        "path_with_type": "Xã Ea Kuêh, Huyện Cư M'gar, Tỉnh Đắk Lắk",
        "code": "24264",
        "parent_code": "648"
    },
    "24265": {
        "name": "Ea Kiết",
        "type": "xa",
        "slug": "ea-kiet",
        "name_with_type": "Xã Ea Kiết",
        "path": "Ea Kiết, Cư M'gar, Đắk Lắk",
        "path_with_type": "Xã Ea Kiết, Huyện Cư M'gar, Tỉnh Đắk Lắk",
        "code": "24265",
        "parent_code": "648"
    },
    "24268": {
        "name": "Ea Tar",
        "type": "xa",
        "slug": "ea-tar",
        "name_with_type": "Xã Ea Tar",
        "path": "Ea Tar, Cư M'gar, Đắk Lắk",
        "path_with_type": "Xã Ea Tar, Huyện Cư M'gar, Tỉnh Đắk Lắk",
        "code": "24268",
        "parent_code": "648"
    },
    "24271": {
        "name": "Cư Dliê M'nông",
        "type": "xa",
        "slug": "cu-dlie-m-nong",
        "name_with_type": "Xã Cư Dliê M'nông",
        "path": "Cư Dliê M'nông, Cư M'gar, Đắk Lắk",
        "path_with_type": "Xã Cư Dliê M'nông, Huyện Cư M'gar, Tỉnh Đắk Lắk",
        "code": "24271",
        "parent_code": "648"
    },
    "24274": {
        "name": "Ea H'đinh",
        "type": "xa",
        "slug": "ea-h-dinh",
        "name_with_type": "Xã Ea H'đinh",
        "path": "Ea H'đinh, Cư M'gar, Đắk Lắk",
        "path_with_type": "Xã Ea H'đinh, Huyện Cư M'gar, Tỉnh Đắk Lắk",
        "code": "24274",
        "parent_code": "648"
    },
    "24277": {
        "name": "Ea Tul",
        "type": "xa",
        "slug": "ea-tul",
        "name_with_type": "Xã Ea Tul",
        "path": "Ea Tul, Cư M'gar, Đắk Lắk",
        "path_with_type": "Xã Ea Tul, Huyện Cư M'gar, Tỉnh Đắk Lắk",
        "code": "24277",
        "parent_code": "648"
    },
    "24280": {
        "name": "Ea KPam",
        "type": "xa",
        "slug": "ea-kpam",
        "name_with_type": "Xã Ea KPam",
        "path": "Ea KPam, Cư M'gar, Đắk Lắk",
        "path_with_type": "Xã Ea KPam, Huyện Cư M'gar, Tỉnh Đắk Lắk",
        "code": "24280",
        "parent_code": "648"
    },
    "24283": {
        "name": "Ea M'DRóh",
        "type": "xa",
        "slug": "ea-m-droh",
        "name_with_type": "Xã Ea M'DRóh",
        "path": "Ea M'DRóh, Cư M'gar, Đắk Lắk",
        "path_with_type": "Xã Ea M'DRóh, Huyện Cư M'gar, Tỉnh Đắk Lắk",
        "code": "24283",
        "parent_code": "648"
    },
    "24286": {
        "name": "Quảng Hiệp",
        "type": "xa",
        "slug": "quang-hiep",
        "name_with_type": "Xã Quảng Hiệp",
        "path": "Quảng Hiệp, Cư M'gar, Đắk Lắk",
        "path_with_type": "Xã Quảng Hiệp, Huyện Cư M'gar, Tỉnh Đắk Lắk",
        "code": "24286",
        "parent_code": "648"
    },
    "24289": {
        "name": "Cư M'gar",
        "type": "xa",
        "slug": "cu-m-gar",
        "name_with_type": "Xã Cư M'gar",
        "path": "Cư M'gar, Cư M'gar, Đắk Lắk",
        "path_with_type": "Xã Cư M'gar, Huyện Cư M'gar, Tỉnh Đắk Lắk",
        "code": "24289",
        "parent_code": "648"
    },
    "24292": {
        "name": "Ea D'Rơng",
        "type": "xa",
        "slug": "ea-d-rong",
        "name_with_type": "Xã Ea D'Rơng",
        "path": "Ea D'Rơng, Cư M'gar, Đắk Lắk",
        "path_with_type": "Xã Ea D'Rơng, Huyện Cư M'gar, Tỉnh Đắk Lắk",
        "code": "24292",
        "parent_code": "648"
    },
    "24295": {
        "name": "Ea M'nang",
        "type": "xa",
        "slug": "ea-m-nang",
        "name_with_type": "Xã Ea M'nang",
        "path": "Ea M'nang, Cư M'gar, Đắk Lắk",
        "path_with_type": "Xã Ea M'nang, Huyện Cư M'gar, Tỉnh Đắk Lắk",
        "code": "24295",
        "parent_code": "648"
    },
    "24298": {
        "name": "Cư Suê",
        "type": "xa",
        "slug": "cu-sue",
        "name_with_type": "Xã Cư Suê",
        "path": "Cư Suê, Cư M'gar, Đắk Lắk",
        "path_with_type": "Xã Cư Suê, Huyện Cư M'gar, Tỉnh Đắk Lắk",
        "code": "24298",
        "parent_code": "648"
    },
    "24301": {
        "name": "Cuor Đăng",
        "type": "xa",
        "slug": "cuor-dang",
        "name_with_type": "Xã Cuor Đăng",
        "path": "Cuor Đăng, Cư M'gar, Đắk Lắk",
        "path_with_type": "Xã Cuor Đăng, Huyện Cư M'gar, Tỉnh Đắk Lắk",
        "code": "24301",
        "parent_code": "648"
    }
}