{
    "24307": {
        "name": "Cư Né",
        "type": "xa",
        "slug": "cu-ne",
        "name_with_type": "Xã Cư Né",
        "path": "Cư Né, Krông Búk, Đắk Lắk",
        "path_with_type": "Xã Cư Né, Huyện Krông Búk, Tỉnh Đắk Lắk",
        "code": "24307",
        "parent_code": "649"
    },
    "24310": {
        "name": "Chư KBô",
        "type": "xa",
        "slug": "chu-kbo",
        "name_with_type": "Xã Chư KBô",
        "path": "Chư KBô, Krông Búk, Đắk Lắk",
        "path_with_type": "Xã Chư KBô, Huyện Krông Búk, Tỉnh Đắk Lắk",
        "code": "24310",
        "parent_code": "649"
    },
    "24313": {
        "name": "Cư Pơng",
        "type": "xa",
        "slug": "cu-pong",
        "name_with_type": "Xã Cư Pơng",
        "path": "Cư Pơng, Krông Búk, Đắk Lắk",
        "path_with_type": "Xã Cư Pơng, Huyện Krông Búk, Tỉnh Đắk Lắk",
        "code": "24313",
        "parent_code": "649"
    },
    "24314": {
        "name": "Ea Sin",
        "type": "xa",
        "slug": "ea-sin",
        "name_with_type": "Xã Ea Sin",
        "path": "Ea Sin, Krông Búk, Đắk Lắk",
        "path_with_type": "Xã Ea Sin, Huyện Krông Búk, Tỉnh Đắk Lắk",
        "code": "24314",
        "parent_code": "649"
    },
    "24316": {
        "name": "Pơng Drang",
        "type": "xa",
        "slug": "pong-drang",
        "name_with_type": "Xã Pơng Drang",
        "path": "Pơng Drang, Krông Búk, Đắk Lắk",
        "path_with_type": "Xã Pơng Drang, Huyện Krông Búk, Tỉnh Đắk Lắk",
        "code": "24316",
        "parent_code": "649"
    },
    "24317": {
        "name": "Tân Lập",
        "type": "xa",
        "slug": "tan-lap",
        "name_with_type": "Xã Tân Lập",
        "path": "Tân Lập, Krông Búk, Đắk Lắk",
        "path_with_type": "Xã Tân Lập, Huyện Krông Búk, Tỉnh Đắk Lắk",
        "code": "24317",
        "parent_code": "649"
    },
    "24319": {
        "name": "Ea Ngai",
        "type": "xa",
        "slug": "ea-ngai",
        "name_with_type": "Xã Ea Ngai",
        "path": "Ea Ngai, Krông Búk, Đắk Lắk",
        "path_with_type": "Xã Ea Ngai, Huyện Krông Búk, Tỉnh Đắk Lắk",
        "code": "24319",
        "parent_code": "649"
    }
}