{
    "24343": {
        "name": "Krông Năng",
        "type": "thi-tran",
        "slug": "krong-nang",
        "name_with_type": "Thị trấn Krông Năng",
        "path": "Krông Năng, Krông Năng, Đắk Lắk",
        "path_with_type": "Thị trấn Krông Năng, Huyện Krông Năng, Tỉnh Đắk Lắk",
        "code": "24343",
        "parent_code": "650"
    },
    "24346": {
        "name": "ĐLiê Ya",
        "type": "xa",
        "slug": "dlie-ya",
        "name_with_type": "Xã ĐLiê Ya",
        "path": "ĐLiê Ya, Krông Năng, Đắk Lắk",
        "path_with_type": "Xã ĐLiê Ya, Huyện Krông Năng, Tỉnh Đắk Lắk",
        "code": "24346",
        "parent_code": "650"
    },
    "24349": {
        "name": "Ea Tóh",
        "type": "xa",
        "slug": "ea-toh",
        "name_with_type": "Xã Ea Tóh",
        "path": "Ea Tóh, Krông Năng, Đắk Lắk",
        "path_with_type": "Xã Ea Tóh, Huyện Krông Năng, Tỉnh Đắk Lắk",
        "code": "24349",
        "parent_code": "650"
    },
    "24352": {
        "name": "Ea Tam",
        "type": "xa",
        "slug": "ea-tam",
        "name_with_type": "Xã Ea Tam",
        "path": "Ea Tam, Krông Năng, Đắk Lắk",
        "path_with_type": "Xã Ea Tam, Huyện Krông Năng, Tỉnh Đắk Lắk",
        "code": "24352",
        "parent_code": "650"
    },
    "24355": {
        "name": "Phú Lộc",
        "type": "xa",
        "slug": "phu-loc",
        "name_with_type": "Xã Phú Lộc",
        "path": "Phú Lộc, Krông Năng, Đắk Lắk",
        "path_with_type": "Xã Phú Lộc, Huyện Krông Năng, Tỉnh Đắk Lắk",
        "code": "24355",
        "parent_code": "650"
    },
    "24358": {
        "name": "Tam Giang",
        "type": "xa",
        "slug": "tam-giang",
        "name_with_type": "Xã Tam Giang",
        "path": "Tam Giang, Krông Năng, Đắk Lắk",
        "path_with_type": "Xã Tam Giang, Huyện Krông Năng, Tỉnh Đắk Lắk",
        "code": "24358",
        "parent_code": "650"
    },
    "24359": {
        "name": "Ea Puk",
        "type": "xa",
        "slug": "ea-puk",
        "name_with_type": "Xã Ea Puk",
        "path": "Ea Puk, Krông Năng, Đắk Lắk",
        "path_with_type": "Xã Ea Puk, Huyện Krông Năng, Tỉnh Đắk Lắk",
        "code": "24359",
        "parent_code": "650"
    },
    "24360": {
        "name": "Ea Dăh",
        "type": "xa",
        "slug": "ea-dah",
        "name_with_type": "Xã Ea Dăh",
        "path": "Ea Dăh, Krông Năng, Đắk Lắk",
        "path_with_type": "Xã Ea Dăh, Huyện Krông Năng, Tỉnh Đắk Lắk",
        "code": "24360",
        "parent_code": "650"
    },
    "24361": {
        "name": "Ea Hồ",
        "type": "xa",
        "slug": "ea-ho",
        "name_with_type": "Xã Ea Hồ",
        "path": "Ea Hồ, Krông Năng, Đắk Lắk",
        "path_with_type": "Xã Ea Hồ, Huyện Krông Năng, Tỉnh Đắk Lắk",
        "code": "24361",
        "parent_code": "650"
    },
    "24364": {
        "name": "Phú Xuân",
        "type": "xa",
        "slug": "phu-xuan",
        "name_with_type": "Xã Phú Xuân",
        "path": "Phú Xuân, Krông Năng, Đắk Lắk",
        "path_with_type": "Xã Phú Xuân, Huyện Krông Năng, Tỉnh Đắk Lắk",
        "code": "24364",
        "parent_code": "650"
    },
    "24367": {
        "name": "Cư Klông",
        "type": "xa",
        "slug": "cu-klong",
        "name_with_type": "Xã Cư Klông",
        "path": "Cư Klông, Krông Năng, Đắk Lắk",
        "path_with_type": "Xã Cư Klông, Huyện Krông Năng, Tỉnh Đắk Lắk",
        "code": "24367",
        "parent_code": "650"
    },
    "24370": {
        "name": "Ea Tân",
        "type": "xa",
        "slug": "ea-tan",
        "name_with_type": "Xã Ea Tân",
        "path": "Ea Tân, Krông Năng, Đắk Lắk",
        "path_with_type": "Xã Ea Tân, Huyện Krông Năng, Tỉnh Đắk Lắk",
        "code": "24370",
        "parent_code": "650"
    }
}