{
    "24448": {
        "name": "Krông Kmar",
        "type": "thi-tran",
        "slug": "krong-kmar",
        "name_with_type": "Thị trấn Krông Kmar",
        "path": "Krông Kmar, Krông Bông, Đắk Lắk",
        "path_with_type": "Thị trấn Krông Kmar, Huyện Krông Bông, Tỉnh Đắk Lắk",
        "code": "24448",
        "parent_code": "653"
    },
    "24451": {
        "name": "Dang Kang",
        "type": "xa",
        "slug": "dang-kang",
        "name_with_type": "Xã Dang Kang",
        "path": "Dang Kang, Krông Bông, Đắk Lắk",
        "path_with_type": "Xã Dang Kang, Huyện Krông Bông, Tỉnh Đắk Lắk",
        "code": "24451",
        "parent_code": "653"
    },
    "24454": {
        "name": "Cư KTy",
        "type": "xa",
        "slug": "cu-kty",
        "name_with_type": "Xã Cư KTy",
        "path": "Cư KTy, Krông Bông, Đắk Lắk",
        "path_with_type": "Xã Cư KTy, Huyện Krông Bông, Tỉnh Đắk Lắk",
        "code": "24454",
        "parent_code": "653"
    },
    "24457": {
        "name": "Hòa Thành",
        "type": "xa",
        "slug": "hoa-thanh",
        "name_with_type": "Xã Hòa Thành",
        "path": "Hòa Thành, Krông Bông, Đắk Lắk",
        "path_with_type": "Xã Hòa Thành, Huyện Krông Bông, Tỉnh Đắk Lắk",
        "code": "24457",
        "parent_code": "653"
    },
    "24460": {
        "name": "Hòa Tân",
        "type": "xa",
        "slug": "hoa-tan",
        "name_with_type": "Xã Hòa Tân",
        "path": "Hòa Tân, Krông Bông, Đắk Lắk",
        "path_with_type": "Xã Hòa Tân, Huyện Krông Bông, Tỉnh Đắk Lắk",
        "code": "24460",
        "parent_code": "653"
    },
    "24463": {
        "name": "Hòa Phong",
        "type": "xa",
        "slug": "hoa-phong",
        "name_with_type": "Xã Hòa Phong",
        "path": "Hòa Phong, Krông Bông, Đắk Lắk",
        "path_with_type": "Xã Hòa Phong, Huyện Krông Bông, Tỉnh Đắk Lắk",
        "code": "24463",
        "parent_code": "653"
    },
    "24466": {
        "name": "Hòa Lễ",
        "type": "xa",
        "slug": "hoa-le",
        "name_with_type": "Xã Hòa Lễ",
        "path": "Hòa Lễ, Krông Bông, Đắk Lắk",
        "path_with_type": "Xã Hòa Lễ, Huyện Krông Bông, Tỉnh Đắk Lắk",
        "code": "24466",
        "parent_code": "653"
    },
    "24469": {
        "name": "Yang Reh",
        "type": "xa",
        "slug": "yang-reh",
        "name_with_type": "Xã Yang Reh",
        "path": "Yang Reh, Krông Bông, Đắk Lắk",
        "path_with_type": "Xã Yang Reh, Huyện Krông Bông, Tỉnh Đắk Lắk",
        "code": "24469",
        "parent_code": "653"
    },
    "24472": {
        "name": "Ea Trul",
        "type": "xa",
        "slug": "ea-trul",
        "name_with_type": "Xã Ea Trul",
        "path": "Ea Trul, Krông Bông, Đắk Lắk",
        "path_with_type": "Xã Ea Trul, Huyện Krông Bông, Tỉnh Đắk Lắk",
        "code": "24472",
        "parent_code": "653"
    },
    "24475": {
        "name": "Khuê Ngọc Điền",
        "type": "xa",
        "slug": "khue-ngoc-dien",
        "name_with_type": "Xã Khuê Ngọc Điền",
        "path": "Khuê Ngọc Điền, Krông Bông, Đắk Lắk",
        "path_with_type": "Xã Khuê Ngọc Điền, Huyện Krông Bông, Tỉnh Đắk Lắk",
        "code": "24475",
        "parent_code": "653"
    },
    "24478": {
        "name": "Cư Pui",
        "type": "xa",
        "slug": "cu-pui",
        "name_with_type": "Xã Cư Pui",
        "path": "Cư Pui, Krông Bông, Đắk Lắk",
        "path_with_type": "Xã Cư Pui, Huyện Krông Bông, Tỉnh Đắk Lắk",
        "code": "24478",
        "parent_code": "653"
    },
    "24481": {
        "name": "Hòa Sơn",
        "type": "xa",
        "slug": "hoa-son",
        "name_with_type": "Xã Hòa Sơn",
        "path": "Hòa Sơn, Krông Bông, Đắk Lắk",
        "path_with_type": "Xã Hòa Sơn, Huyện Krông Bông, Tỉnh Đắk Lắk",
        "code": "24481",
        "parent_code": "653"
    },
    "24484": {
        "name": "Cư Drăm",
        "type": "xa",
        "slug": "cu-dram",
        "name_with_type": "Xã Cư Drăm",
        "path": "Cư Drăm, Krông Bông, Đắk Lắk",
        "path_with_type": "Xã Cư Drăm, Huyện Krông Bông, Tỉnh Đắk Lắk",
        "code": "24484",
        "parent_code": "653"
    },
    "24487": {
        "name": "Yang Mao",
        "type": "xa",
        "slug": "yang-mao",
        "name_with_type": "Xã Yang Mao",
        "path": "Yang Mao, Krông Bông, Đắk Lắk",
        "path_with_type": "Xã Yang Mao, Huyện Krông Bông, Tỉnh Đắk Lắk",
        "code": "24487",
        "parent_code": "653"
    }
}