{
    "24490": {
        "name": "Phước An",
        "type": "thi-tran",
        "slug": "phuoc-an",
        "name_with_type": "Thị trấn Phước An",
        "path": "Phước An, Krông Pắc, Đắk Lắk",
        "path_with_type": "Thị trấn Phước An, Huyện Krông Pắc, Tỉnh Đắk Lắk",
        "code": "24490",
        "parent_code": "654"
    },
    "24493": {
        "name": "KRông Búk",
        "type": "xa",
        "slug": "krong-buk",
        "name_with_type": "Xã KRông Búk",
        "path": "KRông Búk, Krông Pắc, Đắk Lắk",
        "path_with_type": "Xã KRông Búk, Huyện Krông Pắc, Tỉnh Đắk Lắk",
        "code": "24493",
        "parent_code": "654"
    },
    "24496": {
        "name": "Ea Kly",
        "type": "xa",
        "slug": "ea-kly",
        "name_with_type": "Xã Ea Kly",
        "path": "Ea Kly, Krông Pắc, Đắk Lắk",
        "path_with_type": "Xã Ea Kly, Huyện Krông Pắc, Tỉnh Đắk Lắk",
        "code": "24496",
        "parent_code": "654"
    },
    "24499": {
        "name": "Ea Kênh",
        "type": "xa",
        "slug": "ea-kenh",
        "name_with_type": "Xã Ea Kênh",
        "path": "Ea Kênh, Krông Pắc, Đắk Lắk",
        "path_with_type": "Xã Ea Kênh, Huyện Krông Pắc, Tỉnh Đắk Lắk",
        "code": "24499",
        "parent_code": "654"
    },
    "24502": {
        "name": "Ea Phê",
        "type": "xa",
        "slug": "ea-phe",
        "name_with_type": "Xã Ea Phê",
        "path": "Ea Phê, Krông Pắc, Đắk Lắk",
        "path_with_type": "Xã Ea Phê, Huyện Krông Pắc, Tỉnh Đắk Lắk",
        "code": "24502",
        "parent_code": "654"
    },
    "24505": {
        "name": "Ea KNuec",
        "type": "xa",
        "slug": "ea-knuec",
        "name_with_type": "Xã Ea KNuec",
        "path": "Ea KNuec, Krông Pắc, Đắk Lắk",
        "path_with_type": "Xã Ea KNuec, Huyện Krông Pắc, Tỉnh Đắk Lắk",
        "code": "24505",
        "parent_code": "654"
    },
    "24508": {
        "name": "Ea Yông",
        "type": "xa",
        "slug": "ea-yong",
        "name_with_type": "Xã Ea Yông",
        "path": "Ea Yông, Krông Pắc, Đắk Lắk",
        "path_with_type": "Xã Ea Yông, Huyện Krông Pắc, Tỉnh Đắk Lắk",
        "code": "24508",
        "parent_code": "654"
    },
    "24511": {
        "name": "Hòa An",
        "type": "xa",
        "slug": "hoa-an",
        "name_with_type": "Xã Hòa An",
        "path": "Hòa An, Krông Pắc, Đắk Lắk",
        "path_with_type": "Xã Hòa An, Huyện Krông Pắc, Tỉnh Đắk Lắk",
        "code": "24511",
        "parent_code": "654"
    },
    "24514": {
        "name": "Ea Kuăng",
        "type": "xa",
        "slug": "ea-kuang",
        "name_with_type": "Xã Ea Kuăng",
        "path": "Ea Kuăng, Krông Pắc, Đắk Lắk",
        "path_with_type": "Xã Ea Kuăng, Huyện Krông Pắc, Tỉnh Đắk Lắk",
        "code": "24514",
        "parent_code": "654"
    },
    "24517": {
        "name": "Hòa Đông",
        "type": "xa",
        "slug": "hoa-dong",
        "name_with_type": "Xã Hòa Đông",
        "path": "Hòa Đông, Krông Pắc, Đắk Lắk",
        "path_with_type": "Xã Hòa Đông, Huyện Krông Pắc, Tỉnh Đắk Lắk",
        "code": "24517",
        "parent_code": "654"
    },
    "24520": {
        "name": "Ea Hiu",
        "type": "xa",
        "slug": "ea-hiu",
        "name_with_type": "Xã Ea Hiu",
        "path": "Ea Hiu, Krông Pắc, Đắk Lắk",
        "path_with_type": "Xã Ea Hiu, Huyện Krông Pắc, Tỉnh Đắk Lắk",
        "code": "24520",
        "parent_code": "654"
    },
    "24523": {
        "name": "Hòa Tiến",
        "type": "xa",
        "slug": "hoa-tien",
        "name_with_type": "Xã Hòa Tiến",
        "path": "Hòa Tiến, Krông Pắc, Đắk Lắk",
        "path_with_type": "Xã Hòa Tiến, Huyện Krông Pắc, Tỉnh Đắk Lắk",
        "code": "24523",
        "parent_code": "654"
    },
    "24526": {
        "name": "Tân Tiến",
        "type": "xa",
        "slug": "tan-tien",
        "name_with_type": "Xã Tân Tiến",
        "path": "Tân Tiến, Krông Pắc, Đắk Lắk",
        "path_with_type": "Xã Tân Tiến, Huyện Krông Pắc, Tỉnh Đắk Lắk",
        "code": "24526",
        "parent_code": "654"
    },
    "24529": {
        "name": "Vụ Bổn",
        "type": "xa",
        "slug": "vu-bon",
        "name_with_type": "Xã Vụ Bổn",
        "path": "Vụ Bổn, Krông Pắc, Đắk Lắk",
        "path_with_type": "Xã Vụ Bổn, Huyện Krông Pắc, Tỉnh Đắk Lắk",
        "code": "24529",
        "parent_code": "654"
    },
    "24532": {
        "name": "Ea Uy",
        "type": "xa",
        "slug": "ea-uy",
        "name_with_type": "Xã Ea Uy",
        "path": "Ea Uy, Krông Pắc, Đắk Lắk",
        "path_with_type": "Xã Ea Uy, Huyện Krông Pắc, Tỉnh Đắk Lắk",
        "code": "24532",
        "parent_code": "654"
    },
    "24535": {
        "name": "Ea Yiêng",
        "type": "xa",
        "slug": "ea-yieng",
        "name_with_type": "Xã Ea Yiêng",
        "path": "Ea Yiêng, Krông Pắc, Đắk Lắk",
        "path_with_type": "Xã Ea Yiêng, Huyện Krông Pắc, Tỉnh Đắk Lắk",
        "code": "24535",
        "parent_code": "654"
    }
}