{
    "24538": {
        "name": "Buôn Trấp",
        "type": "thi-tran",
        "slug": "buon-trap",
        "name_with_type": "Thị trấn Buôn Trấp",
        "path": "Buôn Trấp, Krông A Na, Đắk Lắk",
        "path_with_type": "Thị trấn Buôn Trấp, Huyện Krông A Na, Tỉnh Đắk Lắk",
        "code": "24538",
        "parent_code": "655"
    },
    "24556": {
        "name": "Dray Sáp",
        "type": "xa",
        "slug": "dray-sap",
        "name_with_type": "Xã Dray Sáp",
        "path": "Dray Sáp, Krông A Na, Đắk Lắk",
        "path_with_type": "Xã Dray Sáp, Huyện Krông A Na, Tỉnh Đắk Lắk",
        "code": "24556",
        "parent_code": "655"
    },
    "24559": {
        "name": "Ea Na",
        "type": "xa",
        "slug": "ea-na",
        "name_with_type": "Xã Ea Na",
        "path": "Ea Na, Krông A Na, Đắk Lắk",
        "path_with_type": "Xã Ea Na, Huyện Krông A Na, Tỉnh Đắk Lắk",
        "code": "24559",
        "parent_code": "655"
    },
    "24565": {
        "name": "Ea Bông",
        "type": "xa",
        "slug": "ea-bong",
        "name_with_type": "Xã Ea Bông",
        "path": "Ea Bông, Krông A Na, Đắk Lắk",
        "path_with_type": "Xã Ea Bông, Huyện Krông A Na, Tỉnh Đắk Lắk",
        "code": "24565",
        "parent_code": "655"
    },
    "24568": {
        "name": "Băng A Drênh",
        "type": "xa",
        "slug": "bang-a-drenh",
        "name_with_type": "Xã Băng A Drênh",
        "path": "Băng A Drênh, Krông A Na, Đắk Lắk",
        "path_with_type": "Xã Băng A Drênh, Huyện Krông A Na, Tỉnh Đắk Lắk",
        "code": "24568",
        "parent_code": "655"
    },
    "24571": {
        "name": "Dur KMăl",
        "type": "xa",
        "slug": "dur-kmal",
        "name_with_type": "Xã Dur KMăl",
        "path": "Dur KMăl, Krông A Na, Đắk Lắk",
        "path_with_type": "Xã Dur KMăl, Huyện Krông A Na, Tỉnh Đắk Lắk",
        "code": "24571",
        "parent_code": "655"
    },
    "24574": {
        "name": "Bình Hòa",
        "type": "xa",
        "slug": "binh-hoa",
        "name_with_type": "Xã Bình Hòa",
        "path": "Bình Hòa, Krông A Na, Đắk Lắk",
        "path_with_type": "Xã Bình Hòa, Huyện Krông A Na, Tỉnh Đắk Lắk",
        "code": "24574",
        "parent_code": "655"
    },
    "24577": {
        "name": "Quảng Điền",
        "type": "xa",
        "slug": "quang-dien",
        "name_with_type": "Xã Quảng Điền",
        "path": "Quảng Điền, Krông A Na, Đắk Lắk",
        "path_with_type": "Xã Quảng Điền, Huyện Krông A Na, Tỉnh Đắk Lắk",
        "code": "24577",
        "parent_code": "655"
    }
}